ISO-10303-21;
HEADER;
/* Generated by software containing ST-Developer
 * from STEP Tools, Inc. (www.steptools.com) 
 */

FILE_DESCRIPTION(
/* description */ (''),
/* implementation_level */ '2;1');

FILE_NAME(
/* name */ 'Weathermodule.step',
/* time_stamp */ '2025-06-22T13:08:55-04:00',
/* author */ (''),
/* organization */ (''),
/* preprocessor_version */ 'ST-DEVELOPER v20.1',
/* originating_system */ 'Autodesk Translation Framework v14.10.0.0',
/* authorisation */ '');

FILE_SCHEMA (('AUTOMOTIVE_DESIGN { 1 0 10303 214 3 1 1 }'));
ENDSEC;

DATA;
#10=MECHANICAL_DESIGN_GEOMETRIC_PRESENTATION_REPRESENTATION('',(#132,#133,
#134,#135,#136,#137),#7464);
#11=ITEM_DEFINED_TRANSFORMATION($,$,#3726,#4213);
#12=ITEM_DEFINED_TRANSFORMATION($,$,#3786,#4214);
#13=ITEM_DEFINED_TRANSFORMATION($,$,#3835,#4215);
#14=ITEM_DEFINED_TRANSFORMATION($,$,#4194,#4216);
#15=ITEM_DEFINED_TRANSFORMATION($,$,#4201,#4217);
#16=ITEM_DEFINED_TRANSFORMATION($,$,#4207,#4218);
#17=(
REPRESENTATION_RELATIONSHIP($,$,#7490,#7489)
REPRESENTATION_RELATIONSHIP_WITH_TRANSFORMATION(#11)
SHAPE_REPRESENTATION_RELATIONSHIP()
);
#18=(
REPRESENTATION_RELATIONSHIP($,$,#7491,#7489)
REPRESENTATION_RELATIONSHIP_WITH_TRANSFORMATION(#12)
SHAPE_REPRESENTATION_RELATIONSHIP()
);
#19=(
REPRESENTATION_RELATIONSHIP($,$,#7492,#7489)
REPRESENTATION_RELATIONSHIP_WITH_TRANSFORMATION(#13)
SHAPE_REPRESENTATION_RELATIONSHIP()
);
#20=(
REPRESENTATION_RELATIONSHIP($,$,#7493,#7489)
REPRESENTATION_RELATIONSHIP_WITH_TRANSFORMATION(#14)
SHAPE_REPRESENTATION_RELATIONSHIP()
);
#21=(
REPRESENTATION_RELATIONSHIP($,$,#7494,#7489)
REPRESENTATION_RELATIONSHIP_WITH_TRANSFORMATION(#15)
SHAPE_REPRESENTATION_RELATIONSHIP()
);
#22=(
REPRESENTATION_RELATIONSHIP($,$,#7495,#7489)
REPRESENTATION_RELATIONSHIP_WITH_TRANSFORMATION(#16)
SHAPE_REPRESENTATION_RELATIONSHIP()
);
#23=CONTEXT_DEPENDENT_SHAPE_REPRESENTATION(#17,#7483);
#24=CONTEXT_DEPENDENT_SHAPE_REPRESENTATION(#18,#7484);
#25=CONTEXT_DEPENDENT_SHAPE_REPRESENTATION(#19,#7485);
#26=CONTEXT_DEPENDENT_SHAPE_REPRESENTATION(#20,#7486);
#27=CONTEXT_DEPENDENT_SHAPE_REPRESENTATION(#21,#7487);
#28=CONTEXT_DEPENDENT_SHAPE_REPRESENTATION(#22,#7488);
#29=NEXT_ASSEMBLY_USAGE_OCCURRENCE('Component28:1','Component28:1',
'Component28:1',#7497,#7498,'Component28:1');
#30=NEXT_ASSEMBLY_USAGE_OCCURRENCE('Weathercase:1','Weathercase:1',
'Weathercase:1',#7497,#7499,'Weathercase:1');
#31=NEXT_ASSEMBLY_USAGE_OCCURRENCE('Component30:1','Component30:1',
'Component30:1',#7497,#7500,'Component30:1');
#32=NEXT_ASSEMBLY_USAGE_OCCURRENCE('WeatherSensor:1','WeatherSensor:1',
'WeatherSensor:1',#7497,#7501,'WeatherSensor:1');
#33=NEXT_ASSEMBLY_USAGE_OCCURRENCE('WeatherMag:1','WeatherMag:1',
'WeatherMag:1',#7497,#7502,'WeatherMag:1');
#34=NEXT_ASSEMBLY_USAGE_OCCURRENCE('WeatherMag (1):1',
'WeatherMag (1):1','WeatherMag (1):1',#7497,#7503,'WeatherMag (1):1');
#35=TOROIDAL_SURFACE('',#3847,8.,3.);
#36=TOROIDAL_SURFACE('',#3852,8.,3.);
#37=TOROIDAL_SURFACE('',#3926,7.75,0.25);
#38=TOROIDAL_SURFACE('',#3931,7.75,0.25);
#39=TOROIDAL_SURFACE('',#3981,1.,0.25);
#40=TOROIDAL_SURFACE('',#3983,1.,0.25);
#41=TOROIDAL_SURFACE('',#3988,1.,0.25);
#42=TOROIDAL_SURFACE('',#3993,1.,0.25);
#43=TOROIDAL_SURFACE('',#3998,1.,0.25);
#44=TOROIDAL_SURFACE('',#4003,1.,0.25);
#45=TOROIDAL_SURFACE('',#4008,1.,0.25);
#46=TOROIDAL_SURFACE('',#4013,1.,0.25);
#47=TOROIDAL_SURFACE('',#4018,1.,0.25);
#48=TOROIDAL_SURFACE('',#4023,1.,0.25);
#49=TOROIDAL_SURFACE('',#4028,1.,0.25);
#50=TOROIDAL_SURFACE('',#4033,1.,0.25);
#51=TOROIDAL_SURFACE('',#4038,1.,0.25);
#52=TOROIDAL_SURFACE('',#4043,1.,0.25);
#53=TOROIDAL_SURFACE('',#4048,1.,0.25);
#54=TOROIDAL_SURFACE('',#4053,1.,0.25);
#55=TOROIDAL_SURFACE('',#4058,1.,0.25);
#56=TOROIDAL_SURFACE('',#4063,1.,0.25);
#57=TOROIDAL_SURFACE('',#4068,1.,0.25);
#58=TOROIDAL_SURFACE('',#4073,1.,0.25);
#59=TOROIDAL_SURFACE('',#4078,1.,0.25);
#60=TOROIDAL_SURFACE('',#4083,1.,0.25);
#61=TOROIDAL_SURFACE('',#4088,1.,0.25);
#62=TOROIDAL_SURFACE('',#4093,1.,0.25);
#63=TOROIDAL_SURFACE('',#4098,1.,0.25);
#64=TOROIDAL_SURFACE('',#4103,1.,0.25);
#65=TOROIDAL_SURFACE('',#4108,1.,0.25);
#66=TOROIDAL_SURFACE('',#4113,1.,0.25);
#67=TOROIDAL_SURFACE('',#4118,1.,0.25);
#68=TOROIDAL_SURFACE('',#4123,1.,0.25);
#69=TOROIDAL_SURFACE('',#4128,1.,0.25);
#70=TOROIDAL_SURFACE('',#4133,1.,0.25);
#71=TOROIDAL_SURFACE('',#4138,1.,0.25);
#72=TOROIDAL_SURFACE('',#4143,1.,0.25);
#73=TOROIDAL_SURFACE('',#4148,1.,0.25);
#74=TOROIDAL_SURFACE('',#4153,1.,0.25);
#75=TOROIDAL_SURFACE('',#4158,1.,0.25);
#76=TOROIDAL_SURFACE('',#4163,1.,0.25);
#77=TOROIDAL_SURFACE('',#4168,1.,0.25);
#78=TOROIDAL_SURFACE('',#4173,1.,0.25);
#79=TOROIDAL_SURFACE('',#4178,1.,0.25);
#80=TOROIDAL_SURFACE('',#4183,1.,0.25);
#81=TOROIDAL_SURFACE('',#4188,1.,0.25);
#82=B_SPLINE_SURFACE_WITH_KNOTS('',3,1,((#5674,#5675),(#5676,#5677),(#5678,
#5679),(#5680,#5681),(#5682,#5683),(#5684,#5685),(#5686,#5687),(#5688,#5689),
(#5690,#5691),(#5692,#5693),(#5694,#5695),(#5696,#5697),(#5698,#5699),(#5700,
#5701),(#5702,#5703),(#5704,#5705),(#5706,#5707),(#5708,#5709)),
 .UNSPECIFIED.,.F.,.F.,.F.,(4,2,2,2,2,2,2,2,4),(2,2),(-1.89864342080158,
-1.88001622347703,-1.77912407737739,-1.67545893221044,-1.57179378704349,
-1.46812864187654,-1.36446349670958,-1.26357135060994,-1.24494415328539),
(0.,0.5),.UNSPECIFIED.);
#83=B_SPLINE_SURFACE_WITH_KNOTS('',3,1,((#5739,#5740),(#5741,#5742),(#5743,
#5744),(#5745,#5746),(#5747,#5748),(#5749,#5750),(#5751,#5752),(#5753,#5754),
(#5755,#5756),(#5757,#5758),(#5759,#5760),(#5761,#5762),(#5763,#5764),(#5765,
#5766),(#5767,#5768),(#5769,#5770),(#5771,#5772),(#5773,#5774)),
 .UNSPECIFIED.,.F.,.F.,.F.,(4,2,2,2,2,2,2,2,4),(2,2),(-1.89864342080157,
-1.88001622347703,-1.77912407737738,-1.67545893221043,-1.57179378704348,
-1.46812864187653,-1.36446349670958,-1.26357135060993,-1.24494415328539),
(0.,0.5),.UNSPECIFIED.);
#84=B_SPLINE_SURFACE_WITH_KNOTS('',3,1,((#5878,#5879),(#5880,#5881),(#5882,
#5883),(#5884,#5885),(#5886,#5887),(#5888,#5889),(#5890,#5891),(#5892,#5893),
(#5894,#5895),(#5896,#5897),(#5898,#5899),(#5900,#5901),(#5902,#5903),(#5904,
#5905),(#5906,#5907),(#5908,#5909),(#5910,#5911),(#5912,#5913)),
 .UNSPECIFIED.,.F.,.F.,.F.,(4,2,2,2,2,2,2,2,4),(2,2),(-1.89864342080157,
-1.88001622347703,-1.77912407737738,-1.67545893221043,-1.57179378704348,
-1.46812864187653,-1.36446349670958,-1.26357135060993,-1.24494415328539),
(0.,0.5),.UNSPECIFIED.);
#85=B_SPLINE_SURFACE_WITH_KNOTS('',3,1,((#5960,#5961),(#5962,#5963),(#5964,
#5965),(#5966,#5967),(#5968,#5969),(#5970,#5971),(#5972,#5973),(#5974,#5975),
(#5976,#5977),(#5978,#5979),(#5980,#5981),(#5982,#5983),(#5984,#5985),(#5986,
#5987),(#5988,#5989),(#5990,#5991),(#5992,#5993),(#5994,#5995)),
 .UNSPECIFIED.,.F.,.F.,.F.,(4,2,2,2,2,2,2,2,4),(2,2),(-1.89864342080158,
-1.88001622347703,-1.77912407737739,-1.67545893221044,-1.57179378704349,
-1.46812864187654,-1.36446349670958,-1.26357135060994,-1.24494415328539),
(0.,0.5),.UNSPECIFIED.);
#86=B_SPLINE_SURFACE_WITH_KNOTS('',3,1,((#6205,#6206),(#6207,#6208),(#6209,
#6210),(#6211,#6212),(#6213,#6214),(#6215,#6216),(#6217,#6218),(#6219,#6220),
(#6221,#6222),(#6223,#6224),(#6225,#6226),(#6227,#6228),(#6229,#6230),(#6231,
#6232),(#6233,#6234),(#6235,#6236),(#6237,#6238),(#6239,#6240)),
 .UNSPECIFIED.,.F.,.F.,.F.,(4,2,2,2,2,2,2,2,4),(2,2),(1.24494415328539,
1.26357135060994,1.36446349670958,1.46812864187654,1.57179378704349,1.67545893221044,
1.77912407737739,1.88001622347703,1.89864342080158),(-0.300881529660042,
2.54),.UNSPECIFIED.);
#87=B_SPLINE_SURFACE_WITH_KNOTS('',3,1,((#6241,#6242),(#6243,#6244),(#6245,
#6246),(#6247,#6248),(#6249,#6250),(#6251,#6252),(#6253,#6254),(#6255,#6256),
(#6257,#6258),(#6259,#6260),(#6261,#6262),(#6263,#6264),(#6265,#6266),(#6267,
#6268),(#6269,#6270),(#6271,#6272),(#6273,#6274),(#6275,#6276)),
 .UNSPECIFIED.,.F.,.F.,.F.,(4,2,2,2,2,2,2,2,4),(2,2),(1.24494415328539,
1.26357135060993,1.36446349670958,1.46812864187653,1.57179378704348,1.67545893221043,
1.77912407737738,1.88001622347703,1.89864342080157),(-0.300881529660042,
2.54),.UNSPECIFIED.);
#88=B_SPLINE_SURFACE_WITH_KNOTS('',3,1,((#6364,#6365),(#6366,#6367),(#6368,
#6369),(#6370,#6371),(#6372,#6373),(#6374,#6375),(#6376,#6377),(#6378,#6379),
(#6380,#6381),(#6382,#6383),(#6384,#6385),(#6386,#6387),(#6388,#6389),(#6390,
#6391),(#6392,#6393),(#6394,#6395),(#6396,#6397),(#6398,#6399)),
 .UNSPECIFIED.,.F.,.F.,.F.,(4,2,2,2,2,2,2,2,4),(2,2),(-1.89864342080158,
-1.88001622347703,-1.77912407737739,-1.67545893221044,-1.57179378704349,
-1.46812864187654,-1.36446349670958,-1.26357135060994,-1.24494415328539),
(0.,0.399999999999999),.UNSPECIFIED.);
#89=B_SPLINE_SURFACE_WITH_KNOTS('',3,3,((#6554,#6555,#6556,#6557,#6558,
#6559,#6560,#6561),(#6562,#6563,#6564,#6565,#6566,#6567,#6568,#6569),(#6570,
#6571,#6572,#6573,#6574,#6575,#6576,#6577),(#6578,#6579,#6580,#6581,#6582,
#6583,#6584,#6585),(#6586,#6587,#6588,#6589,#6590,#6591,#6592,#6593)),
 .UNSPECIFIED.,.F.,.F.,.F.,(4,1,4),(4,1,1,1,1,4),(0.,0.5,1.),(-0.0163304994110496,
0.,0.15747342154301,0.314946843086021,0.472420264629031,0.629893686172041),
 .UNSPECIFIED.);
#90=B_SPLINE_SURFACE_WITH_KNOTS('',3,3,((#6692,#6693,#6694,#6695,#6696,
#6697,#6698,#6699),(#6700,#6701,#6702,#6703,#6704,#6705,#6706,#6707),(#6708,
#6709,#6710,#6711,#6712,#6713,#6714,#6715),(#6716,#6717,#6718,#6719,#6720,
#6721,#6722,#6723),(#6724,#6725,#6726,#6727,#6728,#6729,#6730,#6731)),
 .UNSPECIFIED.,.F.,.F.,.F.,(4,1,4),(4,1,1,1,1,4),(0.,0.5,1.),(-0.016330499411046,
0.,0.157473421543009,0.314946843086019,0.472420264629028,0.629893686172037),
 .UNSPECIFIED.);
#91=B_SPLINE_SURFACE_WITH_KNOTS('',3,1,((#7222,#7223),(#7224,#7225),(#7226,
#7227),(#7228,#7229),(#7230,#7231),(#7232,#7233),(#7234,#7235),(#7236,#7237),
(#7238,#7239),(#7240,#7241),(#7242,#7243),(#7244,#7245),(#7246,#7247),(#7248,
#7249),(#7250,#7251),(#7252,#7253),(#7254,#7255),(#7256,#7257)),
 .UNSPECIFIED.,.F.,.F.,.F.,(4,2,2,2,2,2,2,2,4),(2,2),(-1.89864342080157,
-1.88001622347703,-1.77912407737738,-1.67545893221043,-1.57179378704348,
-1.46812864187653,-1.36446349670958,-1.26357135060993,-1.24494415328539),
(0.,0.399999999999999),.UNSPECIFIED.);
#92=B_SPLINE_SURFACE_WITH_KNOTS('',3,1,((#7288,#7289),(#7290,#7291),(#7292,
#7293),(#7294,#7295),(#7296,#7297),(#7298,#7299),(#7300,#7301),(#7302,#7303),
(#7304,#7305),(#7306,#7307),(#7308,#7309),(#7310,#7311),(#7312,#7313),(#7314,
#7315)),.UNSPECIFIED.,.F.,.F.,.F.,(4,2,2,2,2,2,4),(2,2),(0.,0.114050956110847,
0.226486077956547,0.338029746243469,0.452243805830242,0.561808030136118,
0.674148941126013),(0.,0.199999999999999),.UNSPECIFIED.);
#93=B_SPLINE_SURFACE_WITH_KNOTS('',3,1,((#7366,#7367),(#7368,#7369),(#7370,
#7371),(#7372,#7373),(#7374,#7375),(#7376,#7377),(#7378,#7379),(#7380,#7381),
(#7382,#7383),(#7384,#7385),(#7386,#7387),(#7388,#7389),(#7390,#7391),(#7392,
#7393)),.UNSPECIFIED.,.F.,.F.,.F.,(4,2,2,2,2,2,4),(2,2),(0.,0.114050956110853,
0.226486077956556,0.338029746243456,0.452243805830229,0.561808030136107,
0.674148941126007),(0.,0.199999999999999),.UNSPECIFIED.);
#94=B_SPLINE_CURVE_WITH_KNOTS('',3,(#5562,#5563,#5564,#5565,#5566,#5567,
#5568,#5569,#5570,#5571,#5572,#5573,#5574,#5575,#5576,#5577,#5578,#5579,
#5580,#5581,#5582,#5583,#5584,#5585,#5586),.UNSPECIFIED.,.F.,.F.,(4,3,3,
3,3,3,3,3,4),(-0.674148941126003,-0.654939029203962,-0.550890674186764,
-0.443982572374883,-0.337074470563001,-0.230166368751121,-0.123258266939239,
-0.0192099119220417,1.11022302462516E-16),.UNSPECIFIED.);
#95=B_SPLINE_CURVE_WITH_KNOTS('',3,(#5588,#5589,#5590,#5591,#5592,#5593,
#5594,#5595,#5596,#5597,#5598,#5599,#5600,#5601,#5602,#5603,#5604,#5605,
#5606,#5607,#5608,#5609,#5610,#5611,#5612),.UNSPECIFIED.,.F.,.F.,(4,3,3,
3,3,3,3,3,4),(-0.674148941126007,-0.654939029203965,-0.550890674186767,
-0.443982572374885,-0.337074470563004,-0.230166368751122,-0.12325826693924,
-0.0192099119220417,0.),.UNSPECIFIED.);
#96=B_SPLINE_CURVE_WITH_KNOTS('',3,(#5623,#5624,#5625,#5626,#5627,#5628,
#5629,#5630,#5631,#5632,#5633,#5634,#5635,#5636,#5637,#5638,#5639,#5640,
#5641,#5642,#5643,#5644,#5645,#5646,#5647),.UNSPECIFIED.,.F.,.F.,(4,3,3,
3,3,3,3,3,4),(-0.674148941126012,-0.654939029203972,-0.550890674186774,
-0.44398257237489,-0.337074470563006,-0.230166368751122,-0.123258266939238,
-0.0192099119220403,1.11022302462516E-16),.UNSPECIFIED.);
#97=B_SPLINE_CURVE_WITH_KNOTS('',3,(#5649,#5650,#5651,#5652,#5653,#5654,
#5655,#5656,#5657,#5658,#5659,#5660,#5661,#5662,#5663,#5664,#5665,#5666,
#5667,#5668,#5669,#5670,#5671,#5672,#5673),.UNSPECIFIED.,.F.,.F.,(4,3,3,
3,3,3,3,3,4),(-0.674148941126013,-0.654939029203973,-0.550890674186775,
-0.443982572374891,-0.337074470563007,-0.230166368751122,-0.123258266939239,
-0.0192099119220401,-1.11022302462516E-16),.UNSPECIFIED.);
#98=B_SPLINE_CURVE_WITH_KNOTS('',3,(#5713,#5714,#5715,#5716,#5717,#5718,
#5719,#5720,#5721,#5722,#5723,#5724,#5725,#5726,#5727,#5728,#5729,#5730,
#5731,#5732,#5733,#5734,#5735,#5736,#5737),.UNSPECIFIED.,.F.,.F.,(4,3,3,
3,3,3,3,3,4),(1.24494415328539,1.26357135060994,1.36446349670958,1.46812864187654,
1.57179378704349,1.67545893221044,1.77912407737739,1.88001622347703,1.89864342080158),
 .UNSPECIFIED.);
#99=B_SPLINE_CURVE_WITH_KNOTS('',3,(#5778,#5779,#5780,#5781,#5782,#5783,
#5784,#5785,#5786,#5787,#5788,#5789,#5790,#5791,#5792,#5793,#5794,#5795,
#5796,#5797,#5798,#5799,#5800,#5801,#5802),.UNSPECIFIED.,.F.,.F.,(4,3,3,
3,3,3,3,3,4),(-1.89864342080157,-1.88001622347703,-1.77912407737738,-1.67545893221043,
-1.57179378704348,-1.46812864187653,-1.36446349670958,-1.26357135060993,
-1.24494415328539),.UNSPECIFIED.);
#100=B_SPLINE_CURVE_WITH_KNOTS('',3,(#5917,#5918,#5919,#5920,#5921,#5922,
#5923,#5924,#5925,#5926,#5927,#5928,#5929,#5930,#5931,#5932,#5933,#5934,
#5935,#5936,#5937,#5938,#5939,#5940,#5941),.UNSPECIFIED.,.F.,.F.,(4,3,3,
3,3,3,3,3,4),(1.24494415328539,1.26357135060993,1.36446349670958,1.46812864187653,
1.57179378704348,1.67545893221043,1.77912407737738,1.88001622347703,1.89864342080157),
 .UNSPECIFIED.);
#101=B_SPLINE_CURVE_WITH_KNOTS('',3,(#5997,#5998,#5999,#6000,#6001,#6002,
#6003,#6004,#6005,#6006,#6007,#6008,#6009,#6010,#6011,#6012,#6013,#6014,
#6015,#6016,#6017,#6018,#6019,#6020,#6021),.UNSPECIFIED.,.F.,.F.,(4,3,3,
3,3,3,3,3,4),(-1.89864342080158,-1.88001622347703,-1.77912407737739,-1.67545893221044,
-1.57179378704349,-1.46812864187654,-1.36446349670958,-1.26357135060994,
-1.24494415328539),.UNSPECIFIED.);
#102=B_SPLINE_CURVE_WITH_KNOTS('',3,(#6099,#6100,#6101,#6102,#6103,#6104,
#6105,#6106,#6107,#6108,#6109,#6110,#6111,#6112,#6113,#6114,#6115,#6116,
#6117,#6118,#6119,#6120,#6121,#6122,#6123),.UNSPECIFIED.,.F.,.F.,(4,3,3,
3,3,3,3,3,4),(-0.674148941126012,-0.654939029203972,-0.550890674186773,
-0.44398257237489,-0.337074470563006,-0.230166368751122,-0.123258266939238,
-0.0192099119220404,0.),.UNSPECIFIED.);
#103=B_SPLINE_CURVE_WITH_KNOTS('',3,(#6125,#6126,#6127,#6128,#6129,#6130,
#6131,#6132,#6133,#6134,#6135,#6136,#6137,#6138,#6139,#6140,#6141,#6142,
#6143,#6144,#6145,#6146,#6147,#6148,#6149),.UNSPECIFIED.,.F.,.F.,(4,3,3,
3,3,3,3,3,4),(-0.674148941126003,-0.654939029203962,-0.550890674186764,
-0.443982572374883,-0.337074470563002,-0.230166368751121,-0.123258266939239,
-0.0192099119220418,0.),.UNSPECIFIED.);
#104=B_SPLINE_CURVE_WITH_KNOTS('',3,(#6164,#6165,#6166,#6167,#6168,#6169,
#6170,#6171,#6172,#6173,#6174,#6175,#6176,#6177,#6178,#6179,#6180,#6181),
 .UNSPECIFIED.,.F.,.F.,(4,2,2,2,2,2,2,2,4),(-0.58875604554257,-0.539467464816255,
-0.489181737765141,-0.403429543613407,-0.335346308634257,-0.258341976216601,
-0.140436715553458,-0.0893739534966229,0.),.UNSPECIFIED.);
#105=B_SPLINE_CURVE_WITH_KNOTS('',3,(#6184,#6185,#6186,#6187,#6188,#6189,
#6190,#6191,#6192,#6193,#6194,#6195,#6196,#6197,#6198,#6199,#6200,#6201),
 .UNSPECIFIED.,.F.,.F.,(4,2,2,2,2,2,2,2,4),(-0.588756045535501,-0.539467464810494,
-0.489181737760709,-0.40342954361132,-0.335346308633553,-0.258341976216619,
-0.140436715553435,-0.0893739534966098,0.),.UNSPECIFIED.);
#106=B_SPLINE_CURVE_WITH_KNOTS('',3,(#6296,#6297,#6298,#6299,#6300,#6301,
#6302,#6303,#6304,#6305,#6306,#6307,#6308,#6309,#6310,#6311,#6312,#6313,
#6314,#6315,#6316,#6317,#6318,#6319,#6320),.UNSPECIFIED.,.F.,.F.,(4,3,3,
3,3,3,3,3,4),(-0.674148941126024,-0.654939029203982,-0.550890674186781,
-0.443982572374897,-0.337074470563012,-0.230166368751128,-0.123258266939243,
-0.0192099119220424,0.),.UNSPECIFIED.);
#107=B_SPLINE_CURVE_WITH_KNOTS('',3,(#6328,#6329,#6330,#6331,#6332,#6333,
#6334,#6335,#6336,#6337,#6338,#6339,#6340,#6341,#6342,#6343,#6344,#6345,
#6346,#6347,#6348,#6349,#6350,#6351,#6352),.UNSPECIFIED.,.F.,.F.,(4,3,3,
3,3,3,3,3,4),(-0.674148941126034,-0.654939029203993,-0.550890674186792,
-0.443982572374905,-0.337074470563017,-0.23016636875113,-0.123258266939243,
-0.019209911922041,0.),.UNSPECIFIED.);
#108=B_SPLINE_CURVE_WITH_KNOTS('',3,(#6402,#6403,#6404,#6405,#6406,#6407,
#6408),.UNSPECIFIED.,.F.,.F.,(4,1,1,1,4),(5.84623677467094E-7,0.15747342154301,
0.314946843086021,0.472420264629031,0.613562779827479),.UNSPECIFIED.);
#109=B_SPLINE_CURVE_WITH_KNOTS('',3,(#6517,#6518,#6519,#6520,#6521,#6522,
#6523,#6524,#6525,#6526,#6527,#6528,#6529,#6530,#6531,#6532,#6533,#6534,
#6535,#6536,#6537,#6538,#6539,#6540,#6541,#6542,#6543,#6544,#6545,#6546,
#6547,#6548,#6549,#6550,#6551,#6552,#6553),.UNSPECIFIED.,.F.,.F.,(4,3,3,
3,3,3,3,3,3,3,3,3,4),(-0.000223157978188608,0.,0.00568386921683578,0.00796343239235977,
0.0131904988680443,0.015718659091055,0.0204056887532663,0.022949298903048,
0.0263087426950935,0.0308590334051883,0.035262419448557,0.0397452471304281,
0.0435354540694767),.UNSPECIFIED.);
#110=B_SPLINE_CURVE_WITH_KNOTS('',3,(#6595,#6596,#6597,#6598,#6599,#6600,
#6601,#6602),.UNSPECIFIED.,.F.,.F.,(4,1,1,1,1,4),(-0.629893686172041,-0.472420264629031,
-0.314946843086021,-0.15747342154301,0.,0.0163304994110496),
 .UNSPECIFIED.);
#111=B_SPLINE_CURVE_WITH_KNOTS('',3,(#6603,#6604,#6605,#6606,#6607,#6608,
#6609,#6610,#6611,#6612,#6613,#6614,#6615,#6616,#6617,#6618,#6619,#6620,
#6621,#6622,#6623,#6624,#6625,#6626,#6627,#6628,#6629,#6630,#6631,#6632,
#6633,#6634,#6635,#6636,#6637,#6638,#6639),.UNSPECIFIED.,.F.,.F.,(4,3,3,
3,3,3,3,3,3,3,3,3,4),(-0.0434762727062414,-0.0432547684486542,-0.0376955723700365,
-0.0323167589542996,-0.0299691948294609,-0.0252128703477513,-0.0204565458660416,
-0.0190298838326461,-0.0144407696945949,-0.00987986767926879,-0.00544215339657578,
-0.0016026911328506,0.),.UNSPECIFIED.);
#112=B_SPLINE_CURVE_WITH_KNOTS('',3,(#6648,#6649,#6650,#6651,#6652,#6653,
#6654,#6655,#6656,#6657,#6658,#6659,#6660,#6661,#6662,#6663,#6664,#6665,
#6666,#6667,#6668,#6669,#6670,#6671,#6672,#6673,#6674,#6675,#6676,#6677,
#6678,#6679,#6680,#6681,#6682,#6683,#6684),.UNSPECIFIED.,.F.,.F.,(4,3,3,
3,3,3,3,3,3,3,3,3,4),(-0.000223157978194905,0.,0.00568386921115784,0.00796343239229467,
0.0131904988282979,0.0157186590908253,0.0204056887087484,0.0229492989026588,
0.0263087426946397,0.0308590334193634,0.0352624194479292,0.0397452471479153,
0.0435354540687),.UNSPECIFIED.);
#113=B_SPLINE_CURVE_WITH_KNOTS('',3,(#6733,#6734,#6735,#6736,#6737,#6738,
#6739),.UNSPECIFIED.,.F.,.F.,(4,1,1,1,4),(5.84623654985289E-7,0.157473421543009,
0.314946843086019,0.472420264629028,0.613562779827108),.UNSPECIFIED.);
#114=B_SPLINE_CURVE_WITH_KNOTS('',3,(#6741,#6742,#6743,#6744,#6745,#6746,
#6747,#6748),.UNSPECIFIED.,.F.,.F.,(4,1,1,1,1,4),(-0.629893686172037,-0.472420264629028,
-0.314946843086019,-0.157473421543009,0.,0.016330499411046),
 .UNSPECIFIED.);
#115=B_SPLINE_CURVE_WITH_KNOTS('',3,(#6749,#6750,#6751,#6752,#6753,#6754,
#6755,#6756,#6757,#6758,#6759,#6760,#6761,#6762,#6763,#6764,#6765,#6766,
#6767,#6768,#6769,#6770,#6771,#6772,#6773,#6774,#6775,#6776,#6777,#6778,
#6779,#6780,#6781,#6782,#6783,#6784,#6785),.UNSPECIFIED.,.F.,.F.,(4,3,3,
3,3,3,3,3,3,3,3,3,4),(-0.043476272704996,-0.0432547684474153,-0.0376955723891919,
-0.0323167590145458,-0.0299691948286168,-0.0252128703470478,-0.0204565458654788,
-0.0190298838321248,-0.0144407696801373,-0.00987986767901329,-0.00544215337843794,
-0.00160269113283517,0.),.UNSPECIFIED.);
#116=B_SPLINE_CURVE_WITH_KNOTS('',3,(#7318,#7319,#7320,#7321,#7322,#7323,
#7324,#7325,#7326,#7327,#7328,#7329,#7330,#7331,#7332,#7333,#7334,#7335,
#7336),.UNSPECIFIED.,.F.,.F.,(4,3,3,3,3,3,4),(-0.674148941126013,-0.561808030136118,
-0.452243805830242,-0.338029746243469,-0.226486077956547,-0.114050956110847,
0.),.UNSPECIFIED.);
#117=B_SPLINE_CURVE_WITH_KNOTS('',3,(#7340,#7341,#7342,#7343,#7344,#7345,
#7346,#7347,#7348,#7349,#7350,#7351,#7352,#7353,#7354,#7355,#7356,#7357,
#7358),.UNSPECIFIED.,.F.,.F.,(4,3,3,3,3,3,4),(0.,0.114050956110847,0.226486077956547,
0.338029746243469,0.452243805830242,0.561808030136118,0.674148941126013),
 .UNSPECIFIED.);
#118=B_SPLINE_CURVE_WITH_KNOTS('',3,(#7396,#7397,#7398,#7399,#7400,#7401,
#7402,#7403,#7404,#7405,#7406,#7407,#7408,#7409,#7410,#7411,#7412,#7413,
#7414),.UNSPECIFIED.,.F.,.F.,(4,3,3,3,3,3,4),(-0.674148941126007,-0.561808030136107,
-0.452243805830229,-0.338029746243456,-0.226486077956556,-0.114050956110853,
0.),.UNSPECIFIED.);
#119=B_SPLINE_CURVE_WITH_KNOTS('',3,(#7418,#7419,#7420,#7421,#7422,#7423,
#7424,#7425,#7426,#7427,#7428,#7429,#7430,#7431,#7432,#7433,#7434,#7435,
#7436),.UNSPECIFIED.,.F.,.F.,(4,3,3,3,3,3,4),(0.,0.114050956110853,0.226486077956556,
0.338029746243456,0.452243805830229,0.561808030136107,0.674148941126007),
 .UNSPECIFIED.);
#120=SHAPE_REPRESENTATION_RELATIONSHIP('SRR','None',#7490,#126);
#121=SHAPE_REPRESENTATION_RELATIONSHIP('SRR','None',#7491,#127);
#122=SHAPE_REPRESENTATION_RELATIONSHIP('SRR','None',#7492,#128);
#123=SHAPE_REPRESENTATION_RELATIONSHIP('SRR','None',#7493,#129);
#124=SHAPE_REPRESENTATION_RELATIONSHIP('SRR','None',#7494,#130);
#125=SHAPE_REPRESENTATION_RELATIONSHIP('SRR','None',#7495,#131);
#126=ADVANCED_BREP_SHAPE_REPRESENTATION('',(#138),#7458);
#127=ADVANCED_BREP_SHAPE_REPRESENTATION('',(#139),#7459);
#128=ADVANCED_BREP_SHAPE_REPRESENTATION('',(#140),#7460);
#129=ADVANCED_BREP_SHAPE_REPRESENTATION('',(#141),#7461);
#130=ADVANCED_BREP_SHAPE_REPRESENTATION('',(#142),#7462);
#131=ADVANCED_BREP_SHAPE_REPRESENTATION('',(#143),#7463);
#132=STYLED_ITEM('',(#7528),#138);
#133=STYLED_ITEM('',(#7528),#139);
#134=STYLED_ITEM('',(#7528),#140);
#135=STYLED_ITEM('',(#7529),#141);
#136=STYLED_ITEM('',(#7528),#142);
#137=STYLED_ITEM('',(#7528),#143);
#138=MANIFOLD_SOLID_BREP('Body1',#3652);
#139=MANIFOLD_SOLID_BREP('Weathercase',#3653);
#140=MANIFOLD_SOLID_BREP('Body1',#3654);
#141=MANIFOLD_SOLID_BREP('WeatherSensor',#3655);
#142=MANIFOLD_SOLID_BREP('WeatherMag',#3656);
#143=MANIFOLD_SOLID_BREP('WeatherMag (1)',#3657);
#144=FACE_BOUND('',#976,.T.);
#145=FACE_BOUND('',#977,.T.);
#146=FACE_BOUND('',#978,.T.);
#147=FACE_BOUND('',#979,.T.);
#148=FACE_BOUND('',#994,.T.);
#149=FACE_BOUND('',#1000,.T.);
#150=FACE_BOUND('',#1002,.T.);
#151=FACE_BOUND('',#1016,.T.);
#152=FACE_BOUND('',#1018,.T.);
#153=FACE_BOUND('',#1036,.T.);
#154=FACE_BOUND('',#1038,.T.);
#155=FACE_BOUND('',#1058,.T.);
#156=FACE_BOUND('',#1064,.T.);
#157=FACE_BOUND('',#1065,.T.);
#158=FACE_BOUND('',#1066,.T.);
#159=FACE_BOUND('',#1067,.T.);
#160=FACE_BOUND('',#1068,.T.);
#161=FACE_BOUND('',#1069,.T.);
#162=FACE_BOUND('',#1070,.T.);
#163=FACE_BOUND('',#1071,.T.);
#164=FACE_BOUND('',#1072,.T.);
#165=FACE_BOUND('',#1073,.T.);
#166=FACE_BOUND('',#1074,.T.);
#167=FACE_BOUND('',#1075,.T.);
#168=FACE_BOUND('',#1076,.T.);
#169=FACE_BOUND('',#1077,.T.);
#170=FACE_BOUND('',#1078,.T.);
#171=FACE_BOUND('',#1079,.T.);
#172=FACE_BOUND('',#1080,.T.);
#173=FACE_BOUND('',#1081,.T.);
#174=FACE_BOUND('',#1082,.T.);
#175=FACE_BOUND('',#1083,.T.);
#176=FACE_BOUND('',#1084,.T.);
#177=FACE_BOUND('',#1085,.T.);
#178=FACE_BOUND('',#1086,.T.);
#179=FACE_BOUND('',#1087,.T.);
#180=FACE_BOUND('',#1088,.T.);
#181=FACE_BOUND('',#1089,.T.);
#182=FACE_BOUND('',#1090,.T.);
#183=FACE_BOUND('',#1091,.T.);
#184=FACE_BOUND('',#1092,.T.);
#185=FACE_BOUND('',#1093,.T.);
#186=FACE_BOUND('',#1094,.T.);
#187=FACE_BOUND('',#1095,.T.);
#188=FACE_BOUND('',#1096,.T.);
#189=FACE_BOUND('',#1097,.T.);
#190=FACE_BOUND('',#1098,.T.);
#191=FACE_BOUND('',#1099,.T.);
#192=FACE_BOUND('',#1100,.T.);
#193=FACE_BOUND('',#1101,.T.);
#194=FACE_BOUND('',#1102,.T.);
#195=FACE_BOUND('',#1103,.T.);
#196=FACE_BOUND('',#1104,.T.);
#197=FACE_BOUND('',#1117,.T.);
#198=FACE_BOUND('',#1118,.T.);
#199=FACE_BOUND('',#1119,.T.);
#200=FACE_BOUND('',#1120,.T.);
#201=FACE_BOUND('',#1121,.T.);
#202=FACE_BOUND('',#1122,.T.);
#203=FACE_BOUND('',#1123,.T.);
#204=FACE_BOUND('',#1124,.T.);
#205=FACE_BOUND('',#1125,.T.);
#206=FACE_BOUND('',#1126,.T.);
#207=FACE_BOUND('',#1127,.T.);
#208=FACE_BOUND('',#1128,.T.);
#209=FACE_BOUND('',#1129,.T.);
#210=FACE_BOUND('',#1130,.T.);
#211=FACE_BOUND('',#1131,.T.);
#212=FACE_BOUND('',#1132,.T.);
#213=FACE_BOUND('',#1133,.T.);
#214=FACE_BOUND('',#1134,.T.);
#215=FACE_BOUND('',#1135,.T.);
#216=FACE_BOUND('',#1136,.T.);
#217=FACE_BOUND('',#1137,.T.);
#218=FACE_BOUND('',#1138,.T.);
#219=FACE_BOUND('',#1139,.T.);
#220=FACE_BOUND('',#1140,.T.);
#221=FACE_BOUND('',#1141,.T.);
#222=FACE_BOUND('',#1142,.T.);
#223=FACE_BOUND('',#1143,.T.);
#224=FACE_BOUND('',#1144,.T.);
#225=FACE_BOUND('',#1145,.T.);
#226=FACE_BOUND('',#1146,.T.);
#227=FACE_BOUND('',#1147,.T.);
#228=FACE_BOUND('',#1148,.T.);
#229=FACE_BOUND('',#1149,.T.);
#230=FACE_BOUND('',#1150,.T.);
#231=FACE_BOUND('',#1151,.T.);
#232=FACE_BOUND('',#1152,.T.);
#233=FACE_BOUND('',#1153,.T.);
#234=FACE_BOUND('',#1154,.T.);
#235=FACE_BOUND('',#1155,.T.);
#236=FACE_BOUND('',#1156,.T.);
#237=FACE_BOUND('',#1157,.T.);
#238=FACE_BOUND('',#1158,.T.);
#239=FACE_BOUND('',#1159,.T.);
#240=PLANE('',#3751);
#241=PLANE('',#3753);
#242=PLANE('',#3754);
#243=PLANE('',#3758);
#244=PLANE('',#3759);
#245=PLANE('',#3760);
#246=PLANE('',#3761);
#247=PLANE('',#3768);
#248=PLANE('',#3770);
#249=PLANE('',#3775);
#250=PLANE('',#3776);
#251=PLANE('',#3780);
#252=PLANE('',#3784);
#253=PLANE('',#3785);
#254=PLANE('',#3790);
#255=PLANE('',#3791);
#256=PLANE('',#3795);
#257=PLANE('',#3796);
#258=PLANE('',#3797);
#259=PLANE('',#3801);
#260=PLANE('',#3805);
#261=PLANE('',#3808);
#262=PLANE('',#3815);
#263=PLANE('',#3818);
#264=PLANE('',#3819);
#265=PLANE('',#3820);
#266=PLANE('',#3823);
#267=PLANE('',#3827);
#268=PLANE('',#3828);
#269=PLANE('',#3832);
#270=PLANE('',#3833);
#271=PLANE('',#3834);
#272=PLANE('',#3836);
#273=PLANE('',#3840);
#274=PLANE('',#3842);
#275=PLANE('',#3844);
#276=PLANE('',#3845);
#277=PLANE('',#3846);
#278=PLANE('',#3862);
#279=PLANE('',#3865);
#280=PLANE('',#3866);
#281=PLANE('',#3869);
#282=PLANE('',#3875);
#283=PLANE('',#3876);
#284=PLANE('',#3936);
#285=PLANE('',#3937);
#286=PLANE('',#4193);
#287=PLANE('',#4195);
#288=PLANE('',#4196);
#289=PLANE('',#4197);
#290=PLANE('',#4198);
#291=PLANE('',#4199);
#292=PLANE('',#4200);
#293=PLANE('',#4205);
#294=PLANE('',#4206);
#295=PLANE('',#4211);
#296=PLANE('',#4212);
#297=LINE('',#5415,#494);
#298=LINE('',#5426,#495);
#299=LINE('',#5437,#496);
#300=LINE('',#5448,#497);
#301=LINE('',#5455,#498);
#302=LINE('',#5457,#499);
#303=LINE('',#5458,#500);
#304=LINE('',#5461,#501);
#305=LINE('',#5463,#502);
#306=LINE('',#5464,#503);
#307=LINE('',#5467,#504);
#308=LINE('',#5468,#505);
#309=LINE('',#5474,#506);
#310=LINE('',#5477,#507);
#311=LINE('',#5480,#508);
#312=LINE('',#5482,#509);
#313=LINE('',#5483,#510);
#314=LINE('',#5487,#511);
#315=LINE('',#5489,#512);
#316=LINE('',#5491,#513);
#317=LINE('',#5492,#514);
#318=LINE('',#5496,#515);
#319=LINE('',#5498,#516);
#320=LINE('',#5500,#517);
#321=LINE('',#5501,#518);
#322=LINE('',#5504,#519);
#323=LINE('',#5506,#520);
#324=LINE('',#5507,#521);
#325=LINE('',#5518,#522);
#326=LINE('',#5519,#523);
#327=LINE('',#5528,#524);
#328=LINE('',#5530,#525);
#329=LINE('',#5532,#526);
#330=LINE('',#5533,#527);
#331=LINE('',#5539,#528);
#332=LINE('',#5542,#529);
#333=LINE('',#5544,#530);
#334=LINE('',#5545,#531);
#335=LINE('',#5557,#532);
#336=LINE('',#5560,#533);
#337=LINE('',#5618,#534);
#338=LINE('',#5621,#535);
#339=LINE('',#5711,#536);
#340=LINE('',#5738,#537);
#341=LINE('',#5776,#538);
#342=LINE('',#5803,#539);
#343=LINE('',#5807,#540);
#344=LINE('',#5809,#541);
#345=LINE('',#5811,#542);
#346=LINE('',#5812,#543);
#347=LINE('',#5817,#544);
#348=LINE('',#5821,#545);
#349=LINE('',#5823,#546);
#350=LINE('',#5824,#547);
#351=LINE('',#5831,#548);
#352=LINE('',#5835,#549);
#353=LINE('',#5840,#550);
#354=LINE('',#5844,#551);
#355=LINE('',#5848,#552);
#356=LINE('',#5851,#553);
#357=LINE('',#5854,#554);
#358=LINE('',#5857,#555);
#359=LINE('',#5860,#556);
#360=LINE('',#5861,#557);
#361=LINE('',#5864,#558);
#362=LINE('',#5867,#559);
#363=LINE('',#5870,#560);
#364=LINE('',#5871,#561);
#365=LINE('',#5874,#562);
#366=LINE('',#5875,#563);
#367=LINE('',#5915,#564);
#368=LINE('',#5942,#565);
#369=LINE('',#5945,#566);
#370=LINE('',#5947,#567);
#371=LINE('',#5948,#568);
#372=LINE('',#5954,#569);
#373=LINE('',#5956,#570);
#374=LINE('',#5958,#571);
#375=LINE('',#5959,#572);
#376=LINE('',#6022,#573);
#377=LINE('',#6025,#574);
#378=LINE('',#6027,#575);
#379=LINE('',#6028,#576);
#380=LINE('',#6034,#577);
#381=LINE('',#6036,#578);
#382=LINE('',#6037,#579);
#383=LINE('',#6044,#580);
#384=LINE('',#6046,#581);
#385=LINE('',#6048,#582);
#386=LINE('',#6050,#583);
#387=LINE('',#6052,#584);
#388=LINE('',#6054,#585);
#389=LINE('',#6056,#586);
#390=LINE('',#6058,#587);
#391=LINE('',#6060,#588);
#392=LINE('',#6062,#589);
#393=LINE('',#6064,#590);
#394=LINE('',#6065,#591);
#395=LINE('',#6070,#592);
#396=LINE('',#6077,#593);
#397=LINE('',#6082,#594);
#398=LINE('',#6084,#595);
#399=LINE('',#6086,#596);
#400=LINE('',#6088,#597);
#401=LINE('',#6090,#598);
#402=LINE('',#6092,#599);
#403=LINE('',#6093,#600);
#404=LINE('',#6095,#601);
#405=LINE('',#6096,#602);
#406=LINE('',#6097,#603);
#407=LINE('',#6182,#604);
#408=LINE('',#6202,#605);
#409=LINE('',#6279,#606);
#410=LINE('',#6282,#607);
#411=LINE('',#6285,#608);
#412=LINE('',#6286,#609);
#413=LINE('',#6290,#610);
#414=LINE('',#6292,#611);
#415=LINE('',#6322,#612);
#416=LINE('',#6326,#613);
#417=LINE('',#6354,#614);
#418=LINE('',#6357,#615);
#419=LINE('',#6360,#616);
#420=LINE('',#6362,#617);
#421=LINE('',#6363,#618);
#422=LINE('',#6401,#619);
#423=LINE('',#6414,#620);
#424=LINE('',#6420,#621);
#425=LINE('',#6421,#622);
#426=LINE('',#6510,#623);
#427=LINE('',#6516,#624);
#428=LINE('',#6643,#625);
#429=LINE('',#6647,#626);
#430=LINE('',#6691,#627);
#431=LINE('',#6791,#628);
#432=LINE('',#6792,#629);
#433=LINE('',#6794,#630);
#434=LINE('',#6796,#631);
#435=LINE('',#6893,#632);
#436=LINE('',#6901,#633);
#437=LINE('',#6909,#634);
#438=LINE('',#6917,#635);
#439=LINE('',#6925,#636);
#440=LINE('',#6933,#637);
#441=LINE('',#6941,#638);
#442=LINE('',#6949,#639);
#443=LINE('',#6957,#640);
#444=LINE('',#6965,#641);
#445=LINE('',#6973,#642);
#446=LINE('',#6981,#643);
#447=LINE('',#6989,#644);
#448=LINE('',#6997,#645);
#449=LINE('',#7005,#646);
#450=LINE('',#7013,#647);
#451=LINE('',#7021,#648);
#452=LINE('',#7029,#649);
#453=LINE('',#7037,#650);
#454=LINE('',#7045,#651);
#455=LINE('',#7053,#652);
#456=LINE('',#7061,#653);
#457=LINE('',#7069,#654);
#458=LINE('',#7077,#655);
#459=LINE('',#7085,#656);
#460=LINE('',#7093,#657);
#461=LINE('',#7101,#658);
#462=LINE('',#7109,#659);
#463=LINE('',#7117,#660);
#464=LINE('',#7125,#661);
#465=LINE('',#7133,#662);
#466=LINE('',#7141,#663);
#467=LINE('',#7149,#664);
#468=LINE('',#7157,#665);
#469=LINE('',#7165,#666);
#470=LINE('',#7173,#667);
#471=LINE('',#7181,#668);
#472=LINE('',#7189,#669);
#473=LINE('',#7197,#670);
#474=LINE('',#7205,#671);
#475=LINE('',#7213,#672);
#476=LINE('',#7221,#673);
#477=LINE('',#7258,#674);
#478=LINE('',#7264,#675);
#479=LINE('',#7266,#676);
#480=LINE('',#7268,#677);
#481=LINE('',#7269,#678);
#482=LINE('',#7272,#679);
#483=LINE('',#7274,#680);
#484=LINE('',#7275,#681);
#485=LINE('',#7278,#682);
#486=LINE('',#7280,#683);
#487=LINE('',#7281,#684);
#488=LINE('',#7283,#685);
#489=LINE('',#7284,#686);
#490=LINE('',#7338,#687);
#491=LINE('',#7359,#688);
#492=LINE('',#7416,#689);
#493=LINE('',#7437,#690);
#494=VECTOR('',#4233,0.499999999999998);
#495=VECTOR('',#4246,0.499999999999998);
#496=VECTOR('',#4259,0.499999999999998);
#497=VECTOR('',#4272,0.499999999999998);
#498=VECTOR('',#4279,10.);
#499=VECTOR('',#4280,10.);
#500=VECTOR('',#4281,10.);
#501=VECTOR('',#4284,10.);
#502=VECTOR('',#4285,10.);
#503=VECTOR('',#4286,10.);
#504=VECTOR('',#4289,10.);
#505=VECTOR('',#4290,10.);
#506=VECTOR('',#4295,10.);
#507=VECTOR('',#4298,10.);
#508=VECTOR('',#4301,10.);
#509=VECTOR('',#4302,10.);
#510=VECTOR('',#4303,10.);
#511=VECTOR('',#4306,10.);
#512=VECTOR('',#4307,10.);
#513=VECTOR('',#4308,10.);
#514=VECTOR('',#4309,10.);
#515=VECTOR('',#4312,10.);
#516=VECTOR('',#4313,10.);
#517=VECTOR('',#4314,10.);
#518=VECTOR('',#4315,10.);
#519=VECTOR('',#4318,10.);
#520=VECTOR('',#4319,10.);
#521=VECTOR('',#4320,10.);
#522=VECTOR('',#4339,10.);
#523=VECTOR('',#4340,10.);
#524=VECTOR('',#4353,10.);
#525=VECTOR('',#4354,10.);
#526=VECTOR('',#4355,10.);
#527=VECTOR('',#4356,10.);
#528=VECTOR('',#4363,10.);
#529=VECTOR('',#4366,10.);
#530=VECTOR('',#4367,10.);
#531=VECTOR('',#4368,10.);
#532=VECTOR('',#4385,10.);
#533=VECTOR('',#4388,10.);
#534=VECTOR('',#4397,10.);
#535=VECTOR('',#4400,10.);
#536=VECTOR('',#4405,10.);
#537=VECTOR('',#4406,10.);
#538=VECTOR('',#4407,10.);
#539=VECTOR('',#4408,10.);
#540=VECTOR('',#4411,10.);
#541=VECTOR('',#4412,10.);
#542=VECTOR('',#4413,10.);
#543=VECTOR('',#4414,10.);
#544=VECTOR('',#4419,10.);
#545=VECTOR('',#4424,10.);
#546=VECTOR('',#4425,10.);
#547=VECTOR('',#4426,10.);
#548=VECTOR('',#4435,10.);
#549=VECTOR('',#4438,10.);
#550=VECTOR('',#4443,10.);
#551=VECTOR('',#4446,10.);
#552=VECTOR('',#4451,10.);
#553=VECTOR('',#4454,10.);
#554=VECTOR('',#4457,10.);
#555=VECTOR('',#4460,10.);
#556=VECTOR('',#4463,10.);
#557=VECTOR('',#4464,10.);
#558=VECTOR('',#4467,10.);
#559=VECTOR('',#4472,10.);
#560=VECTOR('',#4475,10.);
#561=VECTOR('',#4476,10.);
#562=VECTOR('',#4479,10.);
#563=VECTOR('',#4480,10.);
#564=VECTOR('',#4485,10.);
#565=VECTOR('',#4486,10.);
#566=VECTOR('',#4489,10.);
#567=VECTOR('',#4490,10.);
#568=VECTOR('',#4491,10.);
#569=VECTOR('',#4498,10.);
#570=VECTOR('',#4501,10.);
#571=VECTOR('',#4502,10.);
#572=VECTOR('',#4503,10.);
#573=VECTOR('',#4504,10.);
#574=VECTOR('',#4507,10.);
#575=VECTOR('',#4508,10.);
#576=VECTOR('',#4509,10.);
#577=VECTOR('',#4516,10.);
#578=VECTOR('',#4519,10.);
#579=VECTOR('',#4520,10.);
#580=VECTOR('',#4529,10.);
#581=VECTOR('',#4530,10.);
#582=VECTOR('',#4531,10.);
#583=VECTOR('',#4532,10.);
#584=VECTOR('',#4533,10.);
#585=VECTOR('',#4534,10.);
#586=VECTOR('',#4535,10.);
#587=VECTOR('',#4536,10.);
#588=VECTOR('',#4537,10.);
#589=VECTOR('',#4538,10.);
#590=VECTOR('',#4539,10.);
#591=VECTOR('',#4540,10.);
#592=VECTOR('',#4545,10.);
#593=VECTOR('',#4554,10.);
#594=VECTOR('',#4559,10.);
#595=VECTOR('',#4560,10.);
#596=VECTOR('',#4561,10.);
#597=VECTOR('',#4562,10.);
#598=VECTOR('',#4563,10.);
#599=VECTOR('',#4564,10.);
#600=VECTOR('',#4565,10.);
#601=VECTOR('',#4566,10.);
#602=VECTOR('',#4567,10.);
#603=VECTOR('',#4568,10.);
#604=VECTOR('',#4593,10.);
#605=VECTOR('',#4596,10.);
#606=VECTOR('',#4603,10.);
#607=VECTOR('',#4606,10.);
#608=VECTOR('',#4609,10.);
#609=VECTOR('',#4610,10.);
#610=VECTOR('',#4615,10.);
#611=VECTOR('',#4618,10.);
#612=VECTOR('',#4621,10.);
#613=VECTOR('',#4624,10.);
#614=VECTOR('',#4625,10.);
#615=VECTOR('',#4628,10.);
#616=VECTOR('',#4631,10.);
#617=VECTOR('',#4632,10.);
#618=VECTOR('',#4633,10.);
#619=VECTOR('',#4634,10.);
#620=VECTOR('',#4639,0.750000000000002);
#621=VECTOR('',#4648,10.);
#622=VECTOR('',#4649,10.);
#623=VECTOR('',#4740,10.);
#624=VECTOR('',#4747,10.);
#625=VECTOR('',#4750,10.);
#626=VECTOR('',#4753,10.);
#627=VECTOR('',#4764,10.);
#628=VECTOR('',#4773,10.);
#629=VECTOR('',#4774,10.);
#630=VECTOR('',#4777,10.);
#631=VECTOR('',#4780,10.);
#632=VECTOR('',#4883,0.750000000000002);
#633=VECTOR('',#4894,0.750000000000002);
#634=VECTOR('',#4905,0.750000000000002);
#635=VECTOR('',#4916,0.750000000000002);
#636=VECTOR('',#4927,0.750000000000002);
#637=VECTOR('',#4938,0.750000000000002);
#638=VECTOR('',#4949,0.750000000000002);
#639=VECTOR('',#4960,0.750000000000002);
#640=VECTOR('',#4971,0.750000000000002);
#641=VECTOR('',#4982,0.750000000000002);
#642=VECTOR('',#4993,0.750000000000002);
#643=VECTOR('',#5004,0.750000000000002);
#644=VECTOR('',#5015,0.750000000000002);
#645=VECTOR('',#5026,0.750000000000002);
#646=VECTOR('',#5037,0.750000000000002);
#647=VECTOR('',#5048,0.750000000000002);
#648=VECTOR('',#5059,0.750000000000002);
#649=VECTOR('',#5070,0.750000000000002);
#650=VECTOR('',#5081,0.750000000000002);
#651=VECTOR('',#5092,0.750000000000002);
#652=VECTOR('',#5103,0.750000000000002);
#653=VECTOR('',#5114,0.750000000000002);
#654=VECTOR('',#5125,0.750000000000002);
#655=VECTOR('',#5136,0.750000000000002);
#656=VECTOR('',#5147,0.750000000000002);
#657=VECTOR('',#5158,0.750000000000002);
#658=VECTOR('',#5169,0.750000000000002);
#659=VECTOR('',#5180,0.750000000000002);
#660=VECTOR('',#5191,0.750000000000002);
#661=VECTOR('',#5202,0.750000000000002);
#662=VECTOR('',#5213,0.750000000000002);
#663=VECTOR('',#5224,0.750000000000002);
#664=VECTOR('',#5235,0.750000000000002);
#665=VECTOR('',#5246,0.750000000000002);
#666=VECTOR('',#5257,0.750000000000002);
#667=VECTOR('',#5268,0.750000000000002);
#668=VECTOR('',#5279,0.750000000000002);
#669=VECTOR('',#5290,0.750000000000002);
#670=VECTOR('',#5301,0.750000000000002);
#671=VECTOR('',#5312,0.750000000000002);
#672=VECTOR('',#5323,0.750000000000002);
#673=VECTOR('',#5334,0.750000000000002);
#674=VECTOR('',#5335,10.);
#675=VECTOR('',#5342,10.);
#676=VECTOR('',#5343,10.);
#677=VECTOR('',#5344,10.);
#678=VECTOR('',#5345,10.);
#679=VECTOR('',#5348,10.);
#680=VECTOR('',#5349,10.);
#681=VECTOR('',#5350,10.);
#682=VECTOR('',#5353,10.);
#683=VECTOR('',#5354,10.);
#684=VECTOR('',#5355,10.);
#685=VECTOR('',#5358,10.);
#686=VECTOR('',#5359,10.);
#687=VECTOR('',#5366,10.);
#688=VECTOR('',#5367,10.);
#689=VECTOR('',#5380,10.);
#690=VECTOR('',#5381,10.);
#691=CYLINDRICAL_SURFACE('',#3731,0.499999999999998);
#692=CYLINDRICAL_SURFACE('',#3737,0.499999999999998);
#693=CYLINDRICAL_SURFACE('',#3743,0.499999999999998);
#694=CYLINDRICAL_SURFACE('',#3749,0.499999999999998);
#695=CYLINDRICAL_SURFACE('',#3755,2.75);
#696=CYLINDRICAL_SURFACE('',#3762,2.75);
#697=CYLINDRICAL_SURFACE('',#3765,2.75);
#698=CYLINDRICAL_SURFACE('',#3771,1.19);
#699=CYLINDRICAL_SURFACE('',#3773,2.75);
#700=CYLINDRICAL_SURFACE('',#3777,3.75);
#701=CYLINDRICAL_SURFACE('',#3781,3.75);
#702=CYLINDRICAL_SURFACE('',#3787,2.875);
#703=CYLINDRICAL_SURFACE('',#3792,2.87499999999999);
#704=CYLINDRICAL_SURFACE('',#3798,3.75);
#705=CYLINDRICAL_SURFACE('',#3802,3.75);
#706=CYLINDRICAL_SURFACE('',#3811,2.75);
#707=CYLINDRICAL_SURFACE('',#3813,2.75);
#708=CYLINDRICAL_SURFACE('',#3816,2.75);
#709=CYLINDRICAL_SURFACE('',#3821,2.75);
#710=CYLINDRICAL_SURFACE('',#3824,8.);
#711=CYLINDRICAL_SURFACE('',#3829,8.);
#712=CYLINDRICAL_SURFACE('',#3837,8.);
#713=CYLINDRICAL_SURFACE('',#3856,3.);
#714=CYLINDRICAL_SURFACE('',#3857,3.);
#715=CYLINDRICAL_SURFACE('',#3858,8.);
#716=CYLINDRICAL_SURFACE('',#3860,11.);
#717=CYLINDRICAL_SURFACE('',#3863,11.);
#718=CYLINDRICAL_SURFACE('',#3870,0.750000000000002);
#719=CYLINDRICAL_SURFACE('',#3920,8.);
#720=CYLINDRICAL_SURFACE('',#3922,0.25);
#721=CYLINDRICAL_SURFACE('',#3924,0.25);
#722=CYLINDRICAL_SURFACE('',#3930,0.25);
#723=CYLINDRICAL_SURFACE('',#3934,0.25);
#724=CYLINDRICAL_SURFACE('',#3935,8.);
#725=CYLINDRICAL_SURFACE('',#3987,0.750000000000002);
#726=CYLINDRICAL_SURFACE('',#3992,0.750000000000002);
#727=CYLINDRICAL_SURFACE('',#3997,0.750000000000002);
#728=CYLINDRICAL_SURFACE('',#4002,0.750000000000002);
#729=CYLINDRICAL_SURFACE('',#4007,0.750000000000002);
#730=CYLINDRICAL_SURFACE('',#4012,0.750000000000002);
#731=CYLINDRICAL_SURFACE('',#4017,0.750000000000002);
#732=CYLINDRICAL_SURFACE('',#4022,0.750000000000002);
#733=CYLINDRICAL_SURFACE('',#4027,0.750000000000002);
#734=CYLINDRICAL_SURFACE('',#4032,0.750000000000002);
#735=CYLINDRICAL_SURFACE('',#4037,0.750000000000002);
#736=CYLINDRICAL_SURFACE('',#4042,0.750000000000002);
#737=CYLINDRICAL_SURFACE('',#4047,0.750000000000002);
#738=CYLINDRICAL_SURFACE('',#4052,0.750000000000002);
#739=CYLINDRICAL_SURFACE('',#4057,0.750000000000002);
#740=CYLINDRICAL_SURFACE('',#4062,0.750000000000002);
#741=CYLINDRICAL_SURFACE('',#4067,0.750000000000002);
#742=CYLINDRICAL_SURFACE('',#4072,0.750000000000002);
#743=CYLINDRICAL_SURFACE('',#4077,0.750000000000002);
#744=CYLINDRICAL_SURFACE('',#4082,0.750000000000002);
#745=CYLINDRICAL_SURFACE('',#4087,0.750000000000002);
#746=CYLINDRICAL_SURFACE('',#4092,0.750000000000002);
#747=CYLINDRICAL_SURFACE('',#4097,0.750000000000002);
#748=CYLINDRICAL_SURFACE('',#4102,0.750000000000002);
#749=CYLINDRICAL_SURFACE('',#4107,0.750000000000002);
#750=CYLINDRICAL_SURFACE('',#4112,0.750000000000002);
#751=CYLINDRICAL_SURFACE('',#4117,0.750000000000002);
#752=CYLINDRICAL_SURFACE('',#4122,0.750000000000002);
#753=CYLINDRICAL_SURFACE('',#4127,0.750000000000002);
#754=CYLINDRICAL_SURFACE('',#4132,0.750000000000002);
#755=CYLINDRICAL_SURFACE('',#4137,0.750000000000002);
#756=CYLINDRICAL_SURFACE('',#4142,0.750000000000002);
#757=CYLINDRICAL_SURFACE('',#4147,0.750000000000002);
#758=CYLINDRICAL_SURFACE('',#4152,0.750000000000002);
#759=CYLINDRICAL_SURFACE('',#4157,0.750000000000002);
#760=CYLINDRICAL_SURFACE('',#4162,0.750000000000002);
#761=CYLINDRICAL_SURFACE('',#4167,0.750000000000002);
#762=CYLINDRICAL_SURFACE('',#4172,0.750000000000002);
#763=CYLINDRICAL_SURFACE('',#4177,0.750000000000002);
#764=CYLINDRICAL_SURFACE('',#4182,0.750000000000002);
#765=CYLINDRICAL_SURFACE('',#4187,0.750000000000002);
#766=CYLINDRICAL_SURFACE('',#4192,0.750000000000002);
#767=CYLINDRICAL_SURFACE('',#4202,2.87499999999999);
#768=CYLINDRICAL_SURFACE('',#4208,2.875);
#769=FACE_OUTER_BOUND('',#967,.T.);
#770=FACE_OUTER_BOUND('',#968,.T.);
#771=FACE_OUTER_BOUND('',#969,.T.);
#772=FACE_OUTER_BOUND('',#970,.T.);
#773=FACE_OUTER_BOUND('',#971,.T.);
#774=FACE_OUTER_BOUND('',#972,.T.);
#775=FACE_OUTER_BOUND('',#973,.T.);
#776=FACE_OUTER_BOUND('',#974,.T.);
#777=FACE_OUTER_BOUND('',#975,.T.);
#778=FACE_OUTER_BOUND('',#980,.T.);
#779=FACE_OUTER_BOUND('',#981,.T.);
#780=FACE_OUTER_BOUND('',#982,.T.);
#781=FACE_OUTER_BOUND('',#983,.T.);
#782=FACE_OUTER_BOUND('',#984,.T.);
#783=FACE_OUTER_BOUND('',#985,.T.);
#784=FACE_OUTER_BOUND('',#986,.T.);
#785=FACE_OUTER_BOUND('',#987,.T.);
#786=FACE_OUTER_BOUND('',#988,.T.);
#787=FACE_OUTER_BOUND('',#989,.T.);
#788=FACE_OUTER_BOUND('',#990,.T.);
#789=FACE_OUTER_BOUND('',#991,.T.);
#790=FACE_OUTER_BOUND('',#992,.T.);
#791=FACE_OUTER_BOUND('',#993,.T.);
#792=FACE_OUTER_BOUND('',#995,.T.);
#793=FACE_OUTER_BOUND('',#996,.T.);
#794=FACE_OUTER_BOUND('',#997,.T.);
#795=FACE_OUTER_BOUND('',#998,.T.);
#796=FACE_OUTER_BOUND('',#999,.T.);
#797=FACE_OUTER_BOUND('',#1001,.T.);
#798=FACE_OUTER_BOUND('',#1003,.T.);
#799=FACE_OUTER_BOUND('',#1004,.T.);
#800=FACE_OUTER_BOUND('',#1005,.T.);
#801=FACE_OUTER_BOUND('',#1006,.T.);
#802=FACE_OUTER_BOUND('',#1007,.T.);
#803=FACE_OUTER_BOUND('',#1008,.T.);
#804=FACE_OUTER_BOUND('',#1009,.T.);
#805=FACE_OUTER_BOUND('',#1010,.T.);
#806=FACE_OUTER_BOUND('',#1011,.T.);
#807=FACE_OUTER_BOUND('',#1012,.T.);
#808=FACE_OUTER_BOUND('',#1013,.T.);
#809=FACE_OUTER_BOUND('',#1014,.T.);
#810=FACE_OUTER_BOUND('',#1015,.T.);
#811=FACE_OUTER_BOUND('',#1017,.T.);
#812=FACE_OUTER_BOUND('',#1019,.T.);
#813=FACE_OUTER_BOUND('',#1020,.T.);
#814=FACE_OUTER_BOUND('',#1021,.T.);
#815=FACE_OUTER_BOUND('',#1022,.T.);
#816=FACE_OUTER_BOUND('',#1023,.T.);
#817=FACE_OUTER_BOUND('',#1024,.T.);
#818=FACE_OUTER_BOUND('',#1025,.T.);
#819=FACE_OUTER_BOUND('',#1026,.T.);
#820=FACE_OUTER_BOUND('',#1027,.T.);
#821=FACE_OUTER_BOUND('',#1028,.T.);
#822=FACE_OUTER_BOUND('',#1029,.T.);
#823=FACE_OUTER_BOUND('',#1030,.T.);
#824=FACE_OUTER_BOUND('',#1031,.T.);
#825=FACE_OUTER_BOUND('',#1032,.T.);
#826=FACE_OUTER_BOUND('',#1033,.T.);
#827=FACE_OUTER_BOUND('',#1034,.T.);
#828=FACE_OUTER_BOUND('',#1035,.T.);
#829=FACE_OUTER_BOUND('',#1037,.T.);
#830=FACE_OUTER_BOUND('',#1039,.T.);
#831=FACE_OUTER_BOUND('',#1040,.T.);
#832=FACE_OUTER_BOUND('',#1041,.T.);
#833=FACE_OUTER_BOUND('',#1042,.T.);
#834=FACE_OUTER_BOUND('',#1043,.T.);
#835=FACE_OUTER_BOUND('',#1044,.T.);
#836=FACE_OUTER_BOUND('',#1045,.T.);
#837=FACE_OUTER_BOUND('',#1046,.T.);
#838=FACE_OUTER_BOUND('',#1047,.T.);
#839=FACE_OUTER_BOUND('',#1048,.T.);
#840=FACE_OUTER_BOUND('',#1049,.T.);
#841=FACE_OUTER_BOUND('',#1050,.T.);
#842=FACE_OUTER_BOUND('',#1051,.T.);
#843=FACE_OUTER_BOUND('',#1052,.T.);
#844=FACE_OUTER_BOUND('',#1053,.T.);
#845=FACE_OUTER_BOUND('',#1054,.T.);
#846=FACE_OUTER_BOUND('',#1055,.T.);
#847=FACE_OUTER_BOUND('',#1056,.T.);
#848=FACE_OUTER_BOUND('',#1057,.T.);
#849=FACE_OUTER_BOUND('',#1059,.T.);
#850=FACE_OUTER_BOUND('',#1060,.T.);
#851=FACE_OUTER_BOUND('',#1061,.T.);
#852=FACE_OUTER_BOUND('',#1062,.T.);
#853=FACE_OUTER_BOUND('',#1063,.T.);
#854=FACE_OUTER_BOUND('',#1105,.T.);
#855=FACE_OUTER_BOUND('',#1106,.T.);
#856=FACE_OUTER_BOUND('',#1107,.T.);
#857=FACE_OUTER_BOUND('',#1108,.T.);
#858=FACE_OUTER_BOUND('',#1109,.T.);
#859=FACE_OUTER_BOUND('',#1110,.T.);
#860=FACE_OUTER_BOUND('',#1111,.T.);
#861=FACE_OUTER_BOUND('',#1112,.T.);
#862=FACE_OUTER_BOUND('',#1113,.T.);
#863=FACE_OUTER_BOUND('',#1114,.T.);
#864=FACE_OUTER_BOUND('',#1115,.T.);
#865=FACE_OUTER_BOUND('',#1116,.T.);
#866=FACE_OUTER_BOUND('',#1160,.T.);
#867=FACE_OUTER_BOUND('',#1161,.T.);
#868=FACE_OUTER_BOUND('',#1162,.T.);
#869=FACE_OUTER_BOUND('',#1163,.T.);
#870=FACE_OUTER_BOUND('',#1164,.T.);
#871=FACE_OUTER_BOUND('',#1165,.T.);
#872=FACE_OUTER_BOUND('',#1166,.T.);
#873=FACE_OUTER_BOUND('',#1167,.T.);
#874=FACE_OUTER_BOUND('',#1168,.T.);
#875=FACE_OUTER_BOUND('',#1169,.T.);
#876=FACE_OUTER_BOUND('',#1170,.T.);
#877=FACE_OUTER_BOUND('',#1171,.T.);
#878=FACE_OUTER_BOUND('',#1172,.T.);
#879=FACE_OUTER_BOUND('',#1173,.T.);
#880=FACE_OUTER_BOUND('',#1174,.T.);
#881=FACE_OUTER_BOUND('',#1175,.T.);
#882=FACE_OUTER_BOUND('',#1176,.T.);
#883=FACE_OUTER_BOUND('',#1177,.T.);
#884=FACE_OUTER_BOUND('',#1178,.T.);
#885=FACE_OUTER_BOUND('',#1179,.T.);
#886=FACE_OUTER_BOUND('',#1180,.T.);
#887=FACE_OUTER_BOUND('',#1181,.T.);
#888=FACE_OUTER_BOUND('',#1182,.T.);
#889=FACE_OUTER_BOUND('',#1183,.T.);
#890=FACE_OUTER_BOUND('',#1184,.T.);
#891=FACE_OUTER_BOUND('',#1185,.T.);
#892=FACE_OUTER_BOUND('',#1186,.T.);
#893=FACE_OUTER_BOUND('',#1187,.T.);
#894=FACE_OUTER_BOUND('',#1188,.T.);
#895=FACE_OUTER_BOUND('',#1189,.T.);
#896=FACE_OUTER_BOUND('',#1190,.T.);
#897=FACE_OUTER_BOUND('',#1191,.T.);
#898=FACE_OUTER_BOUND('',#1192,.T.);
#899=FACE_OUTER_BOUND('',#1193,.T.);
#900=FACE_OUTER_BOUND('',#1194,.T.);
#901=FACE_OUTER_BOUND('',#1195,.T.);
#902=FACE_OUTER_BOUND('',#1196,.T.);
#903=FACE_OUTER_BOUND('',#1197,.T.);
#904=FACE_OUTER_BOUND('',#1198,.T.);
#905=FACE_OUTER_BOUND('',#1199,.T.);
#906=FACE_OUTER_BOUND('',#1200,.T.);
#907=FACE_OUTER_BOUND('',#1201,.T.);
#908=FACE_OUTER_BOUND('',#1202,.T.);
#909=FACE_OUTER_BOUND('',#1203,.T.);
#910=FACE_OUTER_BOUND('',#1204,.T.);
#911=FACE_OUTER_BOUND('',#1205,.T.);
#912=FACE_OUTER_BOUND('',#1206,.T.);
#913=FACE_OUTER_BOUND('',#1207,.T.);
#914=FACE_OUTER_BOUND('',#1208,.T.);
#915=FACE_OUTER_BOUND('',#1209,.T.);
#916=FACE_OUTER_BOUND('',#1210,.T.);
#917=FACE_OUTER_BOUND('',#1211,.T.);
#918=FACE_OUTER_BOUND('',#1212,.T.);
#919=FACE_OUTER_BOUND('',#1213,.T.);
#920=FACE_OUTER_BOUND('',#1214,.T.);
#921=FACE_OUTER_BOUND('',#1215,.T.);
#922=FACE_OUTER_BOUND('',#1216,.T.);
#923=FACE_OUTER_BOUND('',#1217,.T.);
#924=FACE_OUTER_BOUND('',#1218,.T.);
#925=FACE_OUTER_BOUND('',#1219,.T.);
#926=FACE_OUTER_BOUND('',#1220,.T.);
#927=FACE_OUTER_BOUND('',#1221,.T.);
#928=FACE_OUTER_BOUND('',#1222,.T.);
#929=FACE_OUTER_BOUND('',#1223,.T.);
#930=FACE_OUTER_BOUND('',#1224,.T.);
#931=FACE_OUTER_BOUND('',#1225,.T.);
#932=FACE_OUTER_BOUND('',#1226,.T.);
#933=FACE_OUTER_BOUND('',#1227,.T.);
#934=FACE_OUTER_BOUND('',#1228,.T.);
#935=FACE_OUTER_BOUND('',#1229,.T.);
#936=FACE_OUTER_BOUND('',#1230,.T.);
#937=FACE_OUTER_BOUND('',#1231,.T.);
#938=FACE_OUTER_BOUND('',#1232,.T.);
#939=FACE_OUTER_BOUND('',#1233,.T.);
#940=FACE_OUTER_BOUND('',#1234,.T.);
#941=FACE_OUTER_BOUND('',#1235,.T.);
#942=FACE_OUTER_BOUND('',#1236,.T.);
#943=FACE_OUTER_BOUND('',#1237,.T.);
#944=FACE_OUTER_BOUND('',#1238,.T.);
#945=FACE_OUTER_BOUND('',#1239,.T.);
#946=FACE_OUTER_BOUND('',#1240,.T.);
#947=FACE_OUTER_BOUND('',#1241,.T.);
#948=FACE_OUTER_BOUND('',#1242,.T.);
#949=FACE_OUTER_BOUND('',#1243,.T.);
#950=FACE_OUTER_BOUND('',#1244,.T.);
#951=FACE_OUTER_BOUND('',#1245,.T.);
#952=FACE_OUTER_BOUND('',#1246,.T.);
#953=FACE_OUTER_BOUND('',#1247,.T.);
#954=FACE_OUTER_BOUND('',#1248,.T.);
#955=FACE_OUTER_BOUND('',#1249,.T.);
#956=FACE_OUTER_BOUND('',#1250,.T.);
#957=FACE_OUTER_BOUND('',#1251,.T.);
#958=FACE_OUTER_BOUND('',#1252,.T.);
#959=FACE_OUTER_BOUND('',#1253,.T.);
#960=FACE_OUTER_BOUND('',#1254,.T.);
#961=FACE_OUTER_BOUND('',#1255,.T.);
#962=FACE_OUTER_BOUND('',#1256,.T.);
#963=FACE_OUTER_BOUND('',#1257,.T.);
#964=FACE_OUTER_BOUND('',#1258,.T.);
#965=FACE_OUTER_BOUND('',#1259,.T.);
#966=FACE_OUTER_BOUND('',#1260,.T.);
#967=EDGE_LOOP('',(#2414,#2415,#2416,#2417));
#968=EDGE_LOOP('',(#2418,#2419,#2420,#2421,#2422));
#969=EDGE_LOOP('',(#2423,#2424,#2425,#2426));
#970=EDGE_LOOP('',(#2427,#2428,#2429,#2430,#2431));
#971=EDGE_LOOP('',(#2432,#2433,#2434,#2435));
#972=EDGE_LOOP('',(#2436,#2437,#2438,#2439,#2440));
#973=EDGE_LOOP('',(#2441,#2442,#2443,#2444));
#974=EDGE_LOOP('',(#2445,#2446,#2447,#2448,#2449));
#975=EDGE_LOOP('',(#2450,#2451,#2452,#2453));
#976=EDGE_LOOP('',(#2454));
#977=EDGE_LOOP('',(#2455));
#978=EDGE_LOOP('',(#2456));
#979=EDGE_LOOP('',(#2457));
#980=EDGE_LOOP('',(#2458,#2459,#2460,#2461));
#981=EDGE_LOOP('',(#2462,#2463,#2464,#2465));
#982=EDGE_LOOP('',(#2466,#2467,#2468,#2469));
#983=EDGE_LOOP('',(#2470,#2471,#2472,#2473));
#984=EDGE_LOOP('',(#2474,#2475,#2476,#2477));
#985=EDGE_LOOP('',(#2478,#2479,#2480,#2481));
#986=EDGE_LOOP('',(#2482,#2483,#2484,#2485));
#987=EDGE_LOOP('',(#2486,#2487,#2488,#2489));
#988=EDGE_LOOP('',(#2490,#2491,#2492,#2493));
#989=EDGE_LOOP('',(#2494,#2495,#2496,#2497));
#990=EDGE_LOOP('',(#2498,#2499,#2500,#2501));
#991=EDGE_LOOP('',(#2502,#2503,#2504,#2505));
#992=EDGE_LOOP('',(#2506,#2507,#2508,#2509));
#993=EDGE_LOOP('',(#2510,#2511,#2512,#2513));
#994=EDGE_LOOP('',(#2514,#2515,#2516,#2517));
#995=EDGE_LOOP('',(#2518,#2519,#2520,#2521));
#996=EDGE_LOOP('',(#2522,#2523,#2524,#2525));
#997=EDGE_LOOP('',(#2526,#2527,#2528,#2529));
#998=EDGE_LOOP('',(#2530,#2531,#2532,#2533));
#999=EDGE_LOOP('',(#2534,#2535,#2536,#2537));
#1000=EDGE_LOOP('',(#2538,#2539,#2540,#2541));
#1001=EDGE_LOOP('',(#2542,#2543,#2544,#2545));
#1002=EDGE_LOOP('',(#2546,#2547,#2548,#2549));
#1003=EDGE_LOOP('',(#2550,#2551,#2552,#2553));
#1004=EDGE_LOOP('',(#2554,#2555));
#1005=EDGE_LOOP('',(#2556,#2557));
#1006=EDGE_LOOP('',(#2558,#2559,#2560,#2561));
#1007=EDGE_LOOP('',(#2562,#2563));
#1008=EDGE_LOOP('',(#2564,#2565));
#1009=EDGE_LOOP('',(#2566,#2567,#2568,#2569));
#1010=EDGE_LOOP('',(#2570,#2571,#2572,#2573));
#1011=EDGE_LOOP('',(#2574,#2575,#2576,#2577));
#1012=EDGE_LOOP('',(#2578,#2579,#2580,#2581));
#1013=EDGE_LOOP('',(#2582,#2583,#2584,#2585));
#1014=EDGE_LOOP('',(#2586,#2587,#2588,#2589));
#1015=EDGE_LOOP('',(#2590,#2591,#2592,#2593));
#1016=EDGE_LOOP('',(#2594,#2595,#2596,#2597));
#1017=EDGE_LOOP('',(#2598,#2599,#2600,#2601));
#1018=EDGE_LOOP('',(#2602,#2603,#2604,#2605));
#1019=EDGE_LOOP('',(#2606,#2607,#2608,#2609));
#1020=EDGE_LOOP('',(#2610,#2611,#2612,#2613));
#1021=EDGE_LOOP('',(#2614,#2615,#2616,#2617));
#1022=EDGE_LOOP('',(#2618,#2619,#2620,#2621));
#1023=EDGE_LOOP('',(#2622,#2623,#2624,#2625));
#1024=EDGE_LOOP('',(#2626,#2627,#2628,#2629));
#1025=EDGE_LOOP('',(#2630,#2631,#2632,#2633));
#1026=EDGE_LOOP('',(#2634,#2635,#2636,#2637));
#1027=EDGE_LOOP('',(#2638,#2639,#2640,#2641));
#1028=EDGE_LOOP('',(#2642,#2643,#2644,#2645,#2646,#2647));
#1029=EDGE_LOOP('',(#2648,#2649,#2650,#2651));
#1030=EDGE_LOOP('',(#2652,#2653,#2654,#2655,#2656,#2657));
#1031=EDGE_LOOP('',(#2658,#2659,#2660,#2661));
#1032=EDGE_LOOP('',(#2662,#2663,#2664,#2665,#2666,#2667));
#1033=EDGE_LOOP('',(#2668,#2669,#2670,#2671));
#1034=EDGE_LOOP('',(#2672,#2673,#2674,#2675,#2676,#2677));
#1035=EDGE_LOOP('',(#2678,#2679,#2680,#2681,#2682,#2683,#2684,#2685));
#1036=EDGE_LOOP('',(#2686,#2687,#2688,#2689));
#1037=EDGE_LOOP('',(#2690,#2691,#2692,#2693,#2694,#2695,#2696,#2697));
#1038=EDGE_LOOP('',(#2698,#2699,#2700,#2701));
#1039=EDGE_LOOP('',(#2702,#2703,#2704,#2705,#2706,#2707,#2708,#2709,#2710,
#2711,#2712,#2713));
#1040=EDGE_LOOP('',(#2714,#2715,#2716,#2717));
#1041=EDGE_LOOP('',(#2718,#2719));
#1042=EDGE_LOOP('',(#2720,#2721));
#1043=EDGE_LOOP('',(#2722,#2723,#2724,#2725,#2726,#2727,#2728,#2729,#2730,
#2731,#2732,#2733));
#1044=EDGE_LOOP('',(#2734,#2735));
#1045=EDGE_LOOP('',(#2736,#2737));
#1046=EDGE_LOOP('',(#2738,#2739,#2740,#2741));
#1047=EDGE_LOOP('',(#2742,#2743,#2744,#2745));
#1048=EDGE_LOOP('',(#2746,#2747,#2748,#2749,#2750,#2751));
#1049=EDGE_LOOP('',(#2752,#2753,#2754,#2755,#2756,#2757));
#1050=EDGE_LOOP('',(#2758,#2759,#2760,#2761));
#1051=EDGE_LOOP('',(#2762,#2763,#2764,#2765));
#1052=EDGE_LOOP('',(#2766,#2767,#2768,#2769));
#1053=EDGE_LOOP('',(#2770,#2771,#2772,#2773));
#1054=EDGE_LOOP('',(#2774,#2775,#2776,#2777));
#1055=EDGE_LOOP('',(#2778,#2779,#2780,#2781));
#1056=EDGE_LOOP('',(#2782,#2783,#2784,#2785));
#1057=EDGE_LOOP('',(#2786,#2787,#2788,#2789));
#1058=EDGE_LOOP('',(#2790,#2791,#2792,#2793,#2794,#2795,#2796,#2797));
#1059=EDGE_LOOP('',(#2798,#2799,#2800,#2801));
#1060=EDGE_LOOP('',(#2802,#2803,#2804,#2805));
#1061=EDGE_LOOP('',(#2806,#2807,#2808,#2809,#2810,#2811,#2812,#2813,#2814));
#1062=EDGE_LOOP('',(#2815,#2816,#2817,#2818));
#1063=EDGE_LOOP('',(#2819,#2820,#2821,#2822,#2823,#2824,#2825,#2826,#2827,
#2828));
#1064=EDGE_LOOP('',(#2829));
#1065=EDGE_LOOP('',(#2830));
#1066=EDGE_LOOP('',(#2831));
#1067=EDGE_LOOP('',(#2832));
#1068=EDGE_LOOP('',(#2833));
#1069=EDGE_LOOP('',(#2834));
#1070=EDGE_LOOP('',(#2835));
#1071=EDGE_LOOP('',(#2836));
#1072=EDGE_LOOP('',(#2837));
#1073=EDGE_LOOP('',(#2838));
#1074=EDGE_LOOP('',(#2839));
#1075=EDGE_LOOP('',(#2840));
#1076=EDGE_LOOP('',(#2841));
#1077=EDGE_LOOP('',(#2842));
#1078=EDGE_LOOP('',(#2843));
#1079=EDGE_LOOP('',(#2844));
#1080=EDGE_LOOP('',(#2845));
#1081=EDGE_LOOP('',(#2846));
#1082=EDGE_LOOP('',(#2847));
#1083=EDGE_LOOP('',(#2848));
#1084=EDGE_LOOP('',(#2849));
#1085=EDGE_LOOP('',(#2850));
#1086=EDGE_LOOP('',(#2851));
#1087=EDGE_LOOP('',(#2852));
#1088=EDGE_LOOP('',(#2853));
#1089=EDGE_LOOP('',(#2854));
#1090=EDGE_LOOP('',(#2855));
#1091=EDGE_LOOP('',(#2856));
#1092=EDGE_LOOP('',(#2857));
#1093=EDGE_LOOP('',(#2858));
#1094=EDGE_LOOP('',(#2859));
#1095=EDGE_LOOP('',(#2860));
#1096=EDGE_LOOP('',(#2861));
#1097=EDGE_LOOP('',(#2862));
#1098=EDGE_LOOP('',(#2863));
#1099=EDGE_LOOP('',(#2864));
#1100=EDGE_LOOP('',(#2865));
#1101=EDGE_LOOP('',(#2866));
#1102=EDGE_LOOP('',(#2867));
#1103=EDGE_LOOP('',(#2868));
#1104=EDGE_LOOP('',(#2869));
#1105=EDGE_LOOP('',(#2870,#2871,#2872,#2873));
#1106=EDGE_LOOP('',(#2874,#2875,#2876,#2877));
#1107=EDGE_LOOP('',(#2878,#2879,#2880,#2881));
#1108=EDGE_LOOP('',(#2882,#2883,#2884,#2885));
#1109=EDGE_LOOP('',(#2886,#2887,#2888,#2889));
#1110=EDGE_LOOP('',(#2890,#2891,#2892,#2893));
#1111=EDGE_LOOP('',(#2894,#2895,#2896,#2897));
#1112=EDGE_LOOP('',(#2898,#2899,#2900,#2901));
#1113=EDGE_LOOP('',(#2902,#2903,#2904,#2905));
#1114=EDGE_LOOP('',(#2906,#2907,#2908,#2909));
#1115=EDGE_LOOP('',(#2910,#2911,#2912,#2913));
#1116=EDGE_LOOP('',(#2914,#2915,#2916,#2917,#2918,#2919,#2920,#2921));
#1117=EDGE_LOOP('',(#2922));
#1118=EDGE_LOOP('',(#2923));
#1119=EDGE_LOOP('',(#2924));
#1120=EDGE_LOOP('',(#2925));
#1121=EDGE_LOOP('',(#2926));
#1122=EDGE_LOOP('',(#2927));
#1123=EDGE_LOOP('',(#2928));
#1124=EDGE_LOOP('',(#2929));
#1125=EDGE_LOOP('',(#2930));
#1126=EDGE_LOOP('',(#2931));
#1127=EDGE_LOOP('',(#2932));
#1128=EDGE_LOOP('',(#2933));
#1129=EDGE_LOOP('',(#2934));
#1130=EDGE_LOOP('',(#2935));
#1131=EDGE_LOOP('',(#2936));
#1132=EDGE_LOOP('',(#2937));
#1133=EDGE_LOOP('',(#2938));
#1134=EDGE_LOOP('',(#2939));
#1135=EDGE_LOOP('',(#2940));
#1136=EDGE_LOOP('',(#2941));
#1137=EDGE_LOOP('',(#2942));
#1138=EDGE_LOOP('',(#2943));
#1139=EDGE_LOOP('',(#2944));
#1140=EDGE_LOOP('',(#2945));
#1141=EDGE_LOOP('',(#2946));
#1142=EDGE_LOOP('',(#2947));
#1143=EDGE_LOOP('',(#2948));
#1144=EDGE_LOOP('',(#2949));
#1145=EDGE_LOOP('',(#2950));
#1146=EDGE_LOOP('',(#2951));
#1147=EDGE_LOOP('',(#2952));
#1148=EDGE_LOOP('',(#2953));
#1149=EDGE_LOOP('',(#2954));
#1150=EDGE_LOOP('',(#2955));
#1151=EDGE_LOOP('',(#2956));
#1152=EDGE_LOOP('',(#2957));
#1153=EDGE_LOOP('',(#2958));
#1154=EDGE_LOOP('',(#2959));
#1155=EDGE_LOOP('',(#2960));
#1156=EDGE_LOOP('',(#2961));
#1157=EDGE_LOOP('',(#2962));
#1158=EDGE_LOOP('',(#2963));
#1159=EDGE_LOOP('',(#2964));
#1160=EDGE_LOOP('',(#2965,#2966,#2967,#2968,#2969));
#1161=EDGE_LOOP('',(#2970,#2971,#2972,#2973,#2974));
#1162=EDGE_LOOP('',(#2975,#2976,#2977,#2978,#2979));
#1163=EDGE_LOOP('',(#2980,#2981,#2982,#2983,#2984));
#1164=EDGE_LOOP('',(#2985,#2986,#2987,#2988,#2989));
#1165=EDGE_LOOP('',(#2990,#2991,#2992,#2993,#2994));
#1166=EDGE_LOOP('',(#2995,#2996,#2997,#2998,#2999));
#1167=EDGE_LOOP('',(#3000,#3001,#3002,#3003,#3004));
#1168=EDGE_LOOP('',(#3005,#3006,#3007,#3008,#3009));
#1169=EDGE_LOOP('',(#3010,#3011,#3012,#3013,#3014));
#1170=EDGE_LOOP('',(#3015,#3016,#3017,#3018,#3019));
#1171=EDGE_LOOP('',(#3020,#3021,#3022,#3023,#3024));
#1172=EDGE_LOOP('',(#3025,#3026,#3027,#3028,#3029));
#1173=EDGE_LOOP('',(#3030,#3031,#3032,#3033,#3034));
#1174=EDGE_LOOP('',(#3035,#3036,#3037,#3038,#3039));
#1175=EDGE_LOOP('',(#3040,#3041,#3042,#3043,#3044));
#1176=EDGE_LOOP('',(#3045,#3046,#3047,#3048,#3049));
#1177=EDGE_LOOP('',(#3050,#3051,#3052,#3053,#3054));
#1178=EDGE_LOOP('',(#3055,#3056,#3057,#3058,#3059));
#1179=EDGE_LOOP('',(#3060,#3061,#3062,#3063,#3064));
#1180=EDGE_LOOP('',(#3065,#3066,#3067,#3068,#3069));
#1181=EDGE_LOOP('',(#3070,#3071,#3072,#3073,#3074));
#1182=EDGE_LOOP('',(#3075,#3076,#3077,#3078,#3079));
#1183=EDGE_LOOP('',(#3080,#3081,#3082,#3083,#3084));
#1184=EDGE_LOOP('',(#3085,#3086,#3087,#3088,#3089));
#1185=EDGE_LOOP('',(#3090,#3091,#3092,#3093,#3094));
#1186=EDGE_LOOP('',(#3095,#3096,#3097,#3098,#3099));
#1187=EDGE_LOOP('',(#3100,#3101,#3102,#3103,#3104));
#1188=EDGE_LOOP('',(#3105,#3106,#3107,#3108,#3109));
#1189=EDGE_LOOP('',(#3110,#3111,#3112,#3113,#3114));
#1190=EDGE_LOOP('',(#3115,#3116,#3117,#3118,#3119));
#1191=EDGE_LOOP('',(#3120,#3121,#3122,#3123,#3124));
#1192=EDGE_LOOP('',(#3125,#3126,#3127,#3128,#3129));
#1193=EDGE_LOOP('',(#3130,#3131,#3132,#3133,#3134));
#1194=EDGE_LOOP('',(#3135,#3136,#3137,#3138,#3139));
#1195=EDGE_LOOP('',(#3140,#3141,#3142,#3143,#3144));
#1196=EDGE_LOOP('',(#3145,#3146,#3147,#3148,#3149));
#1197=EDGE_LOOP('',(#3150,#3151,#3152,#3153,#3154));
#1198=EDGE_LOOP('',(#3155,#3156,#3157,#3158,#3159));
#1199=EDGE_LOOP('',(#3160,#3161,#3162,#3163,#3164));
#1200=EDGE_LOOP('',(#3165,#3166,#3167,#3168,#3169));
#1201=EDGE_LOOP('',(#3170,#3171,#3172,#3173,#3174));
#1202=EDGE_LOOP('',(#3175,#3176,#3177,#3178,#3179));
#1203=EDGE_LOOP('',(#3180,#3181,#3182,#3183,#3184));
#1204=EDGE_LOOP('',(#3185,#3186,#3187,#3188,#3189));
#1205=EDGE_LOOP('',(#3190,#3191,#3192,#3193,#3194));
#1206=EDGE_LOOP('',(#3195,#3196,#3197,#3198,#3199));
#1207=EDGE_LOOP('',(#3200,#3201,#3202,#3203,#3204));
#1208=EDGE_LOOP('',(#3205,#3206,#3207,#3208,#3209));
#1209=EDGE_LOOP('',(#3210,#3211,#3212,#3213,#3214));
#1210=EDGE_LOOP('',(#3215,#3216,#3217,#3218,#3219));
#1211=EDGE_LOOP('',(#3220,#3221,#3222,#3223,#3224));
#1212=EDGE_LOOP('',(#3225,#3226,#3227,#3228,#3229));
#1213=EDGE_LOOP('',(#3230,#3231,#3232,#3233,#3234));
#1214=EDGE_LOOP('',(#3235,#3236,#3237,#3238,#3239));
#1215=EDGE_LOOP('',(#3240,#3241,#3242,#3243,#3244));
#1216=EDGE_LOOP('',(#3245,#3246,#3247,#3248,#3249));
#1217=EDGE_LOOP('',(#3250,#3251,#3252,#3253,#3254));
#1218=EDGE_LOOP('',(#3255,#3256,#3257,#3258,#3259));
#1219=EDGE_LOOP('',(#3260,#3261,#3262,#3263,#3264));
#1220=EDGE_LOOP('',(#3265,#3266,#3267,#3268,#3269));
#1221=EDGE_LOOP('',(#3270,#3271,#3272,#3273,#3274));
#1222=EDGE_LOOP('',(#3275,#3276,#3277,#3278,#3279));
#1223=EDGE_LOOP('',(#3280,#3281,#3282,#3283,#3284));
#1224=EDGE_LOOP('',(#3285,#3286,#3287,#3288,#3289,#3290,#3291,#3292,#3293));
#1225=EDGE_LOOP('',(#3294,#3295,#3296,#3297,#3298));
#1226=EDGE_LOOP('',(#3299,#3300,#3301,#3302,#3303));
#1227=EDGE_LOOP('',(#3304,#3305,#3306,#3307,#3308));
#1228=EDGE_LOOP('',(#3309,#3310,#3311,#3312,#3313));
#1229=EDGE_LOOP('',(#3314,#3315,#3316,#3317,#3318));
#1230=EDGE_LOOP('',(#3319,#3320,#3321,#3322,#3323));
#1231=EDGE_LOOP('',(#3324,#3325,#3326,#3327,#3328));
#1232=EDGE_LOOP('',(#3329,#3330,#3331,#3332,#3333));
#1233=EDGE_LOOP('',(#3334,#3335,#3336,#3337,#3338));
#1234=EDGE_LOOP('',(#3339,#3340,#3341,#3342,#3343));
#1235=EDGE_LOOP('',(#3344,#3345,#3346,#3347,#3348));
#1236=EDGE_LOOP('',(#3349,#3350,#3351,#3352,#3353));
#1237=EDGE_LOOP('',(#3354,#3355,#3356,#3357,#3358));
#1238=EDGE_LOOP('',(#3359,#3360,#3361,#3362,#3363));
#1239=EDGE_LOOP('',(#3364,#3365,#3366,#3367,#3368));
#1240=EDGE_LOOP('',(#3369,#3370,#3371,#3372,#3373));
#1241=EDGE_LOOP('',(#3374,#3375,#3376,#3377,#3378));
#1242=EDGE_LOOP('',(#3379,#3380,#3381,#3382,#3383));
#1243=EDGE_LOOP('',(#3384,#3385,#3386,#3387,#3388));
#1244=EDGE_LOOP('',(#3389,#3390,#3391,#3392,#3393));
#1245=EDGE_LOOP('',(#3394,#3395,#3396,#3397));
#1246=EDGE_LOOP('',(#3398,#3399,#3400,#3401));
#1247=EDGE_LOOP('',(#3402,#3403,#3404,#3405));
#1248=EDGE_LOOP('',(#3406,#3407,#3408,#3409));
#1249=EDGE_LOOP('',(#3410,#3411,#3412,#3413));
#1250=EDGE_LOOP('',(#3414,#3415,#3416,#3417));
#1251=EDGE_LOOP('',(#3418,#3419,#3420,#3421));
#1252=EDGE_LOOP('',(#3422,#3423,#3424,#3425));
#1253=EDGE_LOOP('',(#3426,#3427,#3428,#3429));
#1254=EDGE_LOOP('',(#3430,#3431,#3432,#3433));
#1255=EDGE_LOOP('',(#3434,#3435));
#1256=EDGE_LOOP('',(#3436,#3437));
#1257=EDGE_LOOP('',(#3438,#3439,#3440,#3441));
#1258=EDGE_LOOP('',(#3442,#3443,#3444,#3445));
#1259=EDGE_LOOP('',(#3446,#3447));
#1260=EDGE_LOOP('',(#3448,#3449));
#1261=CIRCLE('',#3728,0.499999999999998);
#1262=CIRCLE('',#3729,0.499999999999998);
#1263=CIRCLE('',#3730,0.499999999999998);
#1264=CIRCLE('',#3732,0.499999999999998);
#1265=CIRCLE('',#3734,0.499999999999998);
#1266=CIRCLE('',#3735,0.499999999999998);
#1267=CIRCLE('',#3736,0.499999999999998);
#1268=CIRCLE('',#3738,0.499999999999998);
#1269=CIRCLE('',#3740,0.499999999999998);
#1270=CIRCLE('',#3741,0.499999999999998);
#1271=CIRCLE('',#3742,0.499999999999998);
#1272=CIRCLE('',#3744,0.499999999999998);
#1273=CIRCLE('',#3746,0.499999999999998);
#1274=CIRCLE('',#3747,0.499999999999998);
#1275=CIRCLE('',#3748,0.499999999999998);
#1276=CIRCLE('',#3750,0.499999999999998);
#1277=CIRCLE('',#3752,1.19);
#1278=CIRCLE('',#3756,2.75);
#1279=CIRCLE('',#3757,2.75);
#1280=CIRCLE('',#3763,2.75);
#1281=CIRCLE('',#3764,2.75);
#1282=CIRCLE('',#3766,2.75);
#1283=CIRCLE('',#3767,2.75);
#1284=CIRCLE('',#3769,2.75);
#1285=CIRCLE('',#3772,1.19);
#1286=CIRCLE('',#3774,2.75);
#1287=CIRCLE('',#3778,3.75);
#1288=CIRCLE('',#3779,3.75);
#1289=CIRCLE('',#3782,3.75);
#1290=CIRCLE('',#3783,3.75);
#1291=CIRCLE('',#3788,2.875);
#1292=CIRCLE('',#3789,2.875);
#1293=CIRCLE('',#3793,2.87499999999999);
#1294=CIRCLE('',#3794,2.87499999999999);
#1295=CIRCLE('',#3799,3.75);
#1296=CIRCLE('',#3800,3.75);
#1297=CIRCLE('',#3803,3.75);
#1298=CIRCLE('',#3804,3.75);
#1299=CIRCLE('',#3806,2.75);
#1300=CIRCLE('',#3807,2.75);
#1301=CIRCLE('',#3809,2.75);
#1302=CIRCLE('',#3810,2.75);
#1303=CIRCLE('',#3812,2.75);
#1304=CIRCLE('',#3814,2.75);
#1305=CIRCLE('',#3817,2.75);
#1306=CIRCLE('',#3822,2.75);
#1307=CIRCLE('',#3825,8.);
#1308=CIRCLE('',#3826,8.);
#1309=CIRCLE('',#3830,8.);
#1310=CIRCLE('',#3831,8.);
#1311=CIRCLE('',#3838,8.);
#1312=CIRCLE('',#3839,8.);
#1313=CIRCLE('',#3841,0.750000000000002);
#1314=CIRCLE('',#3843,0.750000000000002);
#1315=CIRCLE('',#3848,3.);
#1316=CIRCLE('',#3849,11.);
#1317=CIRCLE('',#3850,3.00000000000001);
#1318=CIRCLE('',#3851,8.);
#1319=CIRCLE('',#3853,3.);
#1320=CIRCLE('',#3854,11.);
#1321=CIRCLE('',#3855,3.00000000000001);
#1322=CIRCLE('',#3859,8.);
#1323=CIRCLE('',#3861,11.);
#1324=CIRCLE('',#3864,11.);
#1325=CIRCLE('',#3867,8.);
#1326=CIRCLE('',#3868,8.);
#1327=CIRCLE('',#3871,0.750000000000002);
#1328=CIRCLE('',#3872,0.750000000000002);
#1329=CIRCLE('',#3873,0.750000000000002);
#1330=CIRCLE('',#3874,0.750000000000002);
#1331=CIRCLE('',#3877,0.750000000000002);
#1332=CIRCLE('',#3878,0.750000000000002);
#1333=CIRCLE('',#3879,0.750000000000002);
#1334=CIRCLE('',#3880,0.750000000000002);
#1335=CIRCLE('',#3881,0.750000000000002);
#1336=CIRCLE('',#3882,0.750000000000002);
#1337=CIRCLE('',#3883,0.750000000000002);
#1338=CIRCLE('',#3884,0.750000000000002);
#1339=CIRCLE('',#3885,0.750000000000002);
#1340=CIRCLE('',#3886,0.750000000000002);
#1341=CIRCLE('',#3887,0.750000000000002);
#1342=CIRCLE('',#3888,0.750000000000002);
#1343=CIRCLE('',#3889,0.750000000000002);
#1344=CIRCLE('',#3890,0.750000000000002);
#1345=CIRCLE('',#3891,0.750000000000002);
#1346=CIRCLE('',#3892,0.750000000000002);
#1347=CIRCLE('',#3893,0.750000000000002);
#1348=CIRCLE('',#3894,0.750000000000002);
#1349=CIRCLE('',#3895,0.750000000000002);
#1350=CIRCLE('',#3896,0.750000000000002);
#1351=CIRCLE('',#3897,0.750000000000002);
#1352=CIRCLE('',#3898,0.750000000000002);
#1353=CIRCLE('',#3899,0.750000000000002);
#1354=CIRCLE('',#3900,0.750000000000002);
#1355=CIRCLE('',#3901,0.750000000000002);
#1356=CIRCLE('',#3902,0.750000000000002);
#1357=CIRCLE('',#3903,0.750000000000002);
#1358=CIRCLE('',#3904,0.750000000000002);
#1359=CIRCLE('',#3905,0.750000000000002);
#1360=CIRCLE('',#3906,0.750000000000002);
#1361=CIRCLE('',#3907,0.750000000000002);
#1362=CIRCLE('',#3908,0.750000000000002);
#1363=CIRCLE('',#3909,0.750000000000002);
#1364=CIRCLE('',#3910,0.750000000000002);
#1365=CIRCLE('',#3911,0.750000000000002);
#1366=CIRCLE('',#3912,0.750000000000002);
#1367=CIRCLE('',#3913,0.750000000000002);
#1368=CIRCLE('',#3914,0.750000000000002);
#1369=CIRCLE('',#3915,0.750000000000002);
#1370=CIRCLE('',#3916,0.750000000000002);
#1371=CIRCLE('',#3917,0.750000000000002);
#1372=CIRCLE('',#3918,0.750000000000002);
#1373=CIRCLE('',#3919,0.750000000000002);
#1374=CIRCLE('',#3921,8.);
#1375=CIRCLE('',#3923,0.25);
#1376=CIRCLE('',#3925,0.25);
#1377=CIRCLE('',#3927,0.25);
#1378=CIRCLE('',#3928,7.75);
#1379=CIRCLE('',#3929,8.);
#1380=CIRCLE('',#3932,0.25);
#1381=CIRCLE('',#3933,7.75);
#1382=CIRCLE('',#3938,1.);
#1383=CIRCLE('',#3939,1.);
#1384=CIRCLE('',#3940,1.);
#1385=CIRCLE('',#3941,1.);
#1386=CIRCLE('',#3942,1.);
#1387=CIRCLE('',#3943,1.);
#1388=CIRCLE('',#3944,1.);
#1389=CIRCLE('',#3945,1.);
#1390=CIRCLE('',#3946,1.);
#1391=CIRCLE('',#3947,1.);
#1392=CIRCLE('',#3948,1.);
#1393=CIRCLE('',#3949,1.);
#1394=CIRCLE('',#3950,1.);
#1395=CIRCLE('',#3951,1.);
#1396=CIRCLE('',#3952,1.);
#1397=CIRCLE('',#3953,1.);
#1398=CIRCLE('',#3954,1.);
#1399=CIRCLE('',#3955,1.);
#1400=CIRCLE('',#3956,1.);
#1401=CIRCLE('',#3957,1.);
#1402=CIRCLE('',#3958,1.);
#1403=CIRCLE('',#3959,1.);
#1404=CIRCLE('',#3960,1.);
#1405=CIRCLE('',#3961,1.);
#1406=CIRCLE('',#3962,1.);
#1407=CIRCLE('',#3963,1.);
#1408=CIRCLE('',#3964,1.);
#1409=CIRCLE('',#3965,1.);
#1410=CIRCLE('',#3966,1.);
#1411=CIRCLE('',#3967,1.);
#1412=CIRCLE('',#3968,1.);
#1413=CIRCLE('',#3969,1.);
#1414=CIRCLE('',#3970,1.);
#1415=CIRCLE('',#3971,1.);
#1416=CIRCLE('',#3972,1.);
#1417=CIRCLE('',#3973,1.);
#1418=CIRCLE('',#3974,1.);
#1419=CIRCLE('',#3975,1.);
#1420=CIRCLE('',#3976,1.);
#1421=CIRCLE('',#3977,1.);
#1422=CIRCLE('',#3978,1.);
#1423=CIRCLE('',#3979,1.);
#1424=CIRCLE('',#3980,1.);
#1425=CIRCLE('',#3982,0.25);
#1426=CIRCLE('',#3984,0.25);
#1427=CIRCLE('',#3985,0.750000000000002);
#1428=CIRCLE('',#3986,0.750000000000002);
#1429=CIRCLE('',#3989,0.25);
#1430=CIRCLE('',#3990,0.750000000000002);
#1431=CIRCLE('',#3991,0.750000000000002);
#1432=CIRCLE('',#3994,0.25);
#1433=CIRCLE('',#3995,0.750000000000002);
#1434=CIRCLE('',#3996,0.750000000000002);
#1435=CIRCLE('',#3999,0.25);
#1436=CIRCLE('',#4000,0.750000000000002);
#1437=CIRCLE('',#4001,0.750000000000002);
#1438=CIRCLE('',#4004,0.25);
#1439=CIRCLE('',#4005,0.750000000000002);
#1440=CIRCLE('',#4006,0.750000000000002);
#1441=CIRCLE('',#4009,0.25);
#1442=CIRCLE('',#4010,0.750000000000002);
#1443=CIRCLE('',#4011,0.750000000000002);
#1444=CIRCLE('',#4014,0.25);
#1445=CIRCLE('',#4015,0.750000000000002);
#1446=CIRCLE('',#4016,0.750000000000002);
#1447=CIRCLE('',#4019,0.25);
#1448=CIRCLE('',#4020,0.750000000000002);
#1449=CIRCLE('',#4021,0.750000000000002);
#1450=CIRCLE('',#4024,0.25);
#1451=CIRCLE('',#4025,0.750000000000002);
#1452=CIRCLE('',#4026,0.750000000000002);
#1453=CIRCLE('',#4029,0.25);
#1454=CIRCLE('',#4030,0.750000000000002);
#1455=CIRCLE('',#4031,0.750000000000002);
#1456=CIRCLE('',#4034,0.25);
#1457=CIRCLE('',#4035,0.750000000000002);
#1458=CIRCLE('',#4036,0.750000000000002);
#1459=CIRCLE('',#4039,0.25);
#1460=CIRCLE('',#4040,0.750000000000002);
#1461=CIRCLE('',#4041,0.750000000000002);
#1462=CIRCLE('',#4044,0.25);
#1463=CIRCLE('',#4045,0.750000000000002);
#1464=CIRCLE('',#4046,0.750000000000002);
#1465=CIRCLE('',#4049,0.25);
#1466=CIRCLE('',#4050,0.750000000000002);
#1467=CIRCLE('',#4051,0.750000000000002);
#1468=CIRCLE('',#4054,0.25);
#1469=CIRCLE('',#4055,0.750000000000002);
#1470=CIRCLE('',#4056,0.750000000000002);
#1471=CIRCLE('',#4059,0.25);
#1472=CIRCLE('',#4060,0.750000000000002);
#1473=CIRCLE('',#4061,0.750000000000002);
#1474=CIRCLE('',#4064,0.25);
#1475=CIRCLE('',#4065,0.750000000000002);
#1476=CIRCLE('',#4066,0.750000000000002);
#1477=CIRCLE('',#4069,0.25);
#1478=CIRCLE('',#4070,0.750000000000002);
#1479=CIRCLE('',#4071,0.750000000000002);
#1480=CIRCLE('',#4074,0.25);
#1481=CIRCLE('',#4075,0.750000000000002);
#1482=CIRCLE('',#4076,0.750000000000002);
#1483=CIRCLE('',#4079,0.25);
#1484=CIRCLE('',#4080,0.750000000000002);
#1485=CIRCLE('',#4081,0.750000000000002);
#1486=CIRCLE('',#4084,0.25);
#1487=CIRCLE('',#4085,0.750000000000002);
#1488=CIRCLE('',#4086,0.750000000000002);
#1489=CIRCLE('',#4089,0.25);
#1490=CIRCLE('',#4090,0.750000000000002);
#1491=CIRCLE('',#4091,0.750000000000002);
#1492=CIRCLE('',#4094,0.25);
#1493=CIRCLE('',#4095,0.750000000000002);
#1494=CIRCLE('',#4096,0.750000000000002);
#1495=CIRCLE('',#4099,0.25);
#1496=CIRCLE('',#4100,0.750000000000002);
#1497=CIRCLE('',#4101,0.750000000000002);
#1498=CIRCLE('',#4104,0.25);
#1499=CIRCLE('',#4105,0.750000000000002);
#1500=CIRCLE('',#4106,0.750000000000002);
#1501=CIRCLE('',#4109,0.25);
#1502=CIRCLE('',#4110,0.750000000000002);
#1503=CIRCLE('',#4111,0.750000000000002);
#1504=CIRCLE('',#4114,0.25);
#1505=CIRCLE('',#4115,0.750000000000002);
#1506=CIRCLE('',#4116,0.750000000000002);
#1507=CIRCLE('',#4119,0.25);
#1508=CIRCLE('',#4120,0.750000000000002);
#1509=CIRCLE('',#4121,0.750000000000002);
#1510=CIRCLE('',#4124,0.25);
#1511=CIRCLE('',#4125,0.750000000000002);
#1512=CIRCLE('',#4126,0.750000000000002);
#1513=CIRCLE('',#4129,0.25);
#1514=CIRCLE('',#4130,0.750000000000002);
#1515=CIRCLE('',#4131,0.750000000000002);
#1516=CIRCLE('',#4134,0.25);
#1517=CIRCLE('',#4135,0.750000000000002);
#1518=CIRCLE('',#4136,0.750000000000002);
#1519=CIRCLE('',#4139,0.25);
#1520=CIRCLE('',#4140,0.750000000000002);
#1521=CIRCLE('',#4141,0.750000000000002);
#1522=CIRCLE('',#4144,0.25);
#1523=CIRCLE('',#4145,0.750000000000002);
#1524=CIRCLE('',#4146,0.750000000000002);
#1525=CIRCLE('',#4149,0.25);
#1526=CIRCLE('',#4150,0.750000000000002);
#1527=CIRCLE('',#4151,0.750000000000002);
#1528=CIRCLE('',#4154,0.25);
#1529=CIRCLE('',#4155,0.750000000000002);
#1530=CIRCLE('',#4156,0.750000000000002);
#1531=CIRCLE('',#4159,0.25);
#1532=CIRCLE('',#4160,0.750000000000002);
#1533=CIRCLE('',#4161,0.750000000000002);
#1534=CIRCLE('',#4164,0.25);
#1535=CIRCLE('',#4165,0.750000000000002);
#1536=CIRCLE('',#4166,0.750000000000002);
#1537=CIRCLE('',#4169,0.25);
#1538=CIRCLE('',#4170,0.750000000000002);
#1539=CIRCLE('',#4171,0.750000000000002);
#1540=CIRCLE('',#4174,0.25);
#1541=CIRCLE('',#4175,0.750000000000002);
#1542=CIRCLE('',#4176,0.750000000000002);
#1543=CIRCLE('',#4179,0.25);
#1544=CIRCLE('',#4180,0.750000000000002);
#1545=CIRCLE('',#4181,0.750000000000002);
#1546=CIRCLE('',#4184,0.25);
#1547=CIRCLE('',#4185,0.750000000000002);
#1548=CIRCLE('',#4186,0.750000000000002);
#1549=CIRCLE('',#4189,0.25);
#1550=CIRCLE('',#4190,0.750000000000002);
#1551=CIRCLE('',#4191,0.750000000000002);
#1552=CIRCLE('',#4203,2.87499999999999);
#1553=CIRCLE('',#4204,2.87499999999999);
#1554=CIRCLE('',#4209,2.875);
#1555=CIRCLE('',#4210,2.875);
#1556=VERTEX_POINT('',#5407);
#1557=VERTEX_POINT('',#5408);
#1558=VERTEX_POINT('',#5410);
#1559=VERTEX_POINT('',#5414);
#1560=VERTEX_POINT('',#5418);
#1561=VERTEX_POINT('',#5419);
#1562=VERTEX_POINT('',#5421);
#1563=VERTEX_POINT('',#5425);
#1564=VERTEX_POINT('',#5429);
#1565=VERTEX_POINT('',#5430);
#1566=VERTEX_POINT('',#5432);
#1567=VERTEX_POINT('',#5436);
#1568=VERTEX_POINT('',#5440);
#1569=VERTEX_POINT('',#5441);
#1570=VERTEX_POINT('',#5443);
#1571=VERTEX_POINT('',#5447);
#1572=VERTEX_POINT('',#5451);
#1573=VERTEX_POINT('',#5452);
#1574=VERTEX_POINT('',#5454);
#1575=VERTEX_POINT('',#5456);
#1576=VERTEX_POINT('',#5460);
#1577=VERTEX_POINT('',#5462);
#1578=VERTEX_POINT('',#5466);
#1579=VERTEX_POINT('',#5470);
#1580=VERTEX_POINT('',#5471);
#1581=VERTEX_POINT('',#5473);
#1582=VERTEX_POINT('',#5475);
#1583=VERTEX_POINT('',#5479);
#1584=VERTEX_POINT('',#5481);
#1585=VERTEX_POINT('',#5485);
#1586=VERTEX_POINT('',#5486);
#1587=VERTEX_POINT('',#5488);
#1588=VERTEX_POINT('',#5490);
#1589=VERTEX_POINT('',#5494);
#1590=VERTEX_POINT('',#5495);
#1591=VERTEX_POINT('',#5497);
#1592=VERTEX_POINT('',#5499);
#1593=VERTEX_POINT('',#5503);
#1594=VERTEX_POINT('',#5505);
#1595=VERTEX_POINT('',#5517);
#1596=VERTEX_POINT('',#5526);
#1597=VERTEX_POINT('',#5527);
#1598=VERTEX_POINT('',#5529);
#1599=VERTEX_POINT('',#5531);
#1600=VERTEX_POINT('',#5535);
#1601=VERTEX_POINT('',#5537);
#1602=VERTEX_POINT('',#5541);
#1603=VERTEX_POINT('',#5543);
#1604=VERTEX_POINT('',#5553);
#1605=VERTEX_POINT('',#5554);
#1606=VERTEX_POINT('',#5556);
#1607=VERTEX_POINT('',#5558);
#1608=VERTEX_POINT('',#5614);
#1609=VERTEX_POINT('',#5615);
#1610=VERTEX_POINT('',#5617);
#1611=VERTEX_POINT('',#5619);
#1612=VERTEX_POINT('',#5710);
#1613=VERTEX_POINT('',#5712);
#1614=VERTEX_POINT('',#5775);
#1615=VERTEX_POINT('',#5777);
#1616=VERTEX_POINT('',#5805);
#1617=VERTEX_POINT('',#5806);
#1618=VERTEX_POINT('',#5808);
#1619=VERTEX_POINT('',#5810);
#1620=VERTEX_POINT('',#5814);
#1621=VERTEX_POINT('',#5816);
#1622=VERTEX_POINT('',#5820);
#1623=VERTEX_POINT('',#5822);
#1624=VERTEX_POINT('',#5829);
#1625=VERTEX_POINT('',#5830);
#1626=VERTEX_POINT('',#5832);
#1627=VERTEX_POINT('',#5834);
#1628=VERTEX_POINT('',#5838);
#1629=VERTEX_POINT('',#5839);
#1630=VERTEX_POINT('',#5841);
#1631=VERTEX_POINT('',#5843);
#1632=VERTEX_POINT('',#5847);
#1633=VERTEX_POINT('',#5849);
#1634=VERTEX_POINT('',#5853);
#1635=VERTEX_POINT('',#5855);
#1636=VERTEX_POINT('',#5859);
#1637=VERTEX_POINT('',#5863);
#1638=VERTEX_POINT('',#5869);
#1639=VERTEX_POINT('',#5873);
#1640=VERTEX_POINT('',#5914);
#1641=VERTEX_POINT('',#5916);
#1642=VERTEX_POINT('',#5944);
#1643=VERTEX_POINT('',#5946);
#1644=VERTEX_POINT('',#5950);
#1645=VERTEX_POINT('',#5952);
#1646=VERTEX_POINT('',#5957);
#1647=VERTEX_POINT('',#5996);
#1648=VERTEX_POINT('',#6024);
#1649=VERTEX_POINT('',#6026);
#1650=VERTEX_POINT('',#6030);
#1651=VERTEX_POINT('',#6032);
#1652=VERTEX_POINT('',#6042);
#1653=VERTEX_POINT('',#6043);
#1654=VERTEX_POINT('',#6045);
#1655=VERTEX_POINT('',#6047);
#1656=VERTEX_POINT('',#6049);
#1657=VERTEX_POINT('',#6051);
#1658=VERTEX_POINT('',#6053);
#1659=VERTEX_POINT('',#6055);
#1660=VERTEX_POINT('',#6057);
#1661=VERTEX_POINT('',#6059);
#1662=VERTEX_POINT('',#6061);
#1663=VERTEX_POINT('',#6063);
#1664=VERTEX_POINT('',#6067);
#1665=VERTEX_POINT('',#6069);
#1666=VERTEX_POINT('',#6075);
#1667=VERTEX_POINT('',#6076);
#1668=VERTEX_POINT('',#6080);
#1669=VERTEX_POINT('',#6081);
#1670=VERTEX_POINT('',#6083);
#1671=VERTEX_POINT('',#6085);
#1672=VERTEX_POINT('',#6087);
#1673=VERTEX_POINT('',#6089);
#1674=VERTEX_POINT('',#6091);
#1675=VERTEX_POINT('',#6094);
#1676=VERTEX_POINT('',#6151);
#1677=VERTEX_POINT('',#6153);
#1678=VERTEX_POINT('',#6158);
#1679=VERTEX_POINT('',#6160);
#1680=VERTEX_POINT('',#6278);
#1681=VERTEX_POINT('',#6280);
#1682=VERTEX_POINT('',#6284);
#1683=VERTEX_POINT('',#6288);
#1684=VERTEX_POINT('',#6294);
#1685=VERTEX_POINT('',#6295);
#1686=VERTEX_POINT('',#6321);
#1687=VERTEX_POINT('',#6323);
#1688=VERTEX_POINT('',#6325);
#1689=VERTEX_POINT('',#6327);
#1690=VERTEX_POINT('',#6353);
#1691=VERTEX_POINT('',#6355);
#1692=VERTEX_POINT('',#6359);
#1693=VERTEX_POINT('',#6361);
#1694=VERTEX_POINT('',#6400);
#1695=VERTEX_POINT('',#6410);
#1696=VERTEX_POINT('',#6411);
#1697=VERTEX_POINT('',#6413);
#1698=VERTEX_POINT('',#6419);
#1699=VERTEX_POINT('',#6423);
#1700=VERTEX_POINT('',#6426);
#1701=VERTEX_POINT('',#6428);
#1702=VERTEX_POINT('',#6430);
#1703=VERTEX_POINT('',#6432);
#1704=VERTEX_POINT('',#6434);
#1705=VERTEX_POINT('',#6436);
#1706=VERTEX_POINT('',#6438);
#1707=VERTEX_POINT('',#6440);
#1708=VERTEX_POINT('',#6442);
#1709=VERTEX_POINT('',#6444);
#1710=VERTEX_POINT('',#6446);
#1711=VERTEX_POINT('',#6448);
#1712=VERTEX_POINT('',#6450);
#1713=VERTEX_POINT('',#6452);
#1714=VERTEX_POINT('',#6454);
#1715=VERTEX_POINT('',#6456);
#1716=VERTEX_POINT('',#6458);
#1717=VERTEX_POINT('',#6460);
#1718=VERTEX_POINT('',#6462);
#1719=VERTEX_POINT('',#6464);
#1720=VERTEX_POINT('',#6466);
#1721=VERTEX_POINT('',#6468);
#1722=VERTEX_POINT('',#6470);
#1723=VERTEX_POINT('',#6472);
#1724=VERTEX_POINT('',#6474);
#1725=VERTEX_POINT('',#6476);
#1726=VERTEX_POINT('',#6478);
#1727=VERTEX_POINT('',#6480);
#1728=VERTEX_POINT('',#6482);
#1729=VERTEX_POINT('',#6484);
#1730=VERTEX_POINT('',#6486);
#1731=VERTEX_POINT('',#6488);
#1732=VERTEX_POINT('',#6490);
#1733=VERTEX_POINT('',#6492);
#1734=VERTEX_POINT('',#6494);
#1735=VERTEX_POINT('',#6496);
#1736=VERTEX_POINT('',#6498);
#1737=VERTEX_POINT('',#6500);
#1738=VERTEX_POINT('',#6502);
#1739=VERTEX_POINT('',#6504);
#1740=VERTEX_POINT('',#6506);
#1741=VERTEX_POINT('',#6509);
#1742=VERTEX_POINT('',#6513);
#1743=VERTEX_POINT('',#6515);
#1744=VERTEX_POINT('',#6594);
#1745=VERTEX_POINT('',#6641);
#1746=VERTEX_POINT('',#6642);
#1747=VERTEX_POINT('',#6644);
#1748=VERTEX_POINT('',#6646);
#1749=VERTEX_POINT('',#6686);
#1750=VERTEX_POINT('',#6732);
#1751=VERTEX_POINT('',#6740);
#1752=VERTEX_POINT('',#6787);
#1753=VERTEX_POINT('',#6798);
#1754=VERTEX_POINT('',#6800);
#1755=VERTEX_POINT('',#6802);
#1756=VERTEX_POINT('',#6804);
#1757=VERTEX_POINT('',#6806);
#1758=VERTEX_POINT('',#6808);
#1759=VERTEX_POINT('',#6810);
#1760=VERTEX_POINT('',#6812);
#1761=VERTEX_POINT('',#6814);
#1762=VERTEX_POINT('',#6816);
#1763=VERTEX_POINT('',#6818);
#1764=VERTEX_POINT('',#6820);
#1765=VERTEX_POINT('',#6822);
#1766=VERTEX_POINT('',#6824);
#1767=VERTEX_POINT('',#6826);
#1768=VERTEX_POINT('',#6828);
#1769=VERTEX_POINT('',#6830);
#1770=VERTEX_POINT('',#6832);
#1771=VERTEX_POINT('',#6834);
#1772=VERTEX_POINT('',#6836);
#1773=VERTEX_POINT('',#6838);
#1774=VERTEX_POINT('',#6840);
#1775=VERTEX_POINT('',#6842);
#1776=VERTEX_POINT('',#6844);
#1777=VERTEX_POINT('',#6846);
#1778=VERTEX_POINT('',#6848);
#1779=VERTEX_POINT('',#6850);
#1780=VERTEX_POINT('',#6852);
#1781=VERTEX_POINT('',#6854);
#1782=VERTEX_POINT('',#6856);
#1783=VERTEX_POINT('',#6858);
#1784=VERTEX_POINT('',#6860);
#1785=VERTEX_POINT('',#6862);
#1786=VERTEX_POINT('',#6864);
#1787=VERTEX_POINT('',#6866);
#1788=VERTEX_POINT('',#6868);
#1789=VERTEX_POINT('',#6870);
#1790=VERTEX_POINT('',#6872);
#1791=VERTEX_POINT('',#6874);
#1792=VERTEX_POINT('',#6876);
#1793=VERTEX_POINT('',#6878);
#1794=VERTEX_POINT('',#6880);
#1795=VERTEX_POINT('',#6882);
#1796=VERTEX_POINT('',#6887);
#1797=VERTEX_POINT('',#6889);
#1798=VERTEX_POINT('',#6895);
#1799=VERTEX_POINT('',#6897);
#1800=VERTEX_POINT('',#6903);
#1801=VERTEX_POINT('',#6905);
#1802=VERTEX_POINT('',#6911);
#1803=VERTEX_POINT('',#6913);
#1804=VERTEX_POINT('',#6919);
#1805=VERTEX_POINT('',#6921);
#1806=VERTEX_POINT('',#6927);
#1807=VERTEX_POINT('',#6929);
#1808=VERTEX_POINT('',#6935);
#1809=VERTEX_POINT('',#6937);
#1810=VERTEX_POINT('',#6943);
#1811=VERTEX_POINT('',#6945);
#1812=VERTEX_POINT('',#6951);
#1813=VERTEX_POINT('',#6953);
#1814=VERTEX_POINT('',#6959);
#1815=VERTEX_POINT('',#6961);
#1816=VERTEX_POINT('',#6967);
#1817=VERTEX_POINT('',#6969);
#1818=VERTEX_POINT('',#6975);
#1819=VERTEX_POINT('',#6977);
#1820=VERTEX_POINT('',#6983);
#1821=VERTEX_POINT('',#6985);
#1822=VERTEX_POINT('',#6991);
#1823=VERTEX_POINT('',#6993);
#1824=VERTEX_POINT('',#6999);
#1825=VERTEX_POINT('',#7001);
#1826=VERTEX_POINT('',#7007);
#1827=VERTEX_POINT('',#7009);
#1828=VERTEX_POINT('',#7015);
#1829=VERTEX_POINT('',#7017);
#1830=VERTEX_POINT('',#7023);
#1831=VERTEX_POINT('',#7025);
#1832=VERTEX_POINT('',#7031);
#1833=VERTEX_POINT('',#7033);
#1834=VERTEX_POINT('',#7039);
#1835=VERTEX_POINT('',#7041);
#1836=VERTEX_POINT('',#7047);
#1837=VERTEX_POINT('',#7049);
#1838=VERTEX_POINT('',#7055);
#1839=VERTEX_POINT('',#7057);
#1840=VERTEX_POINT('',#7063);
#1841=VERTEX_POINT('',#7065);
#1842=VERTEX_POINT('',#7071);
#1843=VERTEX_POINT('',#7073);
#1844=VERTEX_POINT('',#7079);
#1845=VERTEX_POINT('',#7081);
#1846=VERTEX_POINT('',#7087);
#1847=VERTEX_POINT('',#7089);
#1848=VERTEX_POINT('',#7095);
#1849=VERTEX_POINT('',#7097);
#1850=VERTEX_POINT('',#7103);
#1851=VERTEX_POINT('',#7105);
#1852=VERTEX_POINT('',#7111);
#1853=VERTEX_POINT('',#7113);
#1854=VERTEX_POINT('',#7119);
#1855=VERTEX_POINT('',#7121);
#1856=VERTEX_POINT('',#7127);
#1857=VERTEX_POINT('',#7129);
#1858=VERTEX_POINT('',#7135);
#1859=VERTEX_POINT('',#7137);
#1860=VERTEX_POINT('',#7143);
#1861=VERTEX_POINT('',#7145);
#1862=VERTEX_POINT('',#7151);
#1863=VERTEX_POINT('',#7153);
#1864=VERTEX_POINT('',#7159);
#1865=VERTEX_POINT('',#7161);
#1866=VERTEX_POINT('',#7167);
#1867=VERTEX_POINT('',#7169);
#1868=VERTEX_POINT('',#7175);
#1869=VERTEX_POINT('',#7177);
#1870=VERTEX_POINT('',#7183);
#1871=VERTEX_POINT('',#7185);
#1872=VERTEX_POINT('',#7191);
#1873=VERTEX_POINT('',#7193);
#1874=VERTEX_POINT('',#7199);
#1875=VERTEX_POINT('',#7201);
#1876=VERTEX_POINT('',#7207);
#1877=VERTEX_POINT('',#7209);
#1878=VERTEX_POINT('',#7215);
#1879=VERTEX_POINT('',#7217);
#1880=VERTEX_POINT('',#7262);
#1881=VERTEX_POINT('',#7263);
#1882=VERTEX_POINT('',#7265);
#1883=VERTEX_POINT('',#7267);
#1884=VERTEX_POINT('',#7271);
#1885=VERTEX_POINT('',#7273);
#1886=VERTEX_POINT('',#7277);
#1887=VERTEX_POINT('',#7279);
#1888=VERTEX_POINT('',#7316);
#1889=VERTEX_POINT('',#7317);
#1890=VERTEX_POINT('',#7337);
#1891=VERTEX_POINT('',#7339);
#1892=VERTEX_POINT('',#7394);
#1893=VERTEX_POINT('',#7395);
#1894=VERTEX_POINT('',#7415);
#1895=VERTEX_POINT('',#7417);
#1896=EDGE_CURVE('',#1556,#1557,#1261,.T.);
#1897=EDGE_CURVE('',#1557,#1558,#1262,.T.);
#1898=EDGE_CURVE('',#1557,#1556,#1263,.T.);
#1899=EDGE_CURVE('',#1556,#1559,#297,.T.);
#1900=EDGE_CURVE('',#1559,#1559,#1264,.T.);
#1901=EDGE_CURVE('',#1560,#1561,#1265,.T.);
#1902=EDGE_CURVE('',#1561,#1562,#1266,.T.);
#1903=EDGE_CURVE('',#1561,#1560,#1267,.T.);
#1904=EDGE_CURVE('',#1560,#1563,#298,.T.);
#1905=EDGE_CURVE('',#1563,#1563,#1268,.T.);
#1906=EDGE_CURVE('',#1564,#1565,#1269,.T.);
#1907=EDGE_CURVE('',#1565,#1566,#1270,.T.);
#1908=EDGE_CURVE('',#1565,#1564,#1271,.T.);
#1909=EDGE_CURVE('',#1564,#1567,#299,.T.);
#1910=EDGE_CURVE('',#1567,#1567,#1272,.T.);
#1911=EDGE_CURVE('',#1568,#1569,#1273,.T.);
#1912=EDGE_CURVE('',#1569,#1570,#1274,.T.);
#1913=EDGE_CURVE('',#1569,#1568,#1275,.T.);
#1914=EDGE_CURVE('',#1568,#1571,#300,.T.);
#1915=EDGE_CURVE('',#1571,#1571,#1276,.T.);
#1916=EDGE_CURVE('',#1572,#1573,#1277,.T.);
#1917=EDGE_CURVE('',#1574,#1572,#301,.T.);
#1918=EDGE_CURVE('',#1575,#1574,#302,.T.);
#1919=EDGE_CURVE('',#1573,#1575,#303,.T.);
#1920=EDGE_CURVE('',#1575,#1576,#304,.T.);
#1921=EDGE_CURVE('',#1577,#1576,#305,.T.);
#1922=EDGE_CURVE('',#1573,#1577,#306,.T.);
#1923=EDGE_CURVE('',#1574,#1578,#307,.T.);
#1924=EDGE_CURVE('',#1576,#1578,#308,.T.);
#1925=EDGE_CURVE('',#1579,#1580,#1278,.T.);
#1926=EDGE_CURVE('',#1581,#1579,#309,.T.);
#1927=EDGE_CURVE('',#1582,#1581,#1279,.T.);
#1928=EDGE_CURVE('',#1580,#1582,#310,.T.);
#1929=EDGE_CURVE('',#1580,#1583,#311,.T.);
#1930=EDGE_CURVE('',#1584,#1582,#312,.T.);
#1931=EDGE_CURVE('',#1583,#1584,#313,.T.);
#1932=EDGE_CURVE('',#1585,#1586,#314,.T.);
#1933=EDGE_CURVE('',#1587,#1586,#315,.T.);
#1934=EDGE_CURVE('',#1588,#1587,#316,.T.);
#1935=EDGE_CURVE('',#1588,#1585,#317,.T.);
#1936=EDGE_CURVE('',#1589,#1590,#318,.T.);
#1937=EDGE_CURVE('',#1590,#1591,#319,.T.);
#1938=EDGE_CURVE('',#1592,#1591,#320,.T.);
#1939=EDGE_CURVE('',#1592,#1589,#321,.T.);
#1940=EDGE_CURVE('',#1593,#1579,#322,.T.);
#1941=EDGE_CURVE('',#1593,#1594,#323,.T.);
#1942=EDGE_CURVE('',#1581,#1594,#324,.T.);
#1943=EDGE_CURVE('',#1583,#1593,#1280,.T.);
#1944=EDGE_CURVE('',#1594,#1584,#1281,.T.);
#1945=EDGE_CURVE('',#1586,#1589,#1282,.T.);
#1946=EDGE_CURVE('',#1587,#1592,#1283,.T.);
#1947=EDGE_CURVE('',#1591,#1588,#1284,.T.);
#1948=EDGE_CURVE('',#1595,#1572,#325,.T.);
#1949=EDGE_CURVE('',#1578,#1595,#326,.T.);
#1950=EDGE_CURVE('',#1595,#1577,#1285,.T.);
#1951=EDGE_CURVE('',#1590,#1585,#1286,.T.);
#1952=EDGE_CURVE('',#1596,#1597,#327,.T.);
#1953=EDGE_CURVE('',#1597,#1598,#328,.T.);
#1954=EDGE_CURVE('',#1599,#1598,#329,.T.);
#1955=EDGE_CURVE('',#1596,#1599,#330,.T.);
#1956=EDGE_CURVE('',#1600,#1596,#1287,.T.);
#1957=EDGE_CURVE('',#1601,#1599,#1288,.T.);
#1958=EDGE_CURVE('',#1600,#1601,#331,.T.);
#1959=EDGE_CURVE('',#1602,#1600,#332,.T.);
#1960=EDGE_CURVE('',#1603,#1601,#333,.T.);
#1961=EDGE_CURVE('',#1602,#1603,#334,.T.);
#1962=EDGE_CURVE('',#1597,#1602,#1289,.T.);
#1963=EDGE_CURVE('',#1598,#1603,#1290,.T.);
#1964=EDGE_CURVE('',#1604,#1605,#1291,.T.);
#1965=EDGE_CURVE('',#1604,#1606,#335,.T.);
#1966=EDGE_CURVE('',#1606,#1607,#1292,.T.);
#1967=EDGE_CURVE('',#1605,#1607,#336,.T.);
#1968=EDGE_CURVE('',#1607,#1606,#94,.T.);
#1969=EDGE_CURVE('',#1604,#1605,#95,.T.);
#1970=EDGE_CURVE('',#1608,#1609,#1293,.T.);
#1971=EDGE_CURVE('',#1608,#1610,#337,.T.);
#1972=EDGE_CURVE('',#1610,#1611,#1294,.T.);
#1973=EDGE_CURVE('',#1609,#1611,#338,.T.);
#1974=EDGE_CURVE('',#1611,#1610,#96,.T.);
#1975=EDGE_CURVE('',#1608,#1609,#97,.T.);
#1976=EDGE_CURVE('',#1612,#1605,#339,.T.);
#1977=EDGE_CURVE('',#1613,#1612,#98,.T.);
#1978=EDGE_CURVE('',#1613,#1604,#340,.T.);
#1979=EDGE_CURVE('',#1610,#1614,#341,.T.);
#1980=EDGE_CURVE('',#1615,#1614,#99,.T.);
#1981=EDGE_CURVE('',#1611,#1615,#342,.T.);
#1982=EDGE_CURVE('',#1616,#1617,#343,.T.);
#1983=EDGE_CURVE('',#1616,#1618,#344,.T.);
#1984=EDGE_CURVE('',#1618,#1619,#345,.T.);
#1985=EDGE_CURVE('',#1617,#1619,#346,.T.);
#1986=EDGE_CURVE('',#1620,#1616,#1295,.T.);
#1987=EDGE_CURVE('',#1620,#1621,#347,.T.);
#1988=EDGE_CURVE('',#1621,#1618,#1296,.T.);
#1989=EDGE_CURVE('',#1622,#1620,#348,.T.);
#1990=EDGE_CURVE('',#1622,#1623,#349,.T.);
#1991=EDGE_CURVE('',#1623,#1621,#350,.T.);
#1992=EDGE_CURVE('',#1617,#1622,#1297,.T.);
#1993=EDGE_CURVE('',#1619,#1623,#1298,.T.);
#1994=EDGE_CURVE('',#1624,#1625,#351,.T.);
#1995=EDGE_CURVE('',#1626,#1624,#1299,.T.);
#1996=EDGE_CURVE('',#1627,#1626,#352,.T.);
#1997=EDGE_CURVE('',#1625,#1627,#1300,.T.);
#1998=EDGE_CURVE('',#1628,#1629,#353,.T.);
#1999=EDGE_CURVE('',#1630,#1628,#1301,.T.);
#2000=EDGE_CURVE('',#1631,#1630,#354,.T.);
#2001=EDGE_CURVE('',#1629,#1631,#1302,.T.);
#2002=EDGE_CURVE('',#1632,#1627,#355,.T.);
#2003=EDGE_CURVE('',#1632,#1633,#1303,.T.);
#2004=EDGE_CURVE('',#1633,#1625,#356,.T.);
#2005=EDGE_CURVE('',#1628,#1634,#357,.T.);
#2006=EDGE_CURVE('',#1635,#1634,#1304,.T.);
#2007=EDGE_CURVE('',#1630,#1635,#358,.T.);
#2008=EDGE_CURVE('',#1636,#1626,#359,.T.);
#2009=EDGE_CURVE('',#1636,#1632,#360,.T.);
#2010=EDGE_CURVE('',#1637,#1624,#361,.T.);
#2011=EDGE_CURVE('',#1637,#1636,#1305,.T.);
#2012=EDGE_CURVE('',#1633,#1637,#362,.T.);
#2013=EDGE_CURVE('',#1629,#1638,#363,.T.);
#2014=EDGE_CURVE('',#1634,#1638,#364,.T.);
#2015=EDGE_CURVE('',#1639,#1635,#365,.T.);
#2016=EDGE_CURVE('',#1631,#1639,#366,.T.);
#2017=EDGE_CURVE('',#1638,#1639,#1306,.T.);
#2018=EDGE_CURVE('',#1640,#1609,#367,.T.);
#2019=EDGE_CURVE('',#1641,#1640,#100,.T.);
#2020=EDGE_CURVE('',#1641,#1608,#368,.T.);
#2021=EDGE_CURVE('',#1640,#1642,#369,.T.);
#2022=EDGE_CURVE('',#1643,#1615,#370,.T.);
#2023=EDGE_CURVE('',#1642,#1643,#371,.T.);
#2024=EDGE_CURVE('',#1644,#1642,#1307,.T.);
#2025=EDGE_CURVE('',#1645,#1643,#1308,.T.);
#2026=EDGE_CURVE('',#1644,#1645,#372,.T.);
#2027=EDGE_CURVE('',#1644,#1613,#373,.T.);
#2028=EDGE_CURVE('',#1646,#1645,#374,.T.);
#2029=EDGE_CURVE('',#1606,#1646,#375,.T.);
#2030=EDGE_CURVE('',#1647,#1646,#101,.T.);
#2031=EDGE_CURVE('',#1607,#1647,#376,.T.);
#2032=EDGE_CURVE('',#1612,#1648,#377,.T.);
#2033=EDGE_CURVE('',#1649,#1647,#378,.T.);
#2034=EDGE_CURVE('',#1648,#1649,#379,.T.);
#2035=EDGE_CURVE('',#1650,#1648,#1309,.T.);
#2036=EDGE_CURVE('',#1651,#1649,#1310,.T.);
#2037=EDGE_CURVE('',#1650,#1651,#380,.T.);
#2038=EDGE_CURVE('',#1641,#1650,#381,.T.);
#2039=EDGE_CURVE('',#1614,#1651,#382,.T.);
#2040=EDGE_CURVE('',#1652,#1653,#383,.T.);
#2041=EDGE_CURVE('',#1652,#1654,#384,.T.);
#2042=EDGE_CURVE('',#1654,#1655,#385,.T.);
#2043=EDGE_CURVE('',#1655,#1656,#386,.T.);
#2044=EDGE_CURVE('',#1657,#1656,#387,.T.);
#2045=EDGE_CURVE('',#1658,#1657,#388,.T.);
#2046=EDGE_CURVE('',#1658,#1659,#389,.T.);
#2047=EDGE_CURVE('',#1659,#1660,#390,.T.);
#2048=EDGE_CURVE('',#1661,#1660,#391,.T.);
#2049=EDGE_CURVE('',#1662,#1661,#392,.T.);
#2050=EDGE_CURVE('',#1662,#1663,#393,.T.);
#2051=EDGE_CURVE('',#1663,#1653,#394,.T.);
#2052=EDGE_CURVE('',#1657,#1664,#1311,.T.);
#2053=EDGE_CURVE('',#1665,#1664,#395,.T.);
#2054=EDGE_CURVE('',#1665,#1658,#1312,.T.);
#2055=EDGE_CURVE('',#1655,#1654,#1313,.T.);
#2056=EDGE_CURVE('',#1666,#1667,#396,.T.);
#2057=EDGE_CURVE('',#1667,#1666,#1314,.T.);
#2058=EDGE_CURVE('',#1668,#1669,#397,.T.);
#2059=EDGE_CURVE('',#1669,#1670,#398,.T.);
#2060=EDGE_CURVE('',#1670,#1671,#399,.T.);
#2061=EDGE_CURVE('',#1671,#1672,#400,.T.);
#2062=EDGE_CURVE('',#1672,#1673,#401,.T.);
#2063=EDGE_CURVE('',#1674,#1673,#402,.T.);
#2064=EDGE_CURVE('',#1674,#1665,#403,.T.);
#2065=EDGE_CURVE('',#1675,#1664,#404,.T.);
#2066=EDGE_CURVE('',#1675,#1666,#405,.T.);
#2067=EDGE_CURVE('',#1667,#1668,#406,.T.);
#2068=EDGE_CURVE('',#1673,#1672,#102,.T.);
#2069=EDGE_CURVE('',#1661,#1660,#103,.T.);
#2070=EDGE_CURVE('',#1676,#1663,#1315,.T.);
#2071=EDGE_CURVE('',#1676,#1677,#1316,.T.);
#2072=EDGE_CURVE('',#1670,#1677,#1317,.T.);
#2073=EDGE_CURVE('',#1663,#1670,#1318,.T.);
#2074=EDGE_CURVE('',#1678,#1665,#1319,.T.);
#2075=EDGE_CURVE('',#1678,#1679,#1320,.T.);
#2076=EDGE_CURVE('',#1658,#1679,#1321,.T.);
#2077=EDGE_CURVE('',#1671,#1674,#104,.T.);
#2078=EDGE_CURVE('',#1677,#1678,#407,.T.);
#2079=EDGE_CURVE('',#1659,#1662,#105,.T.);
#2080=EDGE_CURVE('',#1679,#1676,#408,.T.);
#2081=EDGE_CURVE('',#1669,#1653,#1322,.T.);
#2082=EDGE_CURVE('',#1680,#1676,#409,.T.);
#2083=EDGE_CURVE('',#1681,#1680,#1323,.T.);
#2084=EDGE_CURVE('',#1677,#1681,#410,.T.);
#2085=EDGE_CURVE('',#1682,#1681,#411,.T.);
#2086=EDGE_CURVE('',#1678,#1682,#412,.T.);
#2087=EDGE_CURVE('',#1683,#1682,#1324,.T.);
#2088=EDGE_CURVE('',#1679,#1683,#413,.T.);
#2089=EDGE_CURVE('',#1680,#1683,#414,.T.);
#2090=EDGE_CURVE('',#1684,#1685,#106,.T.);
#2091=EDGE_CURVE('',#1686,#1684,#415,.T.);
#2092=EDGE_CURVE('',#1687,#1686,#1325,.T.);
#2093=EDGE_CURVE('',#1688,#1687,#416,.T.);
#2094=EDGE_CURVE('',#1689,#1688,#107,.T.);
#2095=EDGE_CURVE('',#1690,#1689,#417,.T.);
#2096=EDGE_CURVE('',#1691,#1690,#1326,.T.);
#2097=EDGE_CURVE('',#1685,#1691,#418,.T.);
#2098=EDGE_CURVE('',#1684,#1692,#419,.T.);
#2099=EDGE_CURVE('',#1693,#1692,#420,.T.);
#2100=EDGE_CURVE('',#1686,#1693,#421,.T.);
#2101=EDGE_CURVE('',#1685,#1694,#422,.T.);
#2102=EDGE_CURVE('',#1692,#1694,#108,.T.);
#2103=EDGE_CURVE('',#1695,#1696,#1327,.T.);
#2104=EDGE_CURVE('',#1695,#1697,#423,.T.);
#2105=EDGE_CURVE('',#1668,#1697,#1328,.T.);
#2106=EDGE_CURVE('',#1697,#1675,#1329,.T.);
#2107=EDGE_CURVE('',#1696,#1695,#1330,.T.);
#2108=EDGE_CURVE('',#1691,#1698,#424,.T.);
#2109=EDGE_CURVE('',#1694,#1698,#425,.T.);
#2110=EDGE_CURVE('',#1656,#1699,#1331,.T.);
#2111=EDGE_CURVE('',#1699,#1652,#1332,.T.);
#2112=EDGE_CURVE('',#1700,#1700,#1333,.T.);
#2113=EDGE_CURVE('',#1701,#1701,#1334,.T.);
#2114=EDGE_CURVE('',#1702,#1702,#1335,.T.);
#2115=EDGE_CURVE('',#1703,#1703,#1336,.T.);
#2116=EDGE_CURVE('',#1704,#1704,#1337,.T.);
#2117=EDGE_CURVE('',#1705,#1705,#1338,.T.);
#2118=EDGE_CURVE('',#1706,#1706,#1339,.T.);
#2119=EDGE_CURVE('',#1707,#1707,#1340,.T.);
#2120=EDGE_CURVE('',#1708,#1708,#1341,.T.);
#2121=EDGE_CURVE('',#1709,#1709,#1342,.T.);
#2122=EDGE_CURVE('',#1710,#1710,#1343,.T.);
#2123=EDGE_CURVE('',#1711,#1711,#1344,.T.);
#2124=EDGE_CURVE('',#1712,#1712,#1345,.T.);
#2125=EDGE_CURVE('',#1713,#1713,#1346,.T.);
#2126=EDGE_CURVE('',#1714,#1714,#1347,.T.);
#2127=EDGE_CURVE('',#1715,#1715,#1348,.T.);
#2128=EDGE_CURVE('',#1716,#1716,#1349,.T.);
#2129=EDGE_CURVE('',#1717,#1717,#1350,.T.);
#2130=EDGE_CURVE('',#1718,#1718,#1351,.T.);
#2131=EDGE_CURVE('',#1719,#1719,#1352,.T.);
#2132=EDGE_CURVE('',#1720,#1720,#1353,.T.);
#2133=EDGE_CURVE('',#1721,#1721,#1354,.T.);
#2134=EDGE_CURVE('',#1722,#1722,#1355,.T.);
#2135=EDGE_CURVE('',#1723,#1723,#1356,.T.);
#2136=EDGE_CURVE('',#1724,#1724,#1357,.T.);
#2137=EDGE_CURVE('',#1725,#1725,#1358,.T.);
#2138=EDGE_CURVE('',#1726,#1726,#1359,.T.);
#2139=EDGE_CURVE('',#1727,#1727,#1360,.T.);
#2140=EDGE_CURVE('',#1728,#1728,#1361,.T.);
#2141=EDGE_CURVE('',#1729,#1729,#1362,.T.);
#2142=EDGE_CURVE('',#1730,#1730,#1363,.T.);
#2143=EDGE_CURVE('',#1731,#1731,#1364,.T.);
#2144=EDGE_CURVE('',#1732,#1732,#1365,.T.);
#2145=EDGE_CURVE('',#1733,#1733,#1366,.T.);
#2146=EDGE_CURVE('',#1734,#1734,#1367,.T.);
#2147=EDGE_CURVE('',#1735,#1735,#1368,.T.);
#2148=EDGE_CURVE('',#1736,#1736,#1369,.T.);
#2149=EDGE_CURVE('',#1737,#1737,#1370,.T.);
#2150=EDGE_CURVE('',#1738,#1738,#1371,.T.);
#2151=EDGE_CURVE('',#1739,#1739,#1372,.T.);
#2152=EDGE_CURVE('',#1740,#1740,#1373,.T.);
#2153=EDGE_CURVE('',#1690,#1741,#426,.T.);
#2154=EDGE_CURVE('',#1698,#1741,#1374,.T.);
#2155=EDGE_CURVE('',#1698,#1742,#1375,.T.);
#2156=EDGE_CURVE('',#1742,#1743,#427,.T.);
#2157=EDGE_CURVE('',#1743,#1694,#109,.T.);
#2158=EDGE_CURVE('',#1743,#1744,#110,.T.);
#2159=EDGE_CURVE('',#1744,#1692,#111,.T.);
#2160=EDGE_CURVE('',#1745,#1746,#428,.T.);
#2161=EDGE_CURVE('',#1746,#1747,#1376,.T.);
#2162=EDGE_CURVE('',#1747,#1748,#429,.T.);
#2163=EDGE_CURVE('',#1748,#1745,#112,.T.);
#2164=EDGE_CURVE('',#1693,#1749,#1377,.T.);
#2165=EDGE_CURVE('',#1749,#1747,#1378,.T.);
#2166=EDGE_CURVE('',#1746,#1693,#1379,.T.);
#2167=EDGE_CURVE('',#1744,#1749,#430,.T.);
#2168=EDGE_CURVE('',#1750,#1745,#113,.T.);
#2169=EDGE_CURVE('',#1748,#1751,#114,.T.);
#2170=EDGE_CURVE('',#1751,#1750,#115,.T.);
#2171=EDGE_CURVE('',#1741,#1752,#1380,.T.);
#2172=EDGE_CURVE('',#1752,#1742,#1381,.T.);
#2173=EDGE_CURVE('',#1751,#1752,#431,.T.);
#2174=EDGE_CURVE('',#1741,#1750,#432,.T.);
#2175=EDGE_CURVE('',#1687,#1746,#433,.T.);
#2176=EDGE_CURVE('',#1688,#1745,#434,.T.);
#2177=EDGE_CURVE('',#1753,#1753,#1382,.T.);
#2178=EDGE_CURVE('',#1754,#1754,#1383,.T.);
#2179=EDGE_CURVE('',#1755,#1755,#1384,.T.);
#2180=EDGE_CURVE('',#1756,#1756,#1385,.T.);
#2181=EDGE_CURVE('',#1757,#1757,#1386,.T.);
#2182=EDGE_CURVE('',#1758,#1758,#1387,.T.);
#2183=EDGE_CURVE('',#1759,#1759,#1388,.T.);
#2184=EDGE_CURVE('',#1760,#1760,#1389,.T.);
#2185=EDGE_CURVE('',#1761,#1761,#1390,.T.);
#2186=EDGE_CURVE('',#1762,#1762,#1391,.T.);
#2187=EDGE_CURVE('',#1763,#1763,#1392,.T.);
#2188=EDGE_CURVE('',#1764,#1764,#1393,.T.);
#2189=EDGE_CURVE('',#1765,#1765,#1394,.T.);
#2190=EDGE_CURVE('',#1766,#1766,#1395,.T.);
#2191=EDGE_CURVE('',#1767,#1767,#1396,.T.);
#2192=EDGE_CURVE('',#1768,#1768,#1397,.T.);
#2193=EDGE_CURVE('',#1769,#1769,#1398,.T.);
#2194=EDGE_CURVE('',#1770,#1770,#1399,.T.);
#2195=EDGE_CURVE('',#1771,#1771,#1400,.T.);
#2196=EDGE_CURVE('',#1772,#1772,#1401,.T.);
#2197=EDGE_CURVE('',#1773,#1773,#1402,.T.);
#2198=EDGE_CURVE('',#1774,#1774,#1403,.T.);
#2199=EDGE_CURVE('',#1775,#1775,#1404,.T.);
#2200=EDGE_CURVE('',#1776,#1776,#1405,.T.);
#2201=EDGE_CURVE('',#1777,#1777,#1406,.T.);
#2202=EDGE_CURVE('',#1778,#1778,#1407,.T.);
#2203=EDGE_CURVE('',#1779,#1779,#1408,.T.);
#2204=EDGE_CURVE('',#1780,#1780,#1409,.T.);
#2205=EDGE_CURVE('',#1781,#1781,#1410,.T.);
#2206=EDGE_CURVE('',#1782,#1782,#1411,.T.);
#2207=EDGE_CURVE('',#1783,#1783,#1412,.T.);
#2208=EDGE_CURVE('',#1784,#1784,#1413,.T.);
#2209=EDGE_CURVE('',#1785,#1785,#1414,.T.);
#2210=EDGE_CURVE('',#1786,#1786,#1415,.T.);
#2211=EDGE_CURVE('',#1787,#1787,#1416,.T.);
#2212=EDGE_CURVE('',#1788,#1788,#1417,.T.);
#2213=EDGE_CURVE('',#1789,#1789,#1418,.T.);
#2214=EDGE_CURVE('',#1790,#1790,#1419,.T.);
#2215=EDGE_CURVE('',#1791,#1791,#1420,.T.);
#2216=EDGE_CURVE('',#1792,#1792,#1421,.T.);
#2217=EDGE_CURVE('',#1793,#1793,#1422,.T.);
#2218=EDGE_CURVE('',#1794,#1794,#1423,.T.);
#2219=EDGE_CURVE('',#1795,#1795,#1424,.T.);
#2220=EDGE_CURVE('',#1753,#1696,#1425,.T.);
#2221=EDGE_CURVE('',#1795,#1796,#1426,.T.);
#2222=EDGE_CURVE('',#1796,#1797,#1427,.T.);
#2223=EDGE_CURVE('',#1797,#1796,#1428,.T.);
#2224=EDGE_CURVE('',#1797,#1700,#435,.T.);
#2225=EDGE_CURVE('',#1754,#1798,#1429,.T.);
#2226=EDGE_CURVE('',#1798,#1799,#1430,.T.);
#2227=EDGE_CURVE('',#1799,#1798,#1431,.T.);
#2228=EDGE_CURVE('',#1799,#1701,#436,.T.);
#2229=EDGE_CURVE('',#1794,#1800,#1432,.T.);
#2230=EDGE_CURVE('',#1800,#1801,#1433,.T.);
#2231=EDGE_CURVE('',#1801,#1800,#1434,.T.);
#2232=EDGE_CURVE('',#1801,#1702,#437,.T.);
#2233=EDGE_CURVE('',#1755,#1802,#1435,.T.);
#2234=EDGE_CURVE('',#1802,#1803,#1436,.T.);
#2235=EDGE_CURVE('',#1803,#1802,#1437,.T.);
#2236=EDGE_CURVE('',#1803,#1703,#438,.T.);
#2237=EDGE_CURVE('',#1793,#1804,#1438,.T.);
#2238=EDGE_CURVE('',#1804,#1805,#1439,.T.);
#2239=EDGE_CURVE('',#1805,#1804,#1440,.T.);
#2240=EDGE_CURVE('',#1805,#1704,#439,.T.);
#2241=EDGE_CURVE('',#1756,#1806,#1441,.T.);
#2242=EDGE_CURVE('',#1806,#1807,#1442,.T.);
#2243=EDGE_CURVE('',#1807,#1806,#1443,.T.);
#2244=EDGE_CURVE('',#1807,#1705,#440,.T.);
#2245=EDGE_CURVE('',#1792,#1808,#1444,.T.);
#2246=EDGE_CURVE('',#1808,#1809,#1445,.T.);
#2247=EDGE_CURVE('',#1809,#1808,#1446,.T.);
#2248=EDGE_CURVE('',#1809,#1706,#441,.T.);
#2249=EDGE_CURVE('',#1757,#1810,#1447,.T.);
#2250=EDGE_CURVE('',#1810,#1811,#1448,.T.);
#2251=EDGE_CURVE('',#1811,#1810,#1449,.T.);
#2252=EDGE_CURVE('',#1811,#1707,#442,.T.);
#2253=EDGE_CURVE('',#1791,#1812,#1450,.T.);
#2254=EDGE_CURVE('',#1812,#1813,#1451,.T.);
#2255=EDGE_CURVE('',#1813,#1812,#1452,.T.);
#2256=EDGE_CURVE('',#1813,#1708,#443,.T.);
#2257=EDGE_CURVE('',#1758,#1814,#1453,.T.);
#2258=EDGE_CURVE('',#1814,#1815,#1454,.T.);
#2259=EDGE_CURVE('',#1815,#1814,#1455,.T.);
#2260=EDGE_CURVE('',#1815,#1709,#444,.T.);
#2261=EDGE_CURVE('',#1790,#1816,#1456,.T.);
#2262=EDGE_CURVE('',#1816,#1817,#1457,.T.);
#2263=EDGE_CURVE('',#1817,#1816,#1458,.T.);
#2264=EDGE_CURVE('',#1817,#1710,#445,.T.);
#2265=EDGE_CURVE('',#1759,#1818,#1459,.T.);
#2266=EDGE_CURVE('',#1818,#1819,#1460,.T.);
#2267=EDGE_CURVE('',#1819,#1818,#1461,.T.);
#2268=EDGE_CURVE('',#1819,#1711,#446,.T.);
#2269=EDGE_CURVE('',#1789,#1820,#1462,.T.);
#2270=EDGE_CURVE('',#1820,#1821,#1463,.T.);
#2271=EDGE_CURVE('',#1821,#1820,#1464,.T.);
#2272=EDGE_CURVE('',#1821,#1712,#447,.T.);
#2273=EDGE_CURVE('',#1760,#1822,#1465,.T.);
#2274=EDGE_CURVE('',#1822,#1823,#1466,.T.);
#2275=EDGE_CURVE('',#1823,#1822,#1467,.T.);
#2276=EDGE_CURVE('',#1823,#1713,#448,.T.);
#2277=EDGE_CURVE('',#1788,#1824,#1468,.T.);
#2278=EDGE_CURVE('',#1824,#1825,#1469,.T.);
#2279=EDGE_CURVE('',#1825,#1824,#1470,.T.);
#2280=EDGE_CURVE('',#1825,#1714,#449,.T.);
#2281=EDGE_CURVE('',#1761,#1826,#1471,.T.);
#2282=EDGE_CURVE('',#1826,#1827,#1472,.T.);
#2283=EDGE_CURVE('',#1827,#1826,#1473,.T.);
#2284=EDGE_CURVE('',#1827,#1715,#450,.T.);
#2285=EDGE_CURVE('',#1787,#1828,#1474,.T.);
#2286=EDGE_CURVE('',#1828,#1829,#1475,.T.);
#2287=EDGE_CURVE('',#1829,#1828,#1476,.T.);
#2288=EDGE_CURVE('',#1829,#1716,#451,.T.);
#2289=EDGE_CURVE('',#1762,#1830,#1477,.T.);
#2290=EDGE_CURVE('',#1830,#1831,#1478,.T.);
#2291=EDGE_CURVE('',#1831,#1830,#1479,.T.);
#2292=EDGE_CURVE('',#1831,#1717,#452,.T.);
#2293=EDGE_CURVE('',#1786,#1832,#1480,.T.);
#2294=EDGE_CURVE('',#1832,#1833,#1481,.T.);
#2295=EDGE_CURVE('',#1833,#1832,#1482,.T.);
#2296=EDGE_CURVE('',#1833,#1718,#453,.T.);
#2297=EDGE_CURVE('',#1763,#1834,#1483,.T.);
#2298=EDGE_CURVE('',#1834,#1835,#1484,.T.);
#2299=EDGE_CURVE('',#1835,#1834,#1485,.T.);
#2300=EDGE_CURVE('',#1835,#1719,#454,.T.);
#2301=EDGE_CURVE('',#1785,#1836,#1486,.T.);
#2302=EDGE_CURVE('',#1836,#1837,#1487,.T.);
#2303=EDGE_CURVE('',#1837,#1836,#1488,.T.);
#2304=EDGE_CURVE('',#1837,#1720,#455,.T.);
#2305=EDGE_CURVE('',#1764,#1838,#1489,.T.);
#2306=EDGE_CURVE('',#1838,#1839,#1490,.T.);
#2307=EDGE_CURVE('',#1839,#1838,#1491,.T.);
#2308=EDGE_CURVE('',#1839,#1721,#456,.T.);
#2309=EDGE_CURVE('',#1784,#1840,#1492,.T.);
#2310=EDGE_CURVE('',#1840,#1841,#1493,.T.);
#2311=EDGE_CURVE('',#1841,#1840,#1494,.T.);
#2312=EDGE_CURVE('',#1841,#1722,#457,.T.);
#2313=EDGE_CURVE('',#1765,#1842,#1495,.T.);
#2314=EDGE_CURVE('',#1842,#1843,#1496,.T.);
#2315=EDGE_CURVE('',#1843,#1842,#1497,.T.);
#2316=EDGE_CURVE('',#1843,#1723,#458,.T.);
#2317=EDGE_CURVE('',#1783,#1844,#1498,.T.);
#2318=EDGE_CURVE('',#1844,#1845,#1499,.T.);
#2319=EDGE_CURVE('',#1845,#1844,#1500,.T.);
#2320=EDGE_CURVE('',#1845,#1724,#459,.T.);
#2321=EDGE_CURVE('',#1766,#1846,#1501,.T.);
#2322=EDGE_CURVE('',#1846,#1847,#1502,.T.);
#2323=EDGE_CURVE('',#1847,#1846,#1503,.T.);
#2324=EDGE_CURVE('',#1847,#1725,#460,.T.);
#2325=EDGE_CURVE('',#1782,#1848,#1504,.T.);
#2326=EDGE_CURVE('',#1848,#1849,#1505,.T.);
#2327=EDGE_CURVE('',#1849,#1848,#1506,.T.);
#2328=EDGE_CURVE('',#1849,#1726,#461,.T.);
#2329=EDGE_CURVE('',#1767,#1850,#1507,.T.);
#2330=EDGE_CURVE('',#1850,#1851,#1508,.T.);
#2331=EDGE_CURVE('',#1851,#1850,#1509,.T.);
#2332=EDGE_CURVE('',#1851,#1727,#462,.T.);
#2333=EDGE_CURVE('',#1781,#1852,#1510,.T.);
#2334=EDGE_CURVE('',#1852,#1853,#1511,.T.);
#2335=EDGE_CURVE('',#1853,#1852,#1512,.T.);
#2336=EDGE_CURVE('',#1853,#1728,#463,.T.);
#2337=EDGE_CURVE('',#1768,#1854,#1513,.T.);
#2338=EDGE_CURVE('',#1854,#1855,#1514,.T.);
#2339=EDGE_CURVE('',#1855,#1854,#1515,.T.);
#2340=EDGE_CURVE('',#1855,#1729,#464,.T.);
#2341=EDGE_CURVE('',#1780,#1856,#1516,.T.);
#2342=EDGE_CURVE('',#1856,#1857,#1517,.T.);
#2343=EDGE_CURVE('',#1857,#1856,#1518,.T.);
#2344=EDGE_CURVE('',#1857,#1730,#465,.T.);
#2345=EDGE_CURVE('',#1769,#1858,#1519,.T.);
#2346=EDGE_CURVE('',#1858,#1859,#1520,.T.);
#2347=EDGE_CURVE('',#1859,#1858,#1521,.T.);
#2348=EDGE_CURVE('',#1859,#1699,#466,.T.);
#2349=EDGE_CURVE('',#1779,#1860,#1522,.T.);
#2350=EDGE_CURVE('',#1860,#1861,#1523,.T.);
#2351=EDGE_CURVE('',#1861,#1860,#1524,.T.);
#2352=EDGE_CURVE('',#1861,#1731,#467,.T.);
#2353=EDGE_CURVE('',#1770,#1862,#1525,.T.);
#2354=EDGE_CURVE('',#1862,#1863,#1526,.T.);
#2355=EDGE_CURVE('',#1863,#1862,#1527,.T.);
#2356=EDGE_CURVE('',#1863,#1732,#468,.T.);
#2357=EDGE_CURVE('',#1778,#1864,#1528,.T.);
#2358=EDGE_CURVE('',#1864,#1865,#1529,.T.);
#2359=EDGE_CURVE('',#1865,#1864,#1530,.T.);
#2360=EDGE_CURVE('',#1865,#1733,#469,.T.);
#2361=EDGE_CURVE('',#1771,#1866,#1531,.T.);
#2362=EDGE_CURVE('',#1866,#1867,#1532,.T.);
#2363=EDGE_CURVE('',#1867,#1866,#1533,.T.);
#2364=EDGE_CURVE('',#1867,#1734,#470,.T.);
#2365=EDGE_CURVE('',#1777,#1868,#1534,.T.);
#2366=EDGE_CURVE('',#1868,#1869,#1535,.T.);
#2367=EDGE_CURVE('',#1869,#1868,#1536,.T.);
#2368=EDGE_CURVE('',#1869,#1735,#471,.T.);
#2369=EDGE_CURVE('',#1772,#1870,#1537,.T.);
#2370=EDGE_CURVE('',#1870,#1871,#1538,.T.);
#2371=EDGE_CURVE('',#1871,#1870,#1539,.T.);
#2372=EDGE_CURVE('',#1871,#1736,#472,.T.);
#2373=EDGE_CURVE('',#1776,#1872,#1540,.T.);
#2374=EDGE_CURVE('',#1872,#1873,#1541,.T.);
#2375=EDGE_CURVE('',#1873,#1872,#1542,.T.);
#2376=EDGE_CURVE('',#1873,#1737,#473,.T.);
#2377=EDGE_CURVE('',#1773,#1874,#1543,.T.);
#2378=EDGE_CURVE('',#1874,#1875,#1544,.T.);
#2379=EDGE_CURVE('',#1875,#1874,#1545,.T.);
#2380=EDGE_CURVE('',#1875,#1738,#474,.T.);
#2381=EDGE_CURVE('',#1775,#1876,#1546,.T.);
#2382=EDGE_CURVE('',#1876,#1877,#1547,.T.);
#2383=EDGE_CURVE('',#1877,#1876,#1548,.T.);
#2384=EDGE_CURVE('',#1877,#1739,#475,.T.);
#2385=EDGE_CURVE('',#1774,#1878,#1549,.T.);
#2386=EDGE_CURVE('',#1878,#1879,#1550,.T.);
#2387=EDGE_CURVE('',#1879,#1878,#1551,.T.);
#2388=EDGE_CURVE('',#1879,#1740,#476,.T.);
#2389=EDGE_CURVE('',#1689,#1750,#477,.T.);
#2390=EDGE_CURVE('',#1880,#1881,#478,.T.);
#2391=EDGE_CURVE('',#1881,#1882,#479,.T.);
#2392=EDGE_CURVE('',#1883,#1882,#480,.T.);
#2393=EDGE_CURVE('',#1880,#1883,#481,.T.);
#2394=EDGE_CURVE('',#1884,#1880,#482,.T.);
#2395=EDGE_CURVE('',#1885,#1883,#483,.T.);
#2396=EDGE_CURVE('',#1884,#1885,#484,.T.);
#2397=EDGE_CURVE('',#1886,#1884,#485,.T.);
#2398=EDGE_CURVE('',#1887,#1885,#486,.T.);
#2399=EDGE_CURVE('',#1886,#1887,#487,.T.);
#2400=EDGE_CURVE('',#1881,#1886,#488,.T.);
#2401=EDGE_CURVE('',#1882,#1887,#489,.T.);
#2402=EDGE_CURVE('',#1888,#1889,#116,.T.);
#2403=EDGE_CURVE('',#1888,#1890,#490,.T.);
#2404=EDGE_CURVE('',#1891,#1890,#117,.T.);
#2405=EDGE_CURVE('',#1889,#1891,#491,.T.);
#2406=EDGE_CURVE('',#1888,#1889,#1552,.T.);
#2407=EDGE_CURVE('',#1890,#1891,#1553,.T.);
#2408=EDGE_CURVE('',#1892,#1893,#118,.T.);
#2409=EDGE_CURVE('',#1892,#1894,#492,.T.);
#2410=EDGE_CURVE('',#1895,#1894,#119,.T.);
#2411=EDGE_CURVE('',#1893,#1895,#493,.T.);
#2412=EDGE_CURVE('',#1892,#1893,#1554,.T.);
#2413=EDGE_CURVE('',#1894,#1895,#1555,.T.);
#2414=ORIENTED_EDGE('',*,*,#1896,.T.);
#2415=ORIENTED_EDGE('',*,*,#1897,.T.);
#2416=ORIENTED_EDGE('',*,*,#1897,.F.);
#2417=ORIENTED_EDGE('',*,*,#1898,.T.);
#2418=ORIENTED_EDGE('',*,*,#1896,.F.);
#2419=ORIENTED_EDGE('',*,*,#1899,.T.);
#2420=ORIENTED_EDGE('',*,*,#1900,.T.);
#2421=ORIENTED_EDGE('',*,*,#1899,.F.);
#2422=ORIENTED_EDGE('',*,*,#1898,.F.);
#2423=ORIENTED_EDGE('',*,*,#1901,.T.);
#2424=ORIENTED_EDGE('',*,*,#1902,.T.);
#2425=ORIENTED_EDGE('',*,*,#1902,.F.);
#2426=ORIENTED_EDGE('',*,*,#1903,.T.);
#2427=ORIENTED_EDGE('',*,*,#1901,.F.);
#2428=ORIENTED_EDGE('',*,*,#1904,.T.);
#2429=ORIENTED_EDGE('',*,*,#1905,.T.);
#2430=ORIENTED_EDGE('',*,*,#1904,.F.);
#2431=ORIENTED_EDGE('',*,*,#1903,.F.);
#2432=ORIENTED_EDGE('',*,*,#1906,.T.);
#2433=ORIENTED_EDGE('',*,*,#1907,.T.);
#2434=ORIENTED_EDGE('',*,*,#1907,.F.);
#2435=ORIENTED_EDGE('',*,*,#1908,.T.);
#2436=ORIENTED_EDGE('',*,*,#1906,.F.);
#2437=ORIENTED_EDGE('',*,*,#1909,.T.);
#2438=ORIENTED_EDGE('',*,*,#1910,.T.);
#2439=ORIENTED_EDGE('',*,*,#1909,.F.);
#2440=ORIENTED_EDGE('',*,*,#1908,.F.);
#2441=ORIENTED_EDGE('',*,*,#1911,.T.);
#2442=ORIENTED_EDGE('',*,*,#1912,.T.);
#2443=ORIENTED_EDGE('',*,*,#1912,.F.);
#2444=ORIENTED_EDGE('',*,*,#1913,.T.);
#2445=ORIENTED_EDGE('',*,*,#1911,.F.);
#2446=ORIENTED_EDGE('',*,*,#1914,.T.);
#2447=ORIENTED_EDGE('',*,*,#1915,.T.);
#2448=ORIENTED_EDGE('',*,*,#1914,.F.);
#2449=ORIENTED_EDGE('',*,*,#1913,.F.);
#2450=ORIENTED_EDGE('',*,*,#1916,.F.);
#2451=ORIENTED_EDGE('',*,*,#1917,.F.);
#2452=ORIENTED_EDGE('',*,*,#1918,.F.);
#2453=ORIENTED_EDGE('',*,*,#1919,.F.);
#2454=ORIENTED_EDGE('',*,*,#1900,.F.);
#2455=ORIENTED_EDGE('',*,*,#1905,.F.);
#2456=ORIENTED_EDGE('',*,*,#1910,.F.);
#2457=ORIENTED_EDGE('',*,*,#1915,.F.);
#2458=ORIENTED_EDGE('',*,*,#1919,.T.);
#2459=ORIENTED_EDGE('',*,*,#1920,.T.);
#2460=ORIENTED_EDGE('',*,*,#1921,.F.);
#2461=ORIENTED_EDGE('',*,*,#1922,.F.);
#2462=ORIENTED_EDGE('',*,*,#1918,.T.);
#2463=ORIENTED_EDGE('',*,*,#1923,.T.);
#2464=ORIENTED_EDGE('',*,*,#1924,.F.);
#2465=ORIENTED_EDGE('',*,*,#1920,.F.);
#2466=ORIENTED_EDGE('',*,*,#1925,.F.);
#2467=ORIENTED_EDGE('',*,*,#1926,.F.);
#2468=ORIENTED_EDGE('',*,*,#1927,.F.);
#2469=ORIENTED_EDGE('',*,*,#1928,.F.);
#2470=ORIENTED_EDGE('',*,*,#1929,.F.);
#2471=ORIENTED_EDGE('',*,*,#1928,.T.);
#2472=ORIENTED_EDGE('',*,*,#1930,.F.);
#2473=ORIENTED_EDGE('',*,*,#1931,.F.);
#2474=ORIENTED_EDGE('',*,*,#1932,.T.);
#2475=ORIENTED_EDGE('',*,*,#1933,.F.);
#2476=ORIENTED_EDGE('',*,*,#1934,.F.);
#2477=ORIENTED_EDGE('',*,*,#1935,.T.);
#2478=ORIENTED_EDGE('',*,*,#1936,.T.);
#2479=ORIENTED_EDGE('',*,*,#1937,.T.);
#2480=ORIENTED_EDGE('',*,*,#1938,.F.);
#2481=ORIENTED_EDGE('',*,*,#1939,.T.);
#2482=ORIENTED_EDGE('',*,*,#1940,.F.);
#2483=ORIENTED_EDGE('',*,*,#1941,.T.);
#2484=ORIENTED_EDGE('',*,*,#1942,.F.);
#2485=ORIENTED_EDGE('',*,*,#1926,.T.);
#2486=ORIENTED_EDGE('',*,*,#1943,.F.);
#2487=ORIENTED_EDGE('',*,*,#1931,.T.);
#2488=ORIENTED_EDGE('',*,*,#1944,.F.);
#2489=ORIENTED_EDGE('',*,*,#1941,.F.);
#2490=ORIENTED_EDGE('',*,*,#1945,.T.);
#2491=ORIENTED_EDGE('',*,*,#1939,.F.);
#2492=ORIENTED_EDGE('',*,*,#1946,.F.);
#2493=ORIENTED_EDGE('',*,*,#1933,.T.);
#2494=ORIENTED_EDGE('',*,*,#1938,.T.);
#2495=ORIENTED_EDGE('',*,*,#1947,.T.);
#2496=ORIENTED_EDGE('',*,*,#1934,.T.);
#2497=ORIENTED_EDGE('',*,*,#1946,.T.);
#2498=ORIENTED_EDGE('',*,*,#1917,.T.);
#2499=ORIENTED_EDGE('',*,*,#1948,.F.);
#2500=ORIENTED_EDGE('',*,*,#1949,.F.);
#2501=ORIENTED_EDGE('',*,*,#1923,.F.);
#2502=ORIENTED_EDGE('',*,*,#1916,.T.);
#2503=ORIENTED_EDGE('',*,*,#1922,.T.);
#2504=ORIENTED_EDGE('',*,*,#1950,.F.);
#2505=ORIENTED_EDGE('',*,*,#1948,.T.);
#2506=ORIENTED_EDGE('',*,*,#1951,.T.);
#2507=ORIENTED_EDGE('',*,*,#1935,.F.);
#2508=ORIENTED_EDGE('',*,*,#1947,.F.);
#2509=ORIENTED_EDGE('',*,*,#1937,.F.);
#2510=ORIENTED_EDGE('',*,*,#1942,.T.);
#2511=ORIENTED_EDGE('',*,*,#1944,.T.);
#2512=ORIENTED_EDGE('',*,*,#1930,.T.);
#2513=ORIENTED_EDGE('',*,*,#1927,.T.);
#2514=ORIENTED_EDGE('',*,*,#1950,.T.);
#2515=ORIENTED_EDGE('',*,*,#1921,.T.);
#2516=ORIENTED_EDGE('',*,*,#1924,.T.);
#2517=ORIENTED_EDGE('',*,*,#1949,.T.);
#2518=ORIENTED_EDGE('',*,*,#1952,.T.);
#2519=ORIENTED_EDGE('',*,*,#1953,.T.);
#2520=ORIENTED_EDGE('',*,*,#1954,.F.);
#2521=ORIENTED_EDGE('',*,*,#1955,.F.);
#2522=ORIENTED_EDGE('',*,*,#1956,.T.);
#2523=ORIENTED_EDGE('',*,*,#1955,.T.);
#2524=ORIENTED_EDGE('',*,*,#1957,.F.);
#2525=ORIENTED_EDGE('',*,*,#1958,.F.);
#2526=ORIENTED_EDGE('',*,*,#1959,.T.);
#2527=ORIENTED_EDGE('',*,*,#1958,.T.);
#2528=ORIENTED_EDGE('',*,*,#1960,.F.);
#2529=ORIENTED_EDGE('',*,*,#1961,.F.);
#2530=ORIENTED_EDGE('',*,*,#1962,.T.);
#2531=ORIENTED_EDGE('',*,*,#1961,.T.);
#2532=ORIENTED_EDGE('',*,*,#1963,.F.);
#2533=ORIENTED_EDGE('',*,*,#1953,.F.);
#2534=ORIENTED_EDGE('',*,*,#1963,.T.);
#2535=ORIENTED_EDGE('',*,*,#1960,.T.);
#2536=ORIENTED_EDGE('',*,*,#1957,.T.);
#2537=ORIENTED_EDGE('',*,*,#1954,.T.);
#2538=ORIENTED_EDGE('',*,*,#1940,.T.);
#2539=ORIENTED_EDGE('',*,*,#1925,.T.);
#2540=ORIENTED_EDGE('',*,*,#1929,.T.);
#2541=ORIENTED_EDGE('',*,*,#1943,.T.);
#2542=ORIENTED_EDGE('',*,*,#1962,.F.);
#2543=ORIENTED_EDGE('',*,*,#1952,.F.);
#2544=ORIENTED_EDGE('',*,*,#1956,.F.);
#2545=ORIENTED_EDGE('',*,*,#1959,.F.);
#2546=ORIENTED_EDGE('',*,*,#1936,.F.);
#2547=ORIENTED_EDGE('',*,*,#1945,.F.);
#2548=ORIENTED_EDGE('',*,*,#1932,.F.);
#2549=ORIENTED_EDGE('',*,*,#1951,.F.);
#2550=ORIENTED_EDGE('',*,*,#1964,.F.);
#2551=ORIENTED_EDGE('',*,*,#1965,.T.);
#2552=ORIENTED_EDGE('',*,*,#1966,.T.);
#2553=ORIENTED_EDGE('',*,*,#1967,.F.);
#2554=ORIENTED_EDGE('',*,*,#1966,.F.);
#2555=ORIENTED_EDGE('',*,*,#1968,.F.);
#2556=ORIENTED_EDGE('',*,*,#1964,.T.);
#2557=ORIENTED_EDGE('',*,*,#1969,.F.);
#2558=ORIENTED_EDGE('',*,*,#1970,.F.);
#2559=ORIENTED_EDGE('',*,*,#1971,.T.);
#2560=ORIENTED_EDGE('',*,*,#1972,.T.);
#2561=ORIENTED_EDGE('',*,*,#1973,.F.);
#2562=ORIENTED_EDGE('',*,*,#1972,.F.);
#2563=ORIENTED_EDGE('',*,*,#1974,.F.);
#2564=ORIENTED_EDGE('',*,*,#1970,.T.);
#2565=ORIENTED_EDGE('',*,*,#1975,.F.);
#2566=ORIENTED_EDGE('',*,*,#1969,.T.);
#2567=ORIENTED_EDGE('',*,*,#1976,.F.);
#2568=ORIENTED_EDGE('',*,*,#1977,.F.);
#2569=ORIENTED_EDGE('',*,*,#1978,.T.);
#2570=ORIENTED_EDGE('',*,*,#1974,.T.);
#2571=ORIENTED_EDGE('',*,*,#1979,.T.);
#2572=ORIENTED_EDGE('',*,*,#1980,.F.);
#2573=ORIENTED_EDGE('',*,*,#1981,.F.);
#2574=ORIENTED_EDGE('',*,*,#1982,.F.);
#2575=ORIENTED_EDGE('',*,*,#1983,.T.);
#2576=ORIENTED_EDGE('',*,*,#1984,.T.);
#2577=ORIENTED_EDGE('',*,*,#1985,.F.);
#2578=ORIENTED_EDGE('',*,*,#1986,.F.);
#2579=ORIENTED_EDGE('',*,*,#1987,.T.);
#2580=ORIENTED_EDGE('',*,*,#1988,.T.);
#2581=ORIENTED_EDGE('',*,*,#1983,.F.);
#2582=ORIENTED_EDGE('',*,*,#1989,.F.);
#2583=ORIENTED_EDGE('',*,*,#1990,.T.);
#2584=ORIENTED_EDGE('',*,*,#1991,.T.);
#2585=ORIENTED_EDGE('',*,*,#1987,.F.);
#2586=ORIENTED_EDGE('',*,*,#1992,.F.);
#2587=ORIENTED_EDGE('',*,*,#1985,.T.);
#2588=ORIENTED_EDGE('',*,*,#1993,.T.);
#2589=ORIENTED_EDGE('',*,*,#1990,.F.);
#2590=ORIENTED_EDGE('',*,*,#1993,.F.);
#2591=ORIENTED_EDGE('',*,*,#1984,.F.);
#2592=ORIENTED_EDGE('',*,*,#1988,.F.);
#2593=ORIENTED_EDGE('',*,*,#1991,.F.);
#2594=ORIENTED_EDGE('',*,*,#1994,.F.);
#2595=ORIENTED_EDGE('',*,*,#1995,.F.);
#2596=ORIENTED_EDGE('',*,*,#1996,.F.);
#2597=ORIENTED_EDGE('',*,*,#1997,.F.);
#2598=ORIENTED_EDGE('',*,*,#1992,.T.);
#2599=ORIENTED_EDGE('',*,*,#1989,.T.);
#2600=ORIENTED_EDGE('',*,*,#1986,.T.);
#2601=ORIENTED_EDGE('',*,*,#1982,.T.);
#2602=ORIENTED_EDGE('',*,*,#1998,.F.);
#2603=ORIENTED_EDGE('',*,*,#1999,.F.);
#2604=ORIENTED_EDGE('',*,*,#2000,.F.);
#2605=ORIENTED_EDGE('',*,*,#2001,.F.);
#2606=ORIENTED_EDGE('',*,*,#1997,.T.);
#2607=ORIENTED_EDGE('',*,*,#2002,.F.);
#2608=ORIENTED_EDGE('',*,*,#2003,.T.);
#2609=ORIENTED_EDGE('',*,*,#2004,.T.);
#2610=ORIENTED_EDGE('',*,*,#1999,.T.);
#2611=ORIENTED_EDGE('',*,*,#2005,.T.);
#2612=ORIENTED_EDGE('',*,*,#2006,.F.);
#2613=ORIENTED_EDGE('',*,*,#2007,.F.);
#2614=ORIENTED_EDGE('',*,*,#1996,.T.);
#2615=ORIENTED_EDGE('',*,*,#2008,.F.);
#2616=ORIENTED_EDGE('',*,*,#2009,.T.);
#2617=ORIENTED_EDGE('',*,*,#2002,.T.);
#2618=ORIENTED_EDGE('',*,*,#1995,.T.);
#2619=ORIENTED_EDGE('',*,*,#2010,.F.);
#2620=ORIENTED_EDGE('',*,*,#2011,.T.);
#2621=ORIENTED_EDGE('',*,*,#2008,.T.);
#2622=ORIENTED_EDGE('',*,*,#1994,.T.);
#2623=ORIENTED_EDGE('',*,*,#2004,.F.);
#2624=ORIENTED_EDGE('',*,*,#2012,.T.);
#2625=ORIENTED_EDGE('',*,*,#2010,.T.);
#2626=ORIENTED_EDGE('',*,*,#1998,.T.);
#2627=ORIENTED_EDGE('',*,*,#2013,.T.);
#2628=ORIENTED_EDGE('',*,*,#2014,.F.);
#2629=ORIENTED_EDGE('',*,*,#2005,.F.);
#2630=ORIENTED_EDGE('',*,*,#2000,.T.);
#2631=ORIENTED_EDGE('',*,*,#2007,.T.);
#2632=ORIENTED_EDGE('',*,*,#2015,.F.);
#2633=ORIENTED_EDGE('',*,*,#2016,.F.);
#2634=ORIENTED_EDGE('',*,*,#2001,.T.);
#2635=ORIENTED_EDGE('',*,*,#2016,.T.);
#2636=ORIENTED_EDGE('',*,*,#2017,.F.);
#2637=ORIENTED_EDGE('',*,*,#2013,.F.);
#2638=ORIENTED_EDGE('',*,*,#1975,.T.);
#2639=ORIENTED_EDGE('',*,*,#2018,.F.);
#2640=ORIENTED_EDGE('',*,*,#2019,.F.);
#2641=ORIENTED_EDGE('',*,*,#2020,.T.);
#2642=ORIENTED_EDGE('',*,*,#2021,.F.);
#2643=ORIENTED_EDGE('',*,*,#2018,.T.);
#2644=ORIENTED_EDGE('',*,*,#1973,.T.);
#2645=ORIENTED_EDGE('',*,*,#1981,.T.);
#2646=ORIENTED_EDGE('',*,*,#2022,.F.);
#2647=ORIENTED_EDGE('',*,*,#2023,.F.);
#2648=ORIENTED_EDGE('',*,*,#2024,.T.);
#2649=ORIENTED_EDGE('',*,*,#2023,.T.);
#2650=ORIENTED_EDGE('',*,*,#2025,.F.);
#2651=ORIENTED_EDGE('',*,*,#2026,.F.);
#2652=ORIENTED_EDGE('',*,*,#2027,.F.);
#2653=ORIENTED_EDGE('',*,*,#2026,.T.);
#2654=ORIENTED_EDGE('',*,*,#2028,.F.);
#2655=ORIENTED_EDGE('',*,*,#2029,.F.);
#2656=ORIENTED_EDGE('',*,*,#1965,.F.);
#2657=ORIENTED_EDGE('',*,*,#1978,.F.);
#2658=ORIENTED_EDGE('',*,*,#1968,.T.);
#2659=ORIENTED_EDGE('',*,*,#2029,.T.);
#2660=ORIENTED_EDGE('',*,*,#2030,.F.);
#2661=ORIENTED_EDGE('',*,*,#2031,.F.);
#2662=ORIENTED_EDGE('',*,*,#2032,.F.);
#2663=ORIENTED_EDGE('',*,*,#1976,.T.);
#2664=ORIENTED_EDGE('',*,*,#1967,.T.);
#2665=ORIENTED_EDGE('',*,*,#2031,.T.);
#2666=ORIENTED_EDGE('',*,*,#2033,.F.);
#2667=ORIENTED_EDGE('',*,*,#2034,.F.);
#2668=ORIENTED_EDGE('',*,*,#2035,.T.);
#2669=ORIENTED_EDGE('',*,*,#2034,.T.);
#2670=ORIENTED_EDGE('',*,*,#2036,.F.);
#2671=ORIENTED_EDGE('',*,*,#2037,.F.);
#2672=ORIENTED_EDGE('',*,*,#2038,.T.);
#2673=ORIENTED_EDGE('',*,*,#2037,.T.);
#2674=ORIENTED_EDGE('',*,*,#2039,.F.);
#2675=ORIENTED_EDGE('',*,*,#1979,.F.);
#2676=ORIENTED_EDGE('',*,*,#1971,.F.);
#2677=ORIENTED_EDGE('',*,*,#2020,.F.);
#2678=ORIENTED_EDGE('',*,*,#2039,.T.);
#2679=ORIENTED_EDGE('',*,*,#2036,.T.);
#2680=ORIENTED_EDGE('',*,*,#2033,.T.);
#2681=ORIENTED_EDGE('',*,*,#2030,.T.);
#2682=ORIENTED_EDGE('',*,*,#2028,.T.);
#2683=ORIENTED_EDGE('',*,*,#2025,.T.);
#2684=ORIENTED_EDGE('',*,*,#2022,.T.);
#2685=ORIENTED_EDGE('',*,*,#1980,.T.);
#2686=ORIENTED_EDGE('',*,*,#2017,.T.);
#2687=ORIENTED_EDGE('',*,*,#2015,.T.);
#2688=ORIENTED_EDGE('',*,*,#2006,.T.);
#2689=ORIENTED_EDGE('',*,*,#2014,.T.);
#2690=ORIENTED_EDGE('',*,*,#2038,.F.);
#2691=ORIENTED_EDGE('',*,*,#2019,.T.);
#2692=ORIENTED_EDGE('',*,*,#2021,.T.);
#2693=ORIENTED_EDGE('',*,*,#2024,.F.);
#2694=ORIENTED_EDGE('',*,*,#2027,.T.);
#2695=ORIENTED_EDGE('',*,*,#1977,.T.);
#2696=ORIENTED_EDGE('',*,*,#2032,.T.);
#2697=ORIENTED_EDGE('',*,*,#2035,.F.);
#2698=ORIENTED_EDGE('',*,*,#2011,.F.);
#2699=ORIENTED_EDGE('',*,*,#2012,.F.);
#2700=ORIENTED_EDGE('',*,*,#2003,.F.);
#2701=ORIENTED_EDGE('',*,*,#2009,.F.);
#2702=ORIENTED_EDGE('',*,*,#2040,.F.);
#2703=ORIENTED_EDGE('',*,*,#2041,.T.);
#2704=ORIENTED_EDGE('',*,*,#2042,.T.);
#2705=ORIENTED_EDGE('',*,*,#2043,.T.);
#2706=ORIENTED_EDGE('',*,*,#2044,.F.);
#2707=ORIENTED_EDGE('',*,*,#2045,.F.);
#2708=ORIENTED_EDGE('',*,*,#2046,.T.);
#2709=ORIENTED_EDGE('',*,*,#2047,.T.);
#2710=ORIENTED_EDGE('',*,*,#2048,.F.);
#2711=ORIENTED_EDGE('',*,*,#2049,.F.);
#2712=ORIENTED_EDGE('',*,*,#2050,.T.);
#2713=ORIENTED_EDGE('',*,*,#2051,.T.);
#2714=ORIENTED_EDGE('',*,*,#2052,.T.);
#2715=ORIENTED_EDGE('',*,*,#2053,.F.);
#2716=ORIENTED_EDGE('',*,*,#2054,.T.);
#2717=ORIENTED_EDGE('',*,*,#2045,.T.);
#2718=ORIENTED_EDGE('',*,*,#2042,.F.);
#2719=ORIENTED_EDGE('',*,*,#2055,.F.);
#2720=ORIENTED_EDGE('',*,*,#2056,.F.);
#2721=ORIENTED_EDGE('',*,*,#2057,.F.);
#2722=ORIENTED_EDGE('',*,*,#2058,.T.);
#2723=ORIENTED_EDGE('',*,*,#2059,.T.);
#2724=ORIENTED_EDGE('',*,*,#2060,.T.);
#2725=ORIENTED_EDGE('',*,*,#2061,.T.);
#2726=ORIENTED_EDGE('',*,*,#2062,.T.);
#2727=ORIENTED_EDGE('',*,*,#2063,.F.);
#2728=ORIENTED_EDGE('',*,*,#2064,.T.);
#2729=ORIENTED_EDGE('',*,*,#2053,.T.);
#2730=ORIENTED_EDGE('',*,*,#2065,.F.);
#2731=ORIENTED_EDGE('',*,*,#2066,.T.);
#2732=ORIENTED_EDGE('',*,*,#2056,.T.);
#2733=ORIENTED_EDGE('',*,*,#2067,.T.);
#2734=ORIENTED_EDGE('',*,*,#2062,.F.);
#2735=ORIENTED_EDGE('',*,*,#2068,.F.);
#2736=ORIENTED_EDGE('',*,*,#2069,.F.);
#2737=ORIENTED_EDGE('',*,*,#2048,.T.);
#2738=ORIENTED_EDGE('',*,*,#2070,.F.);
#2739=ORIENTED_EDGE('',*,*,#2071,.T.);
#2740=ORIENTED_EDGE('',*,*,#2072,.F.);
#2741=ORIENTED_EDGE('',*,*,#2073,.F.);
#2742=ORIENTED_EDGE('',*,*,#2074,.F.);
#2743=ORIENTED_EDGE('',*,*,#2075,.T.);
#2744=ORIENTED_EDGE('',*,*,#2076,.F.);
#2745=ORIENTED_EDGE('',*,*,#2054,.F.);
#2746=ORIENTED_EDGE('',*,*,#2077,.F.);
#2747=ORIENTED_EDGE('',*,*,#2060,.F.);
#2748=ORIENTED_EDGE('',*,*,#2072,.T.);
#2749=ORIENTED_EDGE('',*,*,#2078,.T.);
#2750=ORIENTED_EDGE('',*,*,#2074,.T.);
#2751=ORIENTED_EDGE('',*,*,#2064,.F.);
#2752=ORIENTED_EDGE('',*,*,#2079,.F.);
#2753=ORIENTED_EDGE('',*,*,#2046,.F.);
#2754=ORIENTED_EDGE('',*,*,#2076,.T.);
#2755=ORIENTED_EDGE('',*,*,#2080,.T.);
#2756=ORIENTED_EDGE('',*,*,#2070,.T.);
#2757=ORIENTED_EDGE('',*,*,#2050,.F.);
#2758=ORIENTED_EDGE('',*,*,#2081,.T.);
#2759=ORIENTED_EDGE('',*,*,#2051,.F.);
#2760=ORIENTED_EDGE('',*,*,#2073,.T.);
#2761=ORIENTED_EDGE('',*,*,#2059,.F.);
#2762=ORIENTED_EDGE('',*,*,#2069,.T.);
#2763=ORIENTED_EDGE('',*,*,#2047,.F.);
#2764=ORIENTED_EDGE('',*,*,#2079,.T.);
#2765=ORIENTED_EDGE('',*,*,#2049,.T.);
#2766=ORIENTED_EDGE('',*,*,#2068,.T.);
#2767=ORIENTED_EDGE('',*,*,#2061,.F.);
#2768=ORIENTED_EDGE('',*,*,#2077,.T.);
#2769=ORIENTED_EDGE('',*,*,#2063,.T.);
#2770=ORIENTED_EDGE('',*,*,#2082,.F.);
#2771=ORIENTED_EDGE('',*,*,#2083,.F.);
#2772=ORIENTED_EDGE('',*,*,#2084,.F.);
#2773=ORIENTED_EDGE('',*,*,#2071,.F.);
#2774=ORIENTED_EDGE('',*,*,#2084,.T.);
#2775=ORIENTED_EDGE('',*,*,#2085,.F.);
#2776=ORIENTED_EDGE('',*,*,#2086,.F.);
#2777=ORIENTED_EDGE('',*,*,#2078,.F.);
#2778=ORIENTED_EDGE('',*,*,#2086,.T.);
#2779=ORIENTED_EDGE('',*,*,#2087,.F.);
#2780=ORIENTED_EDGE('',*,*,#2088,.F.);
#2781=ORIENTED_EDGE('',*,*,#2075,.F.);
#2782=ORIENTED_EDGE('',*,*,#2088,.T.);
#2783=ORIENTED_EDGE('',*,*,#2089,.F.);
#2784=ORIENTED_EDGE('',*,*,#2082,.T.);
#2785=ORIENTED_EDGE('',*,*,#2080,.F.);
#2786=ORIENTED_EDGE('',*,*,#2089,.T.);
#2787=ORIENTED_EDGE('',*,*,#2087,.T.);
#2788=ORIENTED_EDGE('',*,*,#2085,.T.);
#2789=ORIENTED_EDGE('',*,*,#2083,.T.);
#2790=ORIENTED_EDGE('',*,*,#2090,.F.);
#2791=ORIENTED_EDGE('',*,*,#2091,.F.);
#2792=ORIENTED_EDGE('',*,*,#2092,.F.);
#2793=ORIENTED_EDGE('',*,*,#2093,.F.);
#2794=ORIENTED_EDGE('',*,*,#2094,.F.);
#2795=ORIENTED_EDGE('',*,*,#2095,.F.);
#2796=ORIENTED_EDGE('',*,*,#2096,.F.);
#2797=ORIENTED_EDGE('',*,*,#2097,.F.);
#2798=ORIENTED_EDGE('',*,*,#2091,.T.);
#2799=ORIENTED_EDGE('',*,*,#2098,.T.);
#2800=ORIENTED_EDGE('',*,*,#2099,.F.);
#2801=ORIENTED_EDGE('',*,*,#2100,.F.);
#2802=ORIENTED_EDGE('',*,*,#2090,.T.);
#2803=ORIENTED_EDGE('',*,*,#2101,.T.);
#2804=ORIENTED_EDGE('',*,*,#2102,.F.);
#2805=ORIENTED_EDGE('',*,*,#2098,.F.);
#2806=ORIENTED_EDGE('',*,*,#2103,.F.);
#2807=ORIENTED_EDGE('',*,*,#2104,.T.);
#2808=ORIENTED_EDGE('',*,*,#2105,.F.);
#2809=ORIENTED_EDGE('',*,*,#2067,.F.);
#2810=ORIENTED_EDGE('',*,*,#2057,.T.);
#2811=ORIENTED_EDGE('',*,*,#2066,.F.);
#2812=ORIENTED_EDGE('',*,*,#2106,.F.);
#2813=ORIENTED_EDGE('',*,*,#2104,.F.);
#2814=ORIENTED_EDGE('',*,*,#2107,.F.);
#2815=ORIENTED_EDGE('',*,*,#2097,.T.);
#2816=ORIENTED_EDGE('',*,*,#2108,.T.);
#2817=ORIENTED_EDGE('',*,*,#2109,.F.);
#2818=ORIENTED_EDGE('',*,*,#2101,.F.);
#2819=ORIENTED_EDGE('',*,*,#2040,.T.);
#2820=ORIENTED_EDGE('',*,*,#2081,.F.);
#2821=ORIENTED_EDGE('',*,*,#2058,.F.);
#2822=ORIENTED_EDGE('',*,*,#2105,.T.);
#2823=ORIENTED_EDGE('',*,*,#2106,.T.);
#2824=ORIENTED_EDGE('',*,*,#2065,.T.);
#2825=ORIENTED_EDGE('',*,*,#2052,.F.);
#2826=ORIENTED_EDGE('',*,*,#2044,.T.);
#2827=ORIENTED_EDGE('',*,*,#2110,.T.);
#2828=ORIENTED_EDGE('',*,*,#2111,.T.);
#2829=ORIENTED_EDGE('',*,*,#2112,.T.);
#2830=ORIENTED_EDGE('',*,*,#2113,.T.);
#2831=ORIENTED_EDGE('',*,*,#2114,.T.);
#2832=ORIENTED_EDGE('',*,*,#2115,.T.);
#2833=ORIENTED_EDGE('',*,*,#2116,.T.);
#2834=ORIENTED_EDGE('',*,*,#2117,.T.);
#2835=ORIENTED_EDGE('',*,*,#2118,.T.);
#2836=ORIENTED_EDGE('',*,*,#2119,.T.);
#2837=ORIENTED_EDGE('',*,*,#2120,.T.);
#2838=ORIENTED_EDGE('',*,*,#2121,.T.);
#2839=ORIENTED_EDGE('',*,*,#2122,.T.);
#2840=ORIENTED_EDGE('',*,*,#2123,.T.);
#2841=ORIENTED_EDGE('',*,*,#2124,.T.);
#2842=ORIENTED_EDGE('',*,*,#2125,.T.);
#2843=ORIENTED_EDGE('',*,*,#2126,.T.);
#2844=ORIENTED_EDGE('',*,*,#2127,.T.);
#2845=ORIENTED_EDGE('',*,*,#2128,.T.);
#2846=ORIENTED_EDGE('',*,*,#2129,.T.);
#2847=ORIENTED_EDGE('',*,*,#2130,.T.);
#2848=ORIENTED_EDGE('',*,*,#2131,.T.);
#2849=ORIENTED_EDGE('',*,*,#2132,.T.);
#2850=ORIENTED_EDGE('',*,*,#2133,.T.);
#2851=ORIENTED_EDGE('',*,*,#2134,.T.);
#2852=ORIENTED_EDGE('',*,*,#2135,.T.);
#2853=ORIENTED_EDGE('',*,*,#2136,.T.);
#2854=ORIENTED_EDGE('',*,*,#2137,.T.);
#2855=ORIENTED_EDGE('',*,*,#2138,.T.);
#2856=ORIENTED_EDGE('',*,*,#2139,.T.);
#2857=ORIENTED_EDGE('',*,*,#2140,.T.);
#2858=ORIENTED_EDGE('',*,*,#2141,.T.);
#2859=ORIENTED_EDGE('',*,*,#2142,.T.);
#2860=ORIENTED_EDGE('',*,*,#2143,.T.);
#2861=ORIENTED_EDGE('',*,*,#2144,.T.);
#2862=ORIENTED_EDGE('',*,*,#2145,.T.);
#2863=ORIENTED_EDGE('',*,*,#2146,.T.);
#2864=ORIENTED_EDGE('',*,*,#2147,.T.);
#2865=ORIENTED_EDGE('',*,*,#2148,.T.);
#2866=ORIENTED_EDGE('',*,*,#2149,.T.);
#2867=ORIENTED_EDGE('',*,*,#2150,.T.);
#2868=ORIENTED_EDGE('',*,*,#2151,.T.);
#2869=ORIENTED_EDGE('',*,*,#2152,.T.);
#2870=ORIENTED_EDGE('',*,*,#2096,.T.);
#2871=ORIENTED_EDGE('',*,*,#2153,.T.);
#2872=ORIENTED_EDGE('',*,*,#2154,.F.);
#2873=ORIENTED_EDGE('',*,*,#2108,.F.);
#2874=ORIENTED_EDGE('',*,*,#2109,.T.);
#2875=ORIENTED_EDGE('',*,*,#2155,.T.);
#2876=ORIENTED_EDGE('',*,*,#2156,.T.);
#2877=ORIENTED_EDGE('',*,*,#2157,.T.);
#2878=ORIENTED_EDGE('',*,*,#2158,.T.);
#2879=ORIENTED_EDGE('',*,*,#2159,.T.);
#2880=ORIENTED_EDGE('',*,*,#2102,.T.);
#2881=ORIENTED_EDGE('',*,*,#2157,.F.);
#2882=ORIENTED_EDGE('',*,*,#2160,.T.);
#2883=ORIENTED_EDGE('',*,*,#2161,.T.);
#2884=ORIENTED_EDGE('',*,*,#2162,.T.);
#2885=ORIENTED_EDGE('',*,*,#2163,.T.);
#2886=ORIENTED_EDGE('',*,*,#2164,.T.);
#2887=ORIENTED_EDGE('',*,*,#2165,.T.);
#2888=ORIENTED_EDGE('',*,*,#2161,.F.);
#2889=ORIENTED_EDGE('',*,*,#2166,.T.);
#2890=ORIENTED_EDGE('',*,*,#2167,.T.);
#2891=ORIENTED_EDGE('',*,*,#2164,.F.);
#2892=ORIENTED_EDGE('',*,*,#2099,.T.);
#2893=ORIENTED_EDGE('',*,*,#2159,.F.);
#2894=ORIENTED_EDGE('',*,*,#2168,.T.);
#2895=ORIENTED_EDGE('',*,*,#2163,.F.);
#2896=ORIENTED_EDGE('',*,*,#2169,.T.);
#2897=ORIENTED_EDGE('',*,*,#2170,.T.);
#2898=ORIENTED_EDGE('',*,*,#2171,.T.);
#2899=ORIENTED_EDGE('',*,*,#2172,.T.);
#2900=ORIENTED_EDGE('',*,*,#2155,.F.);
#2901=ORIENTED_EDGE('',*,*,#2154,.T.);
#2902=ORIENTED_EDGE('',*,*,#2173,.T.);
#2903=ORIENTED_EDGE('',*,*,#2171,.F.);
#2904=ORIENTED_EDGE('',*,*,#2174,.T.);
#2905=ORIENTED_EDGE('',*,*,#2170,.F.);
#2906=ORIENTED_EDGE('',*,*,#2092,.T.);
#2907=ORIENTED_EDGE('',*,*,#2100,.T.);
#2908=ORIENTED_EDGE('',*,*,#2166,.F.);
#2909=ORIENTED_EDGE('',*,*,#2175,.F.);
#2910=ORIENTED_EDGE('',*,*,#2093,.T.);
#2911=ORIENTED_EDGE('',*,*,#2175,.T.);
#2912=ORIENTED_EDGE('',*,*,#2160,.F.);
#2913=ORIENTED_EDGE('',*,*,#2176,.F.);
#2914=ORIENTED_EDGE('',*,*,#2162,.F.);
#2915=ORIENTED_EDGE('',*,*,#2165,.F.);
#2916=ORIENTED_EDGE('',*,*,#2167,.F.);
#2917=ORIENTED_EDGE('',*,*,#2158,.F.);
#2918=ORIENTED_EDGE('',*,*,#2156,.F.);
#2919=ORIENTED_EDGE('',*,*,#2172,.F.);
#2920=ORIENTED_EDGE('',*,*,#2173,.F.);
#2921=ORIENTED_EDGE('',*,*,#2169,.F.);
#2922=ORIENTED_EDGE('',*,*,#2177,.F.);
#2923=ORIENTED_EDGE('',*,*,#2178,.F.);
#2924=ORIENTED_EDGE('',*,*,#2179,.F.);
#2925=ORIENTED_EDGE('',*,*,#2180,.F.);
#2926=ORIENTED_EDGE('',*,*,#2181,.F.);
#2927=ORIENTED_EDGE('',*,*,#2182,.F.);
#2928=ORIENTED_EDGE('',*,*,#2183,.F.);
#2929=ORIENTED_EDGE('',*,*,#2184,.F.);
#2930=ORIENTED_EDGE('',*,*,#2185,.F.);
#2931=ORIENTED_EDGE('',*,*,#2186,.F.);
#2932=ORIENTED_EDGE('',*,*,#2187,.F.);
#2933=ORIENTED_EDGE('',*,*,#2188,.F.);
#2934=ORIENTED_EDGE('',*,*,#2189,.F.);
#2935=ORIENTED_EDGE('',*,*,#2190,.F.);
#2936=ORIENTED_EDGE('',*,*,#2191,.F.);
#2937=ORIENTED_EDGE('',*,*,#2192,.F.);
#2938=ORIENTED_EDGE('',*,*,#2193,.F.);
#2939=ORIENTED_EDGE('',*,*,#2194,.F.);
#2940=ORIENTED_EDGE('',*,*,#2195,.F.);
#2941=ORIENTED_EDGE('',*,*,#2196,.F.);
#2942=ORIENTED_EDGE('',*,*,#2197,.F.);
#2943=ORIENTED_EDGE('',*,*,#2198,.F.);
#2944=ORIENTED_EDGE('',*,*,#2199,.F.);
#2945=ORIENTED_EDGE('',*,*,#2200,.F.);
#2946=ORIENTED_EDGE('',*,*,#2201,.F.);
#2947=ORIENTED_EDGE('',*,*,#2202,.F.);
#2948=ORIENTED_EDGE('',*,*,#2203,.F.);
#2949=ORIENTED_EDGE('',*,*,#2204,.F.);
#2950=ORIENTED_EDGE('',*,*,#2205,.F.);
#2951=ORIENTED_EDGE('',*,*,#2206,.F.);
#2952=ORIENTED_EDGE('',*,*,#2207,.F.);
#2953=ORIENTED_EDGE('',*,*,#2208,.F.);
#2954=ORIENTED_EDGE('',*,*,#2209,.F.);
#2955=ORIENTED_EDGE('',*,*,#2210,.F.);
#2956=ORIENTED_EDGE('',*,*,#2211,.F.);
#2957=ORIENTED_EDGE('',*,*,#2212,.F.);
#2958=ORIENTED_EDGE('',*,*,#2213,.F.);
#2959=ORIENTED_EDGE('',*,*,#2214,.F.);
#2960=ORIENTED_EDGE('',*,*,#2215,.F.);
#2961=ORIENTED_EDGE('',*,*,#2216,.F.);
#2962=ORIENTED_EDGE('',*,*,#2217,.F.);
#2963=ORIENTED_EDGE('',*,*,#2218,.F.);
#2964=ORIENTED_EDGE('',*,*,#2219,.F.);
#2965=ORIENTED_EDGE('',*,*,#2177,.T.);
#2966=ORIENTED_EDGE('',*,*,#2220,.T.);
#2967=ORIENTED_EDGE('',*,*,#2107,.T.);
#2968=ORIENTED_EDGE('',*,*,#2103,.T.);
#2969=ORIENTED_EDGE('',*,*,#2220,.F.);
#2970=ORIENTED_EDGE('',*,*,#2219,.T.);
#2971=ORIENTED_EDGE('',*,*,#2221,.T.);
#2972=ORIENTED_EDGE('',*,*,#2222,.T.);
#2973=ORIENTED_EDGE('',*,*,#2223,.T.);
#2974=ORIENTED_EDGE('',*,*,#2221,.F.);
#2975=ORIENTED_EDGE('',*,*,#2223,.F.);
#2976=ORIENTED_EDGE('',*,*,#2224,.T.);
#2977=ORIENTED_EDGE('',*,*,#2112,.F.);
#2978=ORIENTED_EDGE('',*,*,#2224,.F.);
#2979=ORIENTED_EDGE('',*,*,#2222,.F.);
#2980=ORIENTED_EDGE('',*,*,#2178,.T.);
#2981=ORIENTED_EDGE('',*,*,#2225,.T.);
#2982=ORIENTED_EDGE('',*,*,#2226,.T.);
#2983=ORIENTED_EDGE('',*,*,#2227,.T.);
#2984=ORIENTED_EDGE('',*,*,#2225,.F.);
#2985=ORIENTED_EDGE('',*,*,#2227,.F.);
#2986=ORIENTED_EDGE('',*,*,#2228,.T.);
#2987=ORIENTED_EDGE('',*,*,#2113,.F.);
#2988=ORIENTED_EDGE('',*,*,#2228,.F.);
#2989=ORIENTED_EDGE('',*,*,#2226,.F.);
#2990=ORIENTED_EDGE('',*,*,#2218,.T.);
#2991=ORIENTED_EDGE('',*,*,#2229,.T.);
#2992=ORIENTED_EDGE('',*,*,#2230,.T.);
#2993=ORIENTED_EDGE('',*,*,#2231,.T.);
#2994=ORIENTED_EDGE('',*,*,#2229,.F.);
#2995=ORIENTED_EDGE('',*,*,#2231,.F.);
#2996=ORIENTED_EDGE('',*,*,#2232,.T.);
#2997=ORIENTED_EDGE('',*,*,#2114,.F.);
#2998=ORIENTED_EDGE('',*,*,#2232,.F.);
#2999=ORIENTED_EDGE('',*,*,#2230,.F.);
#3000=ORIENTED_EDGE('',*,*,#2179,.T.);
#3001=ORIENTED_EDGE('',*,*,#2233,.T.);
#3002=ORIENTED_EDGE('',*,*,#2234,.T.);
#3003=ORIENTED_EDGE('',*,*,#2235,.T.);
#3004=ORIENTED_EDGE('',*,*,#2233,.F.);
#3005=ORIENTED_EDGE('',*,*,#2235,.F.);
#3006=ORIENTED_EDGE('',*,*,#2236,.T.);
#3007=ORIENTED_EDGE('',*,*,#2115,.F.);
#3008=ORIENTED_EDGE('',*,*,#2236,.F.);
#3009=ORIENTED_EDGE('',*,*,#2234,.F.);
#3010=ORIENTED_EDGE('',*,*,#2217,.T.);
#3011=ORIENTED_EDGE('',*,*,#2237,.T.);
#3012=ORIENTED_EDGE('',*,*,#2238,.T.);
#3013=ORIENTED_EDGE('',*,*,#2239,.T.);
#3014=ORIENTED_EDGE('',*,*,#2237,.F.);
#3015=ORIENTED_EDGE('',*,*,#2239,.F.);
#3016=ORIENTED_EDGE('',*,*,#2240,.T.);
#3017=ORIENTED_EDGE('',*,*,#2116,.F.);
#3018=ORIENTED_EDGE('',*,*,#2240,.F.);
#3019=ORIENTED_EDGE('',*,*,#2238,.F.);
#3020=ORIENTED_EDGE('',*,*,#2180,.T.);
#3021=ORIENTED_EDGE('',*,*,#2241,.T.);
#3022=ORIENTED_EDGE('',*,*,#2242,.T.);
#3023=ORIENTED_EDGE('',*,*,#2243,.T.);
#3024=ORIENTED_EDGE('',*,*,#2241,.F.);
#3025=ORIENTED_EDGE('',*,*,#2243,.F.);
#3026=ORIENTED_EDGE('',*,*,#2244,.T.);
#3027=ORIENTED_EDGE('',*,*,#2117,.F.);
#3028=ORIENTED_EDGE('',*,*,#2244,.F.);
#3029=ORIENTED_EDGE('',*,*,#2242,.F.);
#3030=ORIENTED_EDGE('',*,*,#2216,.T.);
#3031=ORIENTED_EDGE('',*,*,#2245,.T.);
#3032=ORIENTED_EDGE('',*,*,#2246,.T.);
#3033=ORIENTED_EDGE('',*,*,#2247,.T.);
#3034=ORIENTED_EDGE('',*,*,#2245,.F.);
#3035=ORIENTED_EDGE('',*,*,#2247,.F.);
#3036=ORIENTED_EDGE('',*,*,#2248,.T.);
#3037=ORIENTED_EDGE('',*,*,#2118,.F.);
#3038=ORIENTED_EDGE('',*,*,#2248,.F.);
#3039=ORIENTED_EDGE('',*,*,#2246,.F.);
#3040=ORIENTED_EDGE('',*,*,#2181,.T.);
#3041=ORIENTED_EDGE('',*,*,#2249,.T.);
#3042=ORIENTED_EDGE('',*,*,#2250,.T.);
#3043=ORIENTED_EDGE('',*,*,#2251,.T.);
#3044=ORIENTED_EDGE('',*,*,#2249,.F.);
#3045=ORIENTED_EDGE('',*,*,#2251,.F.);
#3046=ORIENTED_EDGE('',*,*,#2252,.T.);
#3047=ORIENTED_EDGE('',*,*,#2119,.F.);
#3048=ORIENTED_EDGE('',*,*,#2252,.F.);
#3049=ORIENTED_EDGE('',*,*,#2250,.F.);
#3050=ORIENTED_EDGE('',*,*,#2215,.T.);
#3051=ORIENTED_EDGE('',*,*,#2253,.T.);
#3052=ORIENTED_EDGE('',*,*,#2254,.T.);
#3053=ORIENTED_EDGE('',*,*,#2255,.T.);
#3054=ORIENTED_EDGE('',*,*,#2253,.F.);
#3055=ORIENTED_EDGE('',*,*,#2255,.F.);
#3056=ORIENTED_EDGE('',*,*,#2256,.T.);
#3057=ORIENTED_EDGE('',*,*,#2120,.F.);
#3058=ORIENTED_EDGE('',*,*,#2256,.F.);
#3059=ORIENTED_EDGE('',*,*,#2254,.F.);
#3060=ORIENTED_EDGE('',*,*,#2182,.T.);
#3061=ORIENTED_EDGE('',*,*,#2257,.T.);
#3062=ORIENTED_EDGE('',*,*,#2258,.T.);
#3063=ORIENTED_EDGE('',*,*,#2259,.T.);
#3064=ORIENTED_EDGE('',*,*,#2257,.F.);
#3065=ORIENTED_EDGE('',*,*,#2259,.F.);
#3066=ORIENTED_EDGE('',*,*,#2260,.T.);
#3067=ORIENTED_EDGE('',*,*,#2121,.F.);
#3068=ORIENTED_EDGE('',*,*,#2260,.F.);
#3069=ORIENTED_EDGE('',*,*,#2258,.F.);
#3070=ORIENTED_EDGE('',*,*,#2214,.T.);
#3071=ORIENTED_EDGE('',*,*,#2261,.T.);
#3072=ORIENTED_EDGE('',*,*,#2262,.T.);
#3073=ORIENTED_EDGE('',*,*,#2263,.T.);
#3074=ORIENTED_EDGE('',*,*,#2261,.F.);
#3075=ORIENTED_EDGE('',*,*,#2263,.F.);
#3076=ORIENTED_EDGE('',*,*,#2264,.T.);
#3077=ORIENTED_EDGE('',*,*,#2122,.F.);
#3078=ORIENTED_EDGE('',*,*,#2264,.F.);
#3079=ORIENTED_EDGE('',*,*,#2262,.F.);
#3080=ORIENTED_EDGE('',*,*,#2183,.T.);
#3081=ORIENTED_EDGE('',*,*,#2265,.T.);
#3082=ORIENTED_EDGE('',*,*,#2266,.T.);
#3083=ORIENTED_EDGE('',*,*,#2267,.T.);
#3084=ORIENTED_EDGE('',*,*,#2265,.F.);
#3085=ORIENTED_EDGE('',*,*,#2267,.F.);
#3086=ORIENTED_EDGE('',*,*,#2268,.T.);
#3087=ORIENTED_EDGE('',*,*,#2123,.F.);
#3088=ORIENTED_EDGE('',*,*,#2268,.F.);
#3089=ORIENTED_EDGE('',*,*,#2266,.F.);
#3090=ORIENTED_EDGE('',*,*,#2213,.T.);
#3091=ORIENTED_EDGE('',*,*,#2269,.T.);
#3092=ORIENTED_EDGE('',*,*,#2270,.T.);
#3093=ORIENTED_EDGE('',*,*,#2271,.T.);
#3094=ORIENTED_EDGE('',*,*,#2269,.F.);
#3095=ORIENTED_EDGE('',*,*,#2271,.F.);
#3096=ORIENTED_EDGE('',*,*,#2272,.T.);
#3097=ORIENTED_EDGE('',*,*,#2124,.F.);
#3098=ORIENTED_EDGE('',*,*,#2272,.F.);
#3099=ORIENTED_EDGE('',*,*,#2270,.F.);
#3100=ORIENTED_EDGE('',*,*,#2184,.T.);
#3101=ORIENTED_EDGE('',*,*,#2273,.T.);
#3102=ORIENTED_EDGE('',*,*,#2274,.T.);
#3103=ORIENTED_EDGE('',*,*,#2275,.T.);
#3104=ORIENTED_EDGE('',*,*,#2273,.F.);
#3105=ORIENTED_EDGE('',*,*,#2275,.F.);
#3106=ORIENTED_EDGE('',*,*,#2276,.T.);
#3107=ORIENTED_EDGE('',*,*,#2125,.F.);
#3108=ORIENTED_EDGE('',*,*,#2276,.F.);
#3109=ORIENTED_EDGE('',*,*,#2274,.F.);
#3110=ORIENTED_EDGE('',*,*,#2212,.T.);
#3111=ORIENTED_EDGE('',*,*,#2277,.T.);
#3112=ORIENTED_EDGE('',*,*,#2278,.T.);
#3113=ORIENTED_EDGE('',*,*,#2279,.T.);
#3114=ORIENTED_EDGE('',*,*,#2277,.F.);
#3115=ORIENTED_EDGE('',*,*,#2279,.F.);
#3116=ORIENTED_EDGE('',*,*,#2280,.T.);
#3117=ORIENTED_EDGE('',*,*,#2126,.F.);
#3118=ORIENTED_EDGE('',*,*,#2280,.F.);
#3119=ORIENTED_EDGE('',*,*,#2278,.F.);
#3120=ORIENTED_EDGE('',*,*,#2185,.T.);
#3121=ORIENTED_EDGE('',*,*,#2281,.T.);
#3122=ORIENTED_EDGE('',*,*,#2282,.T.);
#3123=ORIENTED_EDGE('',*,*,#2283,.T.);
#3124=ORIENTED_EDGE('',*,*,#2281,.F.);
#3125=ORIENTED_EDGE('',*,*,#2283,.F.);
#3126=ORIENTED_EDGE('',*,*,#2284,.T.);
#3127=ORIENTED_EDGE('',*,*,#2127,.F.);
#3128=ORIENTED_EDGE('',*,*,#2284,.F.);
#3129=ORIENTED_EDGE('',*,*,#2282,.F.);
#3130=ORIENTED_EDGE('',*,*,#2211,.T.);
#3131=ORIENTED_EDGE('',*,*,#2285,.T.);
#3132=ORIENTED_EDGE('',*,*,#2286,.T.);
#3133=ORIENTED_EDGE('',*,*,#2287,.T.);
#3134=ORIENTED_EDGE('',*,*,#2285,.F.);
#3135=ORIENTED_EDGE('',*,*,#2287,.F.);
#3136=ORIENTED_EDGE('',*,*,#2288,.T.);
#3137=ORIENTED_EDGE('',*,*,#2128,.F.);
#3138=ORIENTED_EDGE('',*,*,#2288,.F.);
#3139=ORIENTED_EDGE('',*,*,#2286,.F.);
#3140=ORIENTED_EDGE('',*,*,#2186,.T.);
#3141=ORIENTED_EDGE('',*,*,#2289,.T.);
#3142=ORIENTED_EDGE('',*,*,#2290,.T.);
#3143=ORIENTED_EDGE('',*,*,#2291,.T.);
#3144=ORIENTED_EDGE('',*,*,#2289,.F.);
#3145=ORIENTED_EDGE('',*,*,#2291,.F.);
#3146=ORIENTED_EDGE('',*,*,#2292,.T.);
#3147=ORIENTED_EDGE('',*,*,#2129,.F.);
#3148=ORIENTED_EDGE('',*,*,#2292,.F.);
#3149=ORIENTED_EDGE('',*,*,#2290,.F.);
#3150=ORIENTED_EDGE('',*,*,#2210,.T.);
#3151=ORIENTED_EDGE('',*,*,#2293,.T.);
#3152=ORIENTED_EDGE('',*,*,#2294,.T.);
#3153=ORIENTED_EDGE('',*,*,#2295,.T.);
#3154=ORIENTED_EDGE('',*,*,#2293,.F.);
#3155=ORIENTED_EDGE('',*,*,#2295,.F.);
#3156=ORIENTED_EDGE('',*,*,#2296,.T.);
#3157=ORIENTED_EDGE('',*,*,#2130,.F.);
#3158=ORIENTED_EDGE('',*,*,#2296,.F.);
#3159=ORIENTED_EDGE('',*,*,#2294,.F.);
#3160=ORIENTED_EDGE('',*,*,#2187,.T.);
#3161=ORIENTED_EDGE('',*,*,#2297,.T.);
#3162=ORIENTED_EDGE('',*,*,#2298,.T.);
#3163=ORIENTED_EDGE('',*,*,#2299,.T.);
#3164=ORIENTED_EDGE('',*,*,#2297,.F.);
#3165=ORIENTED_EDGE('',*,*,#2299,.F.);
#3166=ORIENTED_EDGE('',*,*,#2300,.T.);
#3167=ORIENTED_EDGE('',*,*,#2131,.F.);
#3168=ORIENTED_EDGE('',*,*,#2300,.F.);
#3169=ORIENTED_EDGE('',*,*,#2298,.F.);
#3170=ORIENTED_EDGE('',*,*,#2209,.T.);
#3171=ORIENTED_EDGE('',*,*,#2301,.T.);
#3172=ORIENTED_EDGE('',*,*,#2302,.T.);
#3173=ORIENTED_EDGE('',*,*,#2303,.T.);
#3174=ORIENTED_EDGE('',*,*,#2301,.F.);
#3175=ORIENTED_EDGE('',*,*,#2303,.F.);
#3176=ORIENTED_EDGE('',*,*,#2304,.T.);
#3177=ORIENTED_EDGE('',*,*,#2132,.F.);
#3178=ORIENTED_EDGE('',*,*,#2304,.F.);
#3179=ORIENTED_EDGE('',*,*,#2302,.F.);
#3180=ORIENTED_EDGE('',*,*,#2188,.T.);
#3181=ORIENTED_EDGE('',*,*,#2305,.T.);
#3182=ORIENTED_EDGE('',*,*,#2306,.T.);
#3183=ORIENTED_EDGE('',*,*,#2307,.T.);
#3184=ORIENTED_EDGE('',*,*,#2305,.F.);
#3185=ORIENTED_EDGE('',*,*,#2307,.F.);
#3186=ORIENTED_EDGE('',*,*,#2308,.T.);
#3187=ORIENTED_EDGE('',*,*,#2133,.F.);
#3188=ORIENTED_EDGE('',*,*,#2308,.F.);
#3189=ORIENTED_EDGE('',*,*,#2306,.F.);
#3190=ORIENTED_EDGE('',*,*,#2208,.T.);
#3191=ORIENTED_EDGE('',*,*,#2309,.T.);
#3192=ORIENTED_EDGE('',*,*,#2310,.T.);
#3193=ORIENTED_EDGE('',*,*,#2311,.T.);
#3194=ORIENTED_EDGE('',*,*,#2309,.F.);
#3195=ORIENTED_EDGE('',*,*,#2311,.F.);
#3196=ORIENTED_EDGE('',*,*,#2312,.T.);
#3197=ORIENTED_EDGE('',*,*,#2134,.F.);
#3198=ORIENTED_EDGE('',*,*,#2312,.F.);
#3199=ORIENTED_EDGE('',*,*,#2310,.F.);
#3200=ORIENTED_EDGE('',*,*,#2189,.T.);
#3201=ORIENTED_EDGE('',*,*,#2313,.T.);
#3202=ORIENTED_EDGE('',*,*,#2314,.T.);
#3203=ORIENTED_EDGE('',*,*,#2315,.T.);
#3204=ORIENTED_EDGE('',*,*,#2313,.F.);
#3205=ORIENTED_EDGE('',*,*,#2315,.F.);
#3206=ORIENTED_EDGE('',*,*,#2316,.T.);
#3207=ORIENTED_EDGE('',*,*,#2135,.F.);
#3208=ORIENTED_EDGE('',*,*,#2316,.F.);
#3209=ORIENTED_EDGE('',*,*,#2314,.F.);
#3210=ORIENTED_EDGE('',*,*,#2207,.T.);
#3211=ORIENTED_EDGE('',*,*,#2317,.T.);
#3212=ORIENTED_EDGE('',*,*,#2318,.T.);
#3213=ORIENTED_EDGE('',*,*,#2319,.T.);
#3214=ORIENTED_EDGE('',*,*,#2317,.F.);
#3215=ORIENTED_EDGE('',*,*,#2319,.F.);
#3216=ORIENTED_EDGE('',*,*,#2320,.T.);
#3217=ORIENTED_EDGE('',*,*,#2136,.F.);
#3218=ORIENTED_EDGE('',*,*,#2320,.F.);
#3219=ORIENTED_EDGE('',*,*,#2318,.F.);
#3220=ORIENTED_EDGE('',*,*,#2190,.T.);
#3221=ORIENTED_EDGE('',*,*,#2321,.T.);
#3222=ORIENTED_EDGE('',*,*,#2322,.T.);
#3223=ORIENTED_EDGE('',*,*,#2323,.T.);
#3224=ORIENTED_EDGE('',*,*,#2321,.F.);
#3225=ORIENTED_EDGE('',*,*,#2323,.F.);
#3226=ORIENTED_EDGE('',*,*,#2324,.T.);
#3227=ORIENTED_EDGE('',*,*,#2137,.F.);
#3228=ORIENTED_EDGE('',*,*,#2324,.F.);
#3229=ORIENTED_EDGE('',*,*,#2322,.F.);
#3230=ORIENTED_EDGE('',*,*,#2206,.T.);
#3231=ORIENTED_EDGE('',*,*,#2325,.T.);
#3232=ORIENTED_EDGE('',*,*,#2326,.T.);
#3233=ORIENTED_EDGE('',*,*,#2327,.T.);
#3234=ORIENTED_EDGE('',*,*,#2325,.F.);
#3235=ORIENTED_EDGE('',*,*,#2327,.F.);
#3236=ORIENTED_EDGE('',*,*,#2328,.T.);
#3237=ORIENTED_EDGE('',*,*,#2138,.F.);
#3238=ORIENTED_EDGE('',*,*,#2328,.F.);
#3239=ORIENTED_EDGE('',*,*,#2326,.F.);
#3240=ORIENTED_EDGE('',*,*,#2191,.T.);
#3241=ORIENTED_EDGE('',*,*,#2329,.T.);
#3242=ORIENTED_EDGE('',*,*,#2330,.T.);
#3243=ORIENTED_EDGE('',*,*,#2331,.T.);
#3244=ORIENTED_EDGE('',*,*,#2329,.F.);
#3245=ORIENTED_EDGE('',*,*,#2331,.F.);
#3246=ORIENTED_EDGE('',*,*,#2332,.T.);
#3247=ORIENTED_EDGE('',*,*,#2139,.F.);
#3248=ORIENTED_EDGE('',*,*,#2332,.F.);
#3249=ORIENTED_EDGE('',*,*,#2330,.F.);
#3250=ORIENTED_EDGE('',*,*,#2205,.T.);
#3251=ORIENTED_EDGE('',*,*,#2333,.T.);
#3252=ORIENTED_EDGE('',*,*,#2334,.T.);
#3253=ORIENTED_EDGE('',*,*,#2335,.T.);
#3254=ORIENTED_EDGE('',*,*,#2333,.F.);
#3255=ORIENTED_EDGE('',*,*,#2335,.F.);
#3256=ORIENTED_EDGE('',*,*,#2336,.T.);
#3257=ORIENTED_EDGE('',*,*,#2140,.F.);
#3258=ORIENTED_EDGE('',*,*,#2336,.F.);
#3259=ORIENTED_EDGE('',*,*,#2334,.F.);
#3260=ORIENTED_EDGE('',*,*,#2192,.T.);
#3261=ORIENTED_EDGE('',*,*,#2337,.T.);
#3262=ORIENTED_EDGE('',*,*,#2338,.T.);
#3263=ORIENTED_EDGE('',*,*,#2339,.T.);
#3264=ORIENTED_EDGE('',*,*,#2337,.F.);
#3265=ORIENTED_EDGE('',*,*,#2339,.F.);
#3266=ORIENTED_EDGE('',*,*,#2340,.T.);
#3267=ORIENTED_EDGE('',*,*,#2141,.F.);
#3268=ORIENTED_EDGE('',*,*,#2340,.F.);
#3269=ORIENTED_EDGE('',*,*,#2338,.F.);
#3270=ORIENTED_EDGE('',*,*,#2204,.T.);
#3271=ORIENTED_EDGE('',*,*,#2341,.T.);
#3272=ORIENTED_EDGE('',*,*,#2342,.T.);
#3273=ORIENTED_EDGE('',*,*,#2343,.T.);
#3274=ORIENTED_EDGE('',*,*,#2341,.F.);
#3275=ORIENTED_EDGE('',*,*,#2343,.F.);
#3276=ORIENTED_EDGE('',*,*,#2344,.T.);
#3277=ORIENTED_EDGE('',*,*,#2142,.F.);
#3278=ORIENTED_EDGE('',*,*,#2344,.F.);
#3279=ORIENTED_EDGE('',*,*,#2342,.F.);
#3280=ORIENTED_EDGE('',*,*,#2193,.T.);
#3281=ORIENTED_EDGE('',*,*,#2345,.T.);
#3282=ORIENTED_EDGE('',*,*,#2346,.T.);
#3283=ORIENTED_EDGE('',*,*,#2347,.T.);
#3284=ORIENTED_EDGE('',*,*,#2345,.F.);
#3285=ORIENTED_EDGE('',*,*,#2347,.F.);
#3286=ORIENTED_EDGE('',*,*,#2348,.T.);
#3287=ORIENTED_EDGE('',*,*,#2110,.F.);
#3288=ORIENTED_EDGE('',*,*,#2043,.F.);
#3289=ORIENTED_EDGE('',*,*,#2055,.T.);
#3290=ORIENTED_EDGE('',*,*,#2041,.F.);
#3291=ORIENTED_EDGE('',*,*,#2111,.F.);
#3292=ORIENTED_EDGE('',*,*,#2348,.F.);
#3293=ORIENTED_EDGE('',*,*,#2346,.F.);
#3294=ORIENTED_EDGE('',*,*,#2203,.T.);
#3295=ORIENTED_EDGE('',*,*,#2349,.T.);
#3296=ORIENTED_EDGE('',*,*,#2350,.T.);
#3297=ORIENTED_EDGE('',*,*,#2351,.T.);
#3298=ORIENTED_EDGE('',*,*,#2349,.F.);
#3299=ORIENTED_EDGE('',*,*,#2351,.F.);
#3300=ORIENTED_EDGE('',*,*,#2352,.T.);
#3301=ORIENTED_EDGE('',*,*,#2143,.F.);
#3302=ORIENTED_EDGE('',*,*,#2352,.F.);
#3303=ORIENTED_EDGE('',*,*,#2350,.F.);
#3304=ORIENTED_EDGE('',*,*,#2194,.T.);
#3305=ORIENTED_EDGE('',*,*,#2353,.T.);
#3306=ORIENTED_EDGE('',*,*,#2354,.T.);
#3307=ORIENTED_EDGE('',*,*,#2355,.T.);
#3308=ORIENTED_EDGE('',*,*,#2353,.F.);
#3309=ORIENTED_EDGE('',*,*,#2355,.F.);
#3310=ORIENTED_EDGE('',*,*,#2356,.T.);
#3311=ORIENTED_EDGE('',*,*,#2144,.F.);
#3312=ORIENTED_EDGE('',*,*,#2356,.F.);
#3313=ORIENTED_EDGE('',*,*,#2354,.F.);
#3314=ORIENTED_EDGE('',*,*,#2202,.T.);
#3315=ORIENTED_EDGE('',*,*,#2357,.T.);
#3316=ORIENTED_EDGE('',*,*,#2358,.T.);
#3317=ORIENTED_EDGE('',*,*,#2359,.T.);
#3318=ORIENTED_EDGE('',*,*,#2357,.F.);
#3319=ORIENTED_EDGE('',*,*,#2359,.F.);
#3320=ORIENTED_EDGE('',*,*,#2360,.T.);
#3321=ORIENTED_EDGE('',*,*,#2145,.F.);
#3322=ORIENTED_EDGE('',*,*,#2360,.F.);
#3323=ORIENTED_EDGE('',*,*,#2358,.F.);
#3324=ORIENTED_EDGE('',*,*,#2195,.T.);
#3325=ORIENTED_EDGE('',*,*,#2361,.T.);
#3326=ORIENTED_EDGE('',*,*,#2362,.T.);
#3327=ORIENTED_EDGE('',*,*,#2363,.T.);
#3328=ORIENTED_EDGE('',*,*,#2361,.F.);
#3329=ORIENTED_EDGE('',*,*,#2363,.F.);
#3330=ORIENTED_EDGE('',*,*,#2364,.T.);
#3331=ORIENTED_EDGE('',*,*,#2146,.F.);
#3332=ORIENTED_EDGE('',*,*,#2364,.F.);
#3333=ORIENTED_EDGE('',*,*,#2362,.F.);
#3334=ORIENTED_EDGE('',*,*,#2201,.T.);
#3335=ORIENTED_EDGE('',*,*,#2365,.T.);
#3336=ORIENTED_EDGE('',*,*,#2366,.T.);
#3337=ORIENTED_EDGE('',*,*,#2367,.T.);
#3338=ORIENTED_EDGE('',*,*,#2365,.F.);
#3339=ORIENTED_EDGE('',*,*,#2367,.F.);
#3340=ORIENTED_EDGE('',*,*,#2368,.T.);
#3341=ORIENTED_EDGE('',*,*,#2147,.F.);
#3342=ORIENTED_EDGE('',*,*,#2368,.F.);
#3343=ORIENTED_EDGE('',*,*,#2366,.F.);
#3344=ORIENTED_EDGE('',*,*,#2196,.T.);
#3345=ORIENTED_EDGE('',*,*,#2369,.T.);
#3346=ORIENTED_EDGE('',*,*,#2370,.T.);
#3347=ORIENTED_EDGE('',*,*,#2371,.T.);
#3348=ORIENTED_EDGE('',*,*,#2369,.F.);
#3349=ORIENTED_EDGE('',*,*,#2371,.F.);
#3350=ORIENTED_EDGE('',*,*,#2372,.T.);
#3351=ORIENTED_EDGE('',*,*,#2148,.F.);
#3352=ORIENTED_EDGE('',*,*,#2372,.F.);
#3353=ORIENTED_EDGE('',*,*,#2370,.F.);
#3354=ORIENTED_EDGE('',*,*,#2200,.T.);
#3355=ORIENTED_EDGE('',*,*,#2373,.T.);
#3356=ORIENTED_EDGE('',*,*,#2374,.T.);
#3357=ORIENTED_EDGE('',*,*,#2375,.T.);
#3358=ORIENTED_EDGE('',*,*,#2373,.F.);
#3359=ORIENTED_EDGE('',*,*,#2375,.F.);
#3360=ORIENTED_EDGE('',*,*,#2376,.T.);
#3361=ORIENTED_EDGE('',*,*,#2149,.F.);
#3362=ORIENTED_EDGE('',*,*,#2376,.F.);
#3363=ORIENTED_EDGE('',*,*,#2374,.F.);
#3364=ORIENTED_EDGE('',*,*,#2197,.T.);
#3365=ORIENTED_EDGE('',*,*,#2377,.T.);
#3366=ORIENTED_EDGE('',*,*,#2378,.T.);
#3367=ORIENTED_EDGE('',*,*,#2379,.T.);
#3368=ORIENTED_EDGE('',*,*,#2377,.F.);
#3369=ORIENTED_EDGE('',*,*,#2379,.F.);
#3370=ORIENTED_EDGE('',*,*,#2380,.T.);
#3371=ORIENTED_EDGE('',*,*,#2150,.F.);
#3372=ORIENTED_EDGE('',*,*,#2380,.F.);
#3373=ORIENTED_EDGE('',*,*,#2378,.F.);
#3374=ORIENTED_EDGE('',*,*,#2199,.T.);
#3375=ORIENTED_EDGE('',*,*,#2381,.T.);
#3376=ORIENTED_EDGE('',*,*,#2382,.T.);
#3377=ORIENTED_EDGE('',*,*,#2383,.T.);
#3378=ORIENTED_EDGE('',*,*,#2381,.F.);
#3379=ORIENTED_EDGE('',*,*,#2383,.F.);
#3380=ORIENTED_EDGE('',*,*,#2384,.T.);
#3381=ORIENTED_EDGE('',*,*,#2151,.F.);
#3382=ORIENTED_EDGE('',*,*,#2384,.F.);
#3383=ORIENTED_EDGE('',*,*,#2382,.F.);
#3384=ORIENTED_EDGE('',*,*,#2198,.T.);
#3385=ORIENTED_EDGE('',*,*,#2385,.T.);
#3386=ORIENTED_EDGE('',*,*,#2386,.T.);
#3387=ORIENTED_EDGE('',*,*,#2387,.T.);
#3388=ORIENTED_EDGE('',*,*,#2385,.F.);
#3389=ORIENTED_EDGE('',*,*,#2387,.F.);
#3390=ORIENTED_EDGE('',*,*,#2388,.T.);
#3391=ORIENTED_EDGE('',*,*,#2152,.F.);
#3392=ORIENTED_EDGE('',*,*,#2388,.F.);
#3393=ORIENTED_EDGE('',*,*,#2386,.F.);
#3394=ORIENTED_EDGE('',*,*,#2094,.T.);
#3395=ORIENTED_EDGE('',*,*,#2176,.T.);
#3396=ORIENTED_EDGE('',*,*,#2168,.F.);
#3397=ORIENTED_EDGE('',*,*,#2389,.F.);
#3398=ORIENTED_EDGE('',*,*,#2095,.T.);
#3399=ORIENTED_EDGE('',*,*,#2389,.T.);
#3400=ORIENTED_EDGE('',*,*,#2174,.F.);
#3401=ORIENTED_EDGE('',*,*,#2153,.F.);
#3402=ORIENTED_EDGE('',*,*,#2390,.T.);
#3403=ORIENTED_EDGE('',*,*,#2391,.T.);
#3404=ORIENTED_EDGE('',*,*,#2392,.F.);
#3405=ORIENTED_EDGE('',*,*,#2393,.F.);
#3406=ORIENTED_EDGE('',*,*,#2394,.T.);
#3407=ORIENTED_EDGE('',*,*,#2393,.T.);
#3408=ORIENTED_EDGE('',*,*,#2395,.F.);
#3409=ORIENTED_EDGE('',*,*,#2396,.F.);
#3410=ORIENTED_EDGE('',*,*,#2397,.T.);
#3411=ORIENTED_EDGE('',*,*,#2396,.T.);
#3412=ORIENTED_EDGE('',*,*,#2398,.F.);
#3413=ORIENTED_EDGE('',*,*,#2399,.F.);
#3414=ORIENTED_EDGE('',*,*,#2400,.T.);
#3415=ORIENTED_EDGE('',*,*,#2399,.T.);
#3416=ORIENTED_EDGE('',*,*,#2401,.F.);
#3417=ORIENTED_EDGE('',*,*,#2391,.F.);
#3418=ORIENTED_EDGE('',*,*,#2400,.F.);
#3419=ORIENTED_EDGE('',*,*,#2390,.F.);
#3420=ORIENTED_EDGE('',*,*,#2394,.F.);
#3421=ORIENTED_EDGE('',*,*,#2397,.F.);
#3422=ORIENTED_EDGE('',*,*,#2401,.T.);
#3423=ORIENTED_EDGE('',*,*,#2398,.T.);
#3424=ORIENTED_EDGE('',*,*,#2395,.T.);
#3425=ORIENTED_EDGE('',*,*,#2392,.T.);
#3426=ORIENTED_EDGE('',*,*,#2402,.F.);
#3427=ORIENTED_EDGE('',*,*,#2403,.T.);
#3428=ORIENTED_EDGE('',*,*,#2404,.F.);
#3429=ORIENTED_EDGE('',*,*,#2405,.F.);
#3430=ORIENTED_EDGE('',*,*,#2406,.T.);
#3431=ORIENTED_EDGE('',*,*,#2405,.T.);
#3432=ORIENTED_EDGE('',*,*,#2407,.F.);
#3433=ORIENTED_EDGE('',*,*,#2403,.F.);
#3434=ORIENTED_EDGE('',*,*,#2407,.T.);
#3435=ORIENTED_EDGE('',*,*,#2404,.T.);
#3436=ORIENTED_EDGE('',*,*,#2406,.F.);
#3437=ORIENTED_EDGE('',*,*,#2402,.T.);
#3438=ORIENTED_EDGE('',*,*,#2408,.F.);
#3439=ORIENTED_EDGE('',*,*,#2409,.T.);
#3440=ORIENTED_EDGE('',*,*,#2410,.F.);
#3441=ORIENTED_EDGE('',*,*,#2411,.F.);
#3442=ORIENTED_EDGE('',*,*,#2412,.T.);
#3443=ORIENTED_EDGE('',*,*,#2411,.T.);
#3444=ORIENTED_EDGE('',*,*,#2413,.F.);
#3445=ORIENTED_EDGE('',*,*,#2409,.F.);
#3446=ORIENTED_EDGE('',*,*,#2413,.T.);
#3447=ORIENTED_EDGE('',*,*,#2410,.T.);
#3448=ORIENTED_EDGE('',*,*,#2412,.F.);
#3449=ORIENTED_EDGE('',*,*,#2408,.T.);
#3450=SPHERICAL_SURFACE('',#3727,0.5);
#3451=SPHERICAL_SURFACE('',#3733,0.5);
#3452=SPHERICAL_SURFACE('',#3739,0.5);
#3453=SPHERICAL_SURFACE('',#3745,0.5);
#3454=ADVANCED_FACE('',(#769),#3450,.T.);
#3455=ADVANCED_FACE('',(#770),#691,.T.);
#3456=ADVANCED_FACE('',(#771),#3451,.T.);
#3457=ADVANCED_FACE('',(#772),#692,.T.);
#3458=ADVANCED_FACE('',(#773),#3452,.T.);
#3459=ADVANCED_FACE('',(#774),#693,.T.);
#3460=ADVANCED_FACE('',(#775),#3453,.T.);
#3461=ADVANCED_FACE('',(#776),#694,.T.);
#3462=ADVANCED_FACE('',(#777,#144,#145,#146,#147),#240,.T.);
#3463=ADVANCED_FACE('',(#778),#241,.T.);
#3464=ADVANCED_FACE('',(#779),#242,.T.);
#3465=ADVANCED_FACE('',(#780),#695,.T.);
#3466=ADVANCED_FACE('',(#781),#243,.T.);
#3467=ADVANCED_FACE('',(#782),#244,.T.);
#3468=ADVANCED_FACE('',(#783),#245,.T.);
#3469=ADVANCED_FACE('',(#784),#246,.T.);
#3470=ADVANCED_FACE('',(#785),#696,.T.);
#3471=ADVANCED_FACE('',(#786),#697,.T.);
#3472=ADVANCED_FACE('',(#787),#247,.F.);
#3473=ADVANCED_FACE('',(#788),#248,.T.);
#3474=ADVANCED_FACE('',(#789),#698,.F.);
#3475=ADVANCED_FACE('',(#790),#699,.T.);
#3476=ADVANCED_FACE('',(#791,#148),#249,.T.);
#3477=ADVANCED_FACE('',(#792),#250,.T.);
#3478=ADVANCED_FACE('',(#793),#700,.T.);
#3479=ADVANCED_FACE('',(#794),#251,.T.);
#3480=ADVANCED_FACE('',(#795),#701,.T.);
#3481=ADVANCED_FACE('',(#796,#149),#252,.T.);
#3482=ADVANCED_FACE('',(#797,#150),#253,.F.);
#3483=ADVANCED_FACE('',(#798),#702,.F.);
#3484=ADVANCED_FACE('',(#799),#254,.F.);
#3485=ADVANCED_FACE('',(#800),#255,.T.);
#3486=ADVANCED_FACE('',(#801),#703,.F.);
#3487=ADVANCED_FACE('',(#802),#256,.F.);
#3488=ADVANCED_FACE('',(#803),#257,.T.);
#3489=ADVANCED_FACE('',(#804),#82,.T.);
#3490=ADVANCED_FACE('',(#805),#83,.T.);
#3491=ADVANCED_FACE('',(#806),#258,.F.);
#3492=ADVANCED_FACE('',(#807),#704,.F.);
#3493=ADVANCED_FACE('',(#808),#259,.F.);
#3494=ADVANCED_FACE('',(#809),#705,.F.);
#3495=ADVANCED_FACE('',(#810,#151),#260,.F.);
#3496=ADVANCED_FACE('',(#811,#152),#261,.T.);
#3497=ADVANCED_FACE('',(#812),#706,.F.);
#3498=ADVANCED_FACE('',(#813),#707,.F.);
#3499=ADVANCED_FACE('',(#814),#262,.T.);
#3500=ADVANCED_FACE('',(#815),#708,.F.);
#3501=ADVANCED_FACE('',(#816),#263,.T.);
#3502=ADVANCED_FACE('',(#817),#264,.T.);
#3503=ADVANCED_FACE('',(#818),#265,.T.);
#3504=ADVANCED_FACE('',(#819),#709,.F.);
#3505=ADVANCED_FACE('',(#820),#84,.T.);
#3506=ADVANCED_FACE('',(#821),#266,.T.);
#3507=ADVANCED_FACE('',(#822),#710,.T.);
#3508=ADVANCED_FACE('',(#823),#267,.T.);
#3509=ADVANCED_FACE('',(#824),#85,.T.);
#3510=ADVANCED_FACE('',(#825),#268,.T.);
#3511=ADVANCED_FACE('',(#826),#711,.T.);
#3512=ADVANCED_FACE('',(#827),#269,.T.);
#3513=ADVANCED_FACE('',(#828,#153),#270,.T.);
#3514=ADVANCED_FACE('',(#829,#154),#271,.F.);
#3515=ADVANCED_FACE('',(#830),#272,.T.);
#3516=ADVANCED_FACE('',(#831),#712,.F.);
#3517=ADVANCED_FACE('',(#832),#273,.T.);
#3518=ADVANCED_FACE('',(#833),#274,.T.);
#3519=ADVANCED_FACE('',(#834),#275,.T.);
#3520=ADVANCED_FACE('',(#835),#276,.F.);
#3521=ADVANCED_FACE('',(#836),#277,.F.);
#3522=ADVANCED_FACE('',(#837),#35,.F.);
#3523=ADVANCED_FACE('',(#838),#36,.F.);
#3524=ADVANCED_FACE('',(#839),#713,.F.);
#3525=ADVANCED_FACE('',(#840),#714,.F.);
#3526=ADVANCED_FACE('',(#841),#715,.F.);
#3527=ADVANCED_FACE('',(#842),#86,.T.);
#3528=ADVANCED_FACE('',(#843),#87,.T.);
#3529=ADVANCED_FACE('',(#844),#716,.T.);
#3530=ADVANCED_FACE('',(#845),#278,.T.);
#3531=ADVANCED_FACE('',(#846),#717,.T.);
#3532=ADVANCED_FACE('',(#847),#279,.T.);
#3533=ADVANCED_FACE('',(#848,#155),#280,.T.);
#3534=ADVANCED_FACE('',(#849),#281,.T.);
#3535=ADVANCED_FACE('',(#850),#88,.T.);
#3536=ADVANCED_FACE('',(#851),#718,.F.);
#3537=ADVANCED_FACE('',(#852),#282,.T.);
#3538=ADVANCED_FACE('',(#853,#156,#157,#158,#159,#160,#161,#162,#163,#164,
#165,#166,#167,#168,#169,#170,#171,#172,#173,#174,#175,#176,#177,#178,#179,
#180,#181,#182,#183,#184,#185,#186,#187,#188,#189,#190,#191,#192,#193,#194,
#195,#196),#283,.F.);
#3539=ADVANCED_FACE('',(#854),#719,.T.);
#3540=ADVANCED_FACE('',(#855),#720,.T.);
#3541=ADVANCED_FACE('',(#856),#89,.F.);
#3542=ADVANCED_FACE('',(#857),#721,.T.);
#3543=ADVANCED_FACE('',(#858),#37,.T.);
#3544=ADVANCED_FACE('',(#859),#722,.T.);
#3545=ADVANCED_FACE('',(#860),#90,.F.);
#3546=ADVANCED_FACE('',(#861),#38,.T.);
#3547=ADVANCED_FACE('',(#862),#723,.T.);
#3548=ADVANCED_FACE('',(#863),#724,.T.);
#3549=ADVANCED_FACE('',(#864),#284,.T.);
#3550=ADVANCED_FACE('',(#865,#197,#198,#199,#200,#201,#202,#203,#204,#205,
#206,#207,#208,#209,#210,#211,#212,#213,#214,#215,#216,#217,#218,#219,#220,
#221,#222,#223,#224,#225,#226,#227,#228,#229,#230,#231,#232,#233,#234,#235,
#236,#237,#238,#239),#285,.T.);
#3551=ADVANCED_FACE('',(#866),#39,.T.);
#3552=ADVANCED_FACE('',(#867),#40,.T.);
#3553=ADVANCED_FACE('',(#868),#725,.F.);
#3554=ADVANCED_FACE('',(#869),#41,.T.);
#3555=ADVANCED_FACE('',(#870),#726,.F.);
#3556=ADVANCED_FACE('',(#871),#42,.T.);
#3557=ADVANCED_FACE('',(#872),#727,.F.);
#3558=ADVANCED_FACE('',(#873),#43,.T.);
#3559=ADVANCED_FACE('',(#874),#728,.F.);
#3560=ADVANCED_FACE('',(#875),#44,.T.);
#3561=ADVANCED_FACE('',(#876),#729,.F.);
#3562=ADVANCED_FACE('',(#877),#45,.T.);
#3563=ADVANCED_FACE('',(#878),#730,.F.);
#3564=ADVANCED_FACE('',(#879),#46,.T.);
#3565=ADVANCED_FACE('',(#880),#731,.F.);
#3566=ADVANCED_FACE('',(#881),#47,.T.);
#3567=ADVANCED_FACE('',(#882),#732,.F.);
#3568=ADVANCED_FACE('',(#883),#48,.T.);
#3569=ADVANCED_FACE('',(#884),#733,.F.);
#3570=ADVANCED_FACE('',(#885),#49,.T.);
#3571=ADVANCED_FACE('',(#886),#734,.F.);
#3572=ADVANCED_FACE('',(#887),#50,.T.);
#3573=ADVANCED_FACE('',(#888),#735,.F.);
#3574=ADVANCED_FACE('',(#889),#51,.T.);
#3575=ADVANCED_FACE('',(#890),#736,.F.);
#3576=ADVANCED_FACE('',(#891),#52,.T.);
#3577=ADVANCED_FACE('',(#892),#737,.F.);
#3578=ADVANCED_FACE('',(#893),#53,.T.);
#3579=ADVANCED_FACE('',(#894),#738,.F.);
#3580=ADVANCED_FACE('',(#895),#54,.T.);
#3581=ADVANCED_FACE('',(#896),#739,.F.);
#3582=ADVANCED_FACE('',(#897),#55,.T.);
#3583=ADVANCED_FACE('',(#898),#740,.F.);
#3584=ADVANCED_FACE('',(#899),#56,.T.);
#3585=ADVANCED_FACE('',(#900),#741,.F.);
#3586=ADVANCED_FACE('',(#901),#57,.T.);
#3587=ADVANCED_FACE('',(#902),#742,.F.);
#3588=ADVANCED_FACE('',(#903),#58,.T.);
#3589=ADVANCED_FACE('',(#904),#743,.F.);
#3590=ADVANCED_FACE('',(#905),#59,.T.);
#3591=ADVANCED_FACE('',(#906),#744,.F.);
#3592=ADVANCED_FACE('',(#907),#60,.T.);
#3593=ADVANCED_FACE('',(#908),#745,.F.);
#3594=ADVANCED_FACE('',(#909),#61,.T.);
#3595=ADVANCED_FACE('',(#910),#746,.F.);
#3596=ADVANCED_FACE('',(#911),#62,.T.);
#3597=ADVANCED_FACE('',(#912),#747,.F.);
#3598=ADVANCED_FACE('',(#913),#63,.T.);
#3599=ADVANCED_FACE('',(#914),#748,.F.);
#3600=ADVANCED_FACE('',(#915),#64,.T.);
#3601=ADVANCED_FACE('',(#916),#749,.F.);
#3602=ADVANCED_FACE('',(#917),#65,.T.);
#3603=ADVANCED_FACE('',(#918),#750,.F.);
#3604=ADVANCED_FACE('',(#919),#66,.T.);
#3605=ADVANCED_FACE('',(#920),#751,.F.);
#3606=ADVANCED_FACE('',(#921),#67,.T.);
#3607=ADVANCED_FACE('',(#922),#752,.F.);
#3608=ADVANCED_FACE('',(#923),#68,.T.);
#3609=ADVANCED_FACE('',(#924),#753,.F.);
#3610=ADVANCED_FACE('',(#925),#69,.T.);
#3611=ADVANCED_FACE('',(#926),#754,.F.);
#3612=ADVANCED_FACE('',(#927),#70,.T.);
#3613=ADVANCED_FACE('',(#928),#755,.F.);
#3614=ADVANCED_FACE('',(#929),#71,.T.);
#3615=ADVANCED_FACE('',(#930),#756,.F.);
#3616=ADVANCED_FACE('',(#931),#72,.T.);
#3617=ADVANCED_FACE('',(#932),#757,.F.);
#3618=ADVANCED_FACE('',(#933),#73,.T.);
#3619=ADVANCED_FACE('',(#934),#758,.F.);
#3620=ADVANCED_FACE('',(#935),#74,.T.);
#3621=ADVANCED_FACE('',(#936),#759,.F.);
#3622=ADVANCED_FACE('',(#937),#75,.T.);
#3623=ADVANCED_FACE('',(#938),#760,.F.);
#3624=ADVANCED_FACE('',(#939),#76,.T.);
#3625=ADVANCED_FACE('',(#940),#761,.F.);
#3626=ADVANCED_FACE('',(#941),#77,.T.);
#3627=ADVANCED_FACE('',(#942),#762,.F.);
#3628=ADVANCED_FACE('',(#943),#78,.T.);
#3629=ADVANCED_FACE('',(#944),#763,.F.);
#3630=ADVANCED_FACE('',(#945),#79,.T.);
#3631=ADVANCED_FACE('',(#946),#764,.F.);
#3632=ADVANCED_FACE('',(#947),#80,.T.);
#3633=ADVANCED_FACE('',(#948),#765,.F.);
#3634=ADVANCED_FACE('',(#949),#81,.T.);
#3635=ADVANCED_FACE('',(#950),#766,.F.);
#3636=ADVANCED_FACE('',(#951),#91,.T.);
#3637=ADVANCED_FACE('',(#952),#286,.T.);
#3638=ADVANCED_FACE('',(#953),#287,.T.);
#3639=ADVANCED_FACE('',(#954),#288,.T.);
#3640=ADVANCED_FACE('',(#955),#289,.T.);
#3641=ADVANCED_FACE('',(#956),#290,.T.);
#3642=ADVANCED_FACE('',(#957),#291,.T.);
#3643=ADVANCED_FACE('',(#958),#292,.T.);
#3644=ADVANCED_FACE('',(#959),#92,.T.);
#3645=ADVANCED_FACE('',(#960),#767,.T.);
#3646=ADVANCED_FACE('',(#961),#293,.T.);
#3647=ADVANCED_FACE('',(#962),#294,.F.);
#3648=ADVANCED_FACE('',(#963),#93,.T.);
#3649=ADVANCED_FACE('',(#964),#768,.T.);
#3650=ADVANCED_FACE('',(#965),#295,.T.);
#3651=ADVANCED_FACE('',(#966),#296,.F.);
#3652=CLOSED_SHELL('',(#3454,#3455,#3456,#3457,#3458,#3459,#3460,#3461,
#3462,#3463,#3464,#3465,#3466,#3467,#3468,#3469,#3470,#3471,#3472,#3473,
#3474,#3475,#3476,#3477,#3478,#3479,#3480,#3481,#3482));
#3653=CLOSED_SHELL('',(#3483,#3484,#3485,#3486,#3487,#3488,#3489,#3490,
#3491,#3492,#3493,#3494,#3495,#3496,#3497,#3498,#3499,#3500,#3501,#3502,
#3503,#3504,#3505,#3506,#3507,#3508,#3509,#3510,#3511,#3512,#3513,#3514));
#3654=CLOSED_SHELL('',(#3515,#3516,#3517,#3518,#3519,#3520,#3521,#3522,
#3523,#3524,#3525,#3526,#3527,#3528,#3529,#3530,#3531,#3532,#3533,#3534,
#3535,#3536,#3537,#3538,#3539,#3540,#3541,#3542,#3543,#3544,#3545,#3546,
#3547,#3548,#3549,#3550,#3551,#3552,#3553,#3554,#3555,#3556,#3557,#3558,
#3559,#3560,#3561,#3562,#3563,#3564,#3565,#3566,#3567,#3568,#3569,#3570,
#3571,#3572,#3573,#3574,#3575,#3576,#3577,#3578,#3579,#3580,#3581,#3582,
#3583,#3584,#3585,#3586,#3587,#3588,#3589,#3590,#3591,#3592,#3593,#3594,
#3595,#3596,#3597,#3598,#3599,#3600,#3601,#3602,#3603,#3604,#3605,#3606,
#3607,#3608,#3609,#3610,#3611,#3612,#3613,#3614,#3615,#3616,#3617,#3618,
#3619,#3620,#3621,#3622,#3623,#3624,#3625,#3626,#3627,#3628,#3629,#3630,
#3631,#3632,#3633,#3634,#3635,#3636,#3637));
#3655=CLOSED_SHELL('',(#3638,#3639,#3640,#3641,#3642,#3643));
#3656=CLOSED_SHELL('',(#3644,#3645,#3646,#3647));
#3657=CLOSED_SHELL('',(#3648,#3649,#3650,#3651));
#3658=DERIVED_UNIT_ELEMENT(#3670,1.);
#3659=DERIVED_UNIT_ELEMENT(#7466,-3.);
#3660=DERIVED_UNIT_ELEMENT(#3670,1.);
#3661=DERIVED_UNIT_ELEMENT(#7466,-3.);
#3662=DERIVED_UNIT_ELEMENT(#3670,1.);
#3663=DERIVED_UNIT_ELEMENT(#7466,-3.);
#3664=DERIVED_UNIT_ELEMENT(#3670,1.);
#3665=DERIVED_UNIT_ELEMENT(#7466,-3.);
#3666=DERIVED_UNIT_ELEMENT(#3670,1.);
#3667=DERIVED_UNIT_ELEMENT(#7466,-3.);
#3668=DERIVED_UNIT_ELEMENT(#3670,1.);
#3669=DERIVED_UNIT_ELEMENT(#7466,-3.);
#3670=(
MASS_UNIT()
NAMED_UNIT(*)
SI_UNIT(.KILO.,.GRAM.)
);
#3671=DERIVED_UNIT((#3658,#3659));
#3672=DERIVED_UNIT((#3660,#3661));
#3673=DERIVED_UNIT((#3662,#3663));
#3674=DERIVED_UNIT((#3664,#3665));
#3675=DERIVED_UNIT((#3666,#3667));
#3676=DERIVED_UNIT((#3668,#3669));
#3677=MEASURE_REPRESENTATION_ITEM('density measure',
POSITIVE_RATIO_MEASURE(7850.),#3671);
#3678=MEASURE_REPRESENTATION_ITEM('density measure',
POSITIVE_RATIO_MEASURE(7850.),#3672);
#3679=MEASURE_REPRESENTATION_ITEM('density measure',
POSITIVE_RATIO_MEASURE(7850.),#3673);
#3680=MEASURE_REPRESENTATION_ITEM('density measure',
POSITIVE_RATIO_MEASURE(7850.),#3674);
#3681=MEASURE_REPRESENTATION_ITEM('density measure',
POSITIVE_RATIO_MEASURE(7850.),#3675);
#3682=MEASURE_REPRESENTATION_ITEM('density measure',
POSITIVE_RATIO_MEASURE(7850.),#3676);
#3683=PROPERTY_DEFINITION_REPRESENTATION(#3713,#3695);
#3684=PROPERTY_DEFINITION_REPRESENTATION(#3714,#3696);
#3685=PROPERTY_DEFINITION_REPRESENTATION(#3715,#3697);
#3686=PROPERTY_DEFINITION_REPRESENTATION(#3716,#3698);
#3687=PROPERTY_DEFINITION_REPRESENTATION(#3717,#3699);
#3688=PROPERTY_DEFINITION_REPRESENTATION(#3718,#3700);
#3689=PROPERTY_DEFINITION_REPRESENTATION(#3719,#3701);
#3690=PROPERTY_DEFINITION_REPRESENTATION(#3720,#3702);
#3691=PROPERTY_DEFINITION_REPRESENTATION(#3721,#3703);
#3692=PROPERTY_DEFINITION_REPRESENTATION(#3722,#3704);
#3693=PROPERTY_DEFINITION_REPRESENTATION(#3723,#3705);
#3694=PROPERTY_DEFINITION_REPRESENTATION(#3724,#3706);
#3695=REPRESENTATION('material name',(#3707),#7458);
#3696=REPRESENTATION('density',(#3677),#7458);
#3697=REPRESENTATION('material name',(#3708),#7459);
#3698=REPRESENTATION('density',(#3678),#7459);
#3699=REPRESENTATION('material name',(#3709),#7460);
#3700=REPRESENTATION('density',(#3679),#7460);
#3701=REPRESENTATION('material name',(#3710),#7461);
#3702=REPRESENTATION('density',(#3680),#7461);
#3703=REPRESENTATION('material name',(#3711),#7462);
#3704=REPRESENTATION('density',(#3681),#7462);
#3705=REPRESENTATION('material name',(#3712),#7463);
#3706=REPRESENTATION('density',(#3682),#7463);
#3707=DESCRIPTIVE_REPRESENTATION_ITEM('Steel','Steel');
#3708=DESCRIPTIVE_REPRESENTATION_ITEM('Steel','Steel');
#3709=DESCRIPTIVE_REPRESENTATION_ITEM('Steel','Steel');
#3710=DESCRIPTIVE_REPRESENTATION_ITEM('Steel','Steel');
#3711=DESCRIPTIVE_REPRESENTATION_ITEM('Steel','Steel');
#3712=DESCRIPTIVE_REPRESENTATION_ITEM('Steel','Steel');
#3713=PROPERTY_DEFINITION('material property','material name',#7498);
#3714=PROPERTY_DEFINITION('material property','density of part',#7498);
#3715=PROPERTY_DEFINITION('material property','material name',#7499);
#3716=PROPERTY_DEFINITION('material property','density of part',#7499);
#3717=PROPERTY_DEFINITION('material property','material name',#7500);
#3718=PROPERTY_DEFINITION('material property','density of part',#7500);
#3719=PROPERTY_DEFINITION('material property','material name',#7501);
#3720=PROPERTY_DEFINITION('material property','density of part',#7501);
#3721=PROPERTY_DEFINITION('material property','material name',#7502);
#3722=PROPERTY_DEFINITION('material property','density of part',#7502);
#3723=PROPERTY_DEFINITION('material property','material name',#7503);
#3724=PROPERTY_DEFINITION('material property','density of part',#7503);
#3725=AXIS2_PLACEMENT_3D('',#5404,#4219,#4220);
#3726=AXIS2_PLACEMENT_3D('',#5405,#4221,#4222);
#3727=AXIS2_PLACEMENT_3D('',#5406,#4223,#4224);
#3728=AXIS2_PLACEMENT_3D('',#5409,#4225,#4226);
#3729=AXIS2_PLACEMENT_3D('',#5411,#4227,#4228);
#3730=AXIS2_PLACEMENT_3D('',#5412,#4229,#4230);
#3731=AXIS2_PLACEMENT_3D('',#5413,#4231,#4232);
#3732=AXIS2_PLACEMENT_3D('',#5416,#4234,#4235);
#3733=AXIS2_PLACEMENT_3D('',#5417,#4236,#4237);
#3734=AXIS2_PLACEMENT_3D('',#5420,#4238,#4239);
#3735=AXIS2_PLACEMENT_3D('',#5422,#4240,#4241);
#3736=AXIS2_PLACEMENT_3D('',#5423,#4242,#4243);
#3737=AXIS2_PLACEMENT_3D('',#5424,#4244,#4245);
#3738=AXIS2_PLACEMENT_3D('',#5427,#4247,#4248);
#3739=AXIS2_PLACEMENT_3D('',#5428,#4249,#4250);
#3740=AXIS2_PLACEMENT_3D('',#5431,#4251,#4252);
#3741=AXIS2_PLACEMENT_3D('',#5433,#4253,#4254);
#3742=AXIS2_PLACEMENT_3D('',#5434,#4255,#4256);
#3743=AXIS2_PLACEMENT_3D('',#5435,#4257,#4258);
#3744=AXIS2_PLACEMENT_3D('',#5438,#4260,#4261);
#3745=AXIS2_PLACEMENT_3D('',#5439,#4262,#4263);
#3746=AXIS2_PLACEMENT_3D('',#5442,#4264,#4265);
#3747=AXIS2_PLACEMENT_3D('',#5444,#4266,#4267);
#3748=AXIS2_PLACEMENT_3D('',#5445,#4268,#4269);
#3749=AXIS2_PLACEMENT_3D('',#5446,#4270,#4271);
#3750=AXIS2_PLACEMENT_3D('',#5449,#4273,#4274);
#3751=AXIS2_PLACEMENT_3D('',#5450,#4275,#4276);
#3752=AXIS2_PLACEMENT_3D('',#5453,#4277,#4278);
#3753=AXIS2_PLACEMENT_3D('',#5459,#4282,#4283);
#3754=AXIS2_PLACEMENT_3D('',#5465,#4287,#4288);
#3755=AXIS2_PLACEMENT_3D('',#5469,#4291,#4292);
#3756=AXIS2_PLACEMENT_3D('',#5472,#4293,#4294);
#3757=AXIS2_PLACEMENT_3D('',#5476,#4296,#4297);
#3758=AXIS2_PLACEMENT_3D('',#5478,#4299,#4300);
#3759=AXIS2_PLACEMENT_3D('',#5484,#4304,#4305);
#3760=AXIS2_PLACEMENT_3D('',#5493,#4310,#4311);
#3761=AXIS2_PLACEMENT_3D('',#5502,#4316,#4317);
#3762=AXIS2_PLACEMENT_3D('',#5508,#4321,#4322);
#3763=AXIS2_PLACEMENT_3D('',#5509,#4323,#4324);
#3764=AXIS2_PLACEMENT_3D('',#5510,#4325,#4326);
#3765=AXIS2_PLACEMENT_3D('',#5511,#4327,#4328);
#3766=AXIS2_PLACEMENT_3D('',#5512,#4329,#4330);
#3767=AXIS2_PLACEMENT_3D('',#5513,#4331,#4332);
#3768=AXIS2_PLACEMENT_3D('',#5514,#4333,#4334);
#3769=AXIS2_PLACEMENT_3D('',#5515,#4335,#4336);
#3770=AXIS2_PLACEMENT_3D('',#5516,#4337,#4338);
#3771=AXIS2_PLACEMENT_3D('',#5520,#4341,#4342);
#3772=AXIS2_PLACEMENT_3D('',#5521,#4343,#4344);
#3773=AXIS2_PLACEMENT_3D('',#5522,#4345,#4346);
#3774=AXIS2_PLACEMENT_3D('',#5523,#4347,#4348);
#3775=AXIS2_PLACEMENT_3D('',#5524,#4349,#4350);
#3776=AXIS2_PLACEMENT_3D('',#5525,#4351,#4352);
#3777=AXIS2_PLACEMENT_3D('',#5534,#4357,#4358);
#3778=AXIS2_PLACEMENT_3D('',#5536,#4359,#4360);
#3779=AXIS2_PLACEMENT_3D('',#5538,#4361,#4362);
#3780=AXIS2_PLACEMENT_3D('',#5540,#4364,#4365);
#3781=AXIS2_PLACEMENT_3D('',#5546,#4369,#4370);
#3782=AXIS2_PLACEMENT_3D('',#5547,#4371,#4372);
#3783=AXIS2_PLACEMENT_3D('',#5548,#4373,#4374);
#3784=AXIS2_PLACEMENT_3D('',#5549,#4375,#4376);
#3785=AXIS2_PLACEMENT_3D('',#5550,#4377,#4378);
#3786=AXIS2_PLACEMENT_3D('',#5551,#4379,#4380);
#3787=AXIS2_PLACEMENT_3D('',#5552,#4381,#4382);
#3788=AXIS2_PLACEMENT_3D('',#5555,#4383,#4384);
#3789=AXIS2_PLACEMENT_3D('',#5559,#4386,#4387);
#3790=AXIS2_PLACEMENT_3D('',#5561,#4389,#4390);
#3791=AXIS2_PLACEMENT_3D('',#5587,#4391,#4392);
#3792=AXIS2_PLACEMENT_3D('',#5613,#4393,#4394);
#3793=AXIS2_PLACEMENT_3D('',#5616,#4395,#4396);
#3794=AXIS2_PLACEMENT_3D('',#5620,#4398,#4399);
#3795=AXIS2_PLACEMENT_3D('',#5622,#4401,#4402);
#3796=AXIS2_PLACEMENT_3D('',#5648,#4403,#4404);
#3797=AXIS2_PLACEMENT_3D('',#5804,#4409,#4410);
#3798=AXIS2_PLACEMENT_3D('',#5813,#4415,#4416);
#3799=AXIS2_PLACEMENT_3D('',#5815,#4417,#4418);
#3800=AXIS2_PLACEMENT_3D('',#5818,#4420,#4421);
#3801=AXIS2_PLACEMENT_3D('',#5819,#4422,#4423);
#3802=AXIS2_PLACEMENT_3D('',#5825,#4427,#4428);
#3803=AXIS2_PLACEMENT_3D('',#5826,#4429,#4430);
#3804=AXIS2_PLACEMENT_3D('',#5827,#4431,#4432);
#3805=AXIS2_PLACEMENT_3D('',#5828,#4433,#4434);
#3806=AXIS2_PLACEMENT_3D('',#5833,#4436,#4437);
#3807=AXIS2_PLACEMENT_3D('',#5836,#4439,#4440);
#3808=AXIS2_PLACEMENT_3D('',#5837,#4441,#4442);
#3809=AXIS2_PLACEMENT_3D('',#5842,#4444,#4445);
#3810=AXIS2_PLACEMENT_3D('',#5845,#4447,#4448);
#3811=AXIS2_PLACEMENT_3D('',#5846,#4449,#4450);
#3812=AXIS2_PLACEMENT_3D('',#5850,#4452,#4453);
#3813=AXIS2_PLACEMENT_3D('',#5852,#4455,#4456);
#3814=AXIS2_PLACEMENT_3D('',#5856,#4458,#4459);
#3815=AXIS2_PLACEMENT_3D('',#5858,#4461,#4462);
#3816=AXIS2_PLACEMENT_3D('',#5862,#4465,#4466);
#3817=AXIS2_PLACEMENT_3D('',#5865,#4468,#4469);
#3818=AXIS2_PLACEMENT_3D('',#5866,#4470,#4471);
#3819=AXIS2_PLACEMENT_3D('',#5868,#4473,#4474);
#3820=AXIS2_PLACEMENT_3D('',#5872,#4477,#4478);
#3821=AXIS2_PLACEMENT_3D('',#5876,#4481,#4482);
#3822=AXIS2_PLACEMENT_3D('',#5877,#4483,#4484);
#3823=AXIS2_PLACEMENT_3D('',#5943,#4487,#4488);
#3824=AXIS2_PLACEMENT_3D('',#5949,#4492,#4493);
#3825=AXIS2_PLACEMENT_3D('',#5951,#4494,#4495);
#3826=AXIS2_PLACEMENT_3D('',#5953,#4496,#4497);
#3827=AXIS2_PLACEMENT_3D('',#5955,#4499,#4500);
#3828=AXIS2_PLACEMENT_3D('',#6023,#4505,#4506);
#3829=AXIS2_PLACEMENT_3D('',#6029,#4510,#4511);
#3830=AXIS2_PLACEMENT_3D('',#6031,#4512,#4513);
#3831=AXIS2_PLACEMENT_3D('',#6033,#4514,#4515);
#3832=AXIS2_PLACEMENT_3D('',#6035,#4517,#4518);
#3833=AXIS2_PLACEMENT_3D('',#6038,#4521,#4522);
#3834=AXIS2_PLACEMENT_3D('',#6039,#4523,#4524);
#3835=AXIS2_PLACEMENT_3D('',#6040,#4525,#4526);
#3836=AXIS2_PLACEMENT_3D('',#6041,#4527,#4528);
#3837=AXIS2_PLACEMENT_3D('',#6066,#4541,#4542);
#3838=AXIS2_PLACEMENT_3D('',#6068,#4543,#4544);
#3839=AXIS2_PLACEMENT_3D('',#6071,#4546,#4547);
#3840=AXIS2_PLACEMENT_3D('',#6072,#4548,#4549);
#3841=AXIS2_PLACEMENT_3D('',#6073,#4550,#4551);
#3842=AXIS2_PLACEMENT_3D('',#6074,#4552,#4553);
#3843=AXIS2_PLACEMENT_3D('',#6078,#4555,#4556);
#3844=AXIS2_PLACEMENT_3D('',#6079,#4557,#4558);
#3845=AXIS2_PLACEMENT_3D('',#6098,#4569,#4570);
#3846=AXIS2_PLACEMENT_3D('',#6124,#4571,#4572);
#3847=AXIS2_PLACEMENT_3D('',#6150,#4573,#4574);
#3848=AXIS2_PLACEMENT_3D('',#6152,#4575,#4576);
#3849=AXIS2_PLACEMENT_3D('',#6154,#4577,#4578);
#3850=AXIS2_PLACEMENT_3D('',#6155,#4579,#4580);
#3851=AXIS2_PLACEMENT_3D('',#6156,#4581,#4582);
#3852=AXIS2_PLACEMENT_3D('',#6157,#4583,#4584);
#3853=AXIS2_PLACEMENT_3D('',#6159,#4585,#4586);
#3854=AXIS2_PLACEMENT_3D('',#6161,#4587,#4588);
#3855=AXIS2_PLACEMENT_3D('',#6162,#4589,#4590);
#3856=AXIS2_PLACEMENT_3D('',#6163,#4591,#4592);
#3857=AXIS2_PLACEMENT_3D('',#6183,#4594,#4595);
#3858=AXIS2_PLACEMENT_3D('',#6203,#4597,#4598);
#3859=AXIS2_PLACEMENT_3D('',#6204,#4599,#4600);
#3860=AXIS2_PLACEMENT_3D('',#6277,#4601,#4602);
#3861=AXIS2_PLACEMENT_3D('',#6281,#4604,#4605);
#3862=AXIS2_PLACEMENT_3D('',#6283,#4607,#4608);
#3863=AXIS2_PLACEMENT_3D('',#6287,#4611,#4612);
#3864=AXIS2_PLACEMENT_3D('',#6289,#4613,#4614);
#3865=AXIS2_PLACEMENT_3D('',#6291,#4616,#4617);
#3866=AXIS2_PLACEMENT_3D('',#6293,#4619,#4620);
#3867=AXIS2_PLACEMENT_3D('',#6324,#4622,#4623);
#3868=AXIS2_PLACEMENT_3D('',#6356,#4626,#4627);
#3869=AXIS2_PLACEMENT_3D('',#6358,#4629,#4630);
#3870=AXIS2_PLACEMENT_3D('',#6409,#4635,#4636);
#3871=AXIS2_PLACEMENT_3D('',#6412,#4637,#4638);
#3872=AXIS2_PLACEMENT_3D('',#6415,#4640,#4641);
#3873=AXIS2_PLACEMENT_3D('',#6416,#4642,#4643);
#3874=AXIS2_PLACEMENT_3D('',#6417,#4644,#4645);
#3875=AXIS2_PLACEMENT_3D('',#6418,#4646,#4647);
#3876=AXIS2_PLACEMENT_3D('',#6422,#4650,#4651);
#3877=AXIS2_PLACEMENT_3D('',#6424,#4652,#4653);
#3878=AXIS2_PLACEMENT_3D('',#6425,#4654,#4655);
#3879=AXIS2_PLACEMENT_3D('',#6427,#4656,#4657);
#3880=AXIS2_PLACEMENT_3D('',#6429,#4658,#4659);
#3881=AXIS2_PLACEMENT_3D('',#6431,#4660,#4661);
#3882=AXIS2_PLACEMENT_3D('',#6433,#4662,#4663);
#3883=AXIS2_PLACEMENT_3D('',#6435,#4664,#4665);
#3884=AXIS2_PLACEMENT_3D('',#6437,#4666,#4667);
#3885=AXIS2_PLACEMENT_3D('',#6439,#4668,#4669);
#3886=AXIS2_PLACEMENT_3D('',#6441,#4670,#4671);
#3887=AXIS2_PLACEMENT_3D('',#6443,#4672,#4673);
#3888=AXIS2_PLACEMENT_3D('',#6445,#4674,#4675);
#3889=AXIS2_PLACEMENT_3D('',#6447,#4676,#4677);
#3890=AXIS2_PLACEMENT_3D('',#6449,#4678,#4679);
#3891=AXIS2_PLACEMENT_3D('',#6451,#4680,#4681);
#3892=AXIS2_PLACEMENT_3D('',#6453,#4682,#4683);
#3893=AXIS2_PLACEMENT_3D('',#6455,#4684,#4685);
#3894=AXIS2_PLACEMENT_3D('',#6457,#4686,#4687);
#3895=AXIS2_PLACEMENT_3D('',#6459,#4688,#4689);
#3896=AXIS2_PLACEMENT_3D('',#6461,#4690,#4691);
#3897=AXIS2_PLACEMENT_3D('',#6463,#4692,#4693);
#3898=AXIS2_PLACEMENT_3D('',#6465,#4694,#4695);
#3899=AXIS2_PLACEMENT_3D('',#6467,#4696,#4697);
#3900=AXIS2_PLACEMENT_3D('',#6469,#4698,#4699);
#3901=AXIS2_PLACEMENT_3D('',#6471,#4700,#4701);
#3902=AXIS2_PLACEMENT_3D('',#6473,#4702,#4703);
#3903=AXIS2_PLACEMENT_3D('',#6475,#4704,#4705);
#3904=AXIS2_PLACEMENT_3D('',#6477,#4706,#4707);
#3905=AXIS2_PLACEMENT_3D('',#6479,#4708,#4709);
#3906=AXIS2_PLACEMENT_3D('',#6481,#4710,#4711);
#3907=AXIS2_PLACEMENT_3D('',#6483,#4712,#4713);
#3908=AXIS2_PLACEMENT_3D('',#6485,#4714,#4715);
#3909=AXIS2_PLACEMENT_3D('',#6487,#4716,#4717);
#3910=AXIS2_PLACEMENT_3D('',#6489,#4718,#4719);
#3911=AXIS2_PLACEMENT_3D('',#6491,#4720,#4721);
#3912=AXIS2_PLACEMENT_3D('',#6493,#4722,#4723);
#3913=AXIS2_PLACEMENT_3D('',#6495,#4724,#4725);
#3914=AXIS2_PLACEMENT_3D('',#6497,#4726,#4727);
#3915=AXIS2_PLACEMENT_3D('',#6499,#4728,#4729);
#3916=AXIS2_PLACEMENT_3D('',#6501,#4730,#4731);
#3917=AXIS2_PLACEMENT_3D('',#6503,#4732,#4733);
#3918=AXIS2_PLACEMENT_3D('',#6505,#4734,#4735);
#3919=AXIS2_PLACEMENT_3D('',#6507,#4736,#4737);
#3920=AXIS2_PLACEMENT_3D('',#6508,#4738,#4739);
#3921=AXIS2_PLACEMENT_3D('',#6511,#4741,#4742);
#3922=AXIS2_PLACEMENT_3D('',#6512,#4743,#4744);
#3923=AXIS2_PLACEMENT_3D('',#6514,#4745,#4746);
#3924=AXIS2_PLACEMENT_3D('',#6640,#4748,#4749);
#3925=AXIS2_PLACEMENT_3D('',#6645,#4751,#4752);
#3926=AXIS2_PLACEMENT_3D('',#6685,#4754,#4755);
#3927=AXIS2_PLACEMENT_3D('',#6687,#4756,#4757);
#3928=AXIS2_PLACEMENT_3D('',#6688,#4758,#4759);
#3929=AXIS2_PLACEMENT_3D('',#6689,#4760,#4761);
#3930=AXIS2_PLACEMENT_3D('',#6690,#4762,#4763);
#3931=AXIS2_PLACEMENT_3D('',#6786,#4765,#4766);
#3932=AXIS2_PLACEMENT_3D('',#6788,#4767,#4768);
#3933=AXIS2_PLACEMENT_3D('',#6789,#4769,#4770);
#3934=AXIS2_PLACEMENT_3D('',#6790,#4771,#4772);
#3935=AXIS2_PLACEMENT_3D('',#6793,#4775,#4776);
#3936=AXIS2_PLACEMENT_3D('',#6795,#4778,#4779);
#3937=AXIS2_PLACEMENT_3D('',#6797,#4781,#4782);
#3938=AXIS2_PLACEMENT_3D('',#6799,#4783,#4784);
#3939=AXIS2_PLACEMENT_3D('',#6801,#4785,#4786);
#3940=AXIS2_PLACEMENT_3D('',#6803,#4787,#4788);
#3941=AXIS2_PLACEMENT_3D('',#6805,#4789,#4790);
#3942=AXIS2_PLACEMENT_3D('',#6807,#4791,#4792);
#3943=AXIS2_PLACEMENT_3D('',#6809,#4793,#4794);
#3944=AXIS2_PLACEMENT_3D('',#6811,#4795,#4796);
#3945=AXIS2_PLACEMENT_3D('',#6813,#4797,#4798);
#3946=AXIS2_PLACEMENT_3D('',#6815,#4799,#4800);
#3947=AXIS2_PLACEMENT_3D('',#6817,#4801,#4802);
#3948=AXIS2_PLACEMENT_3D('',#6819,#4803,#4804);
#3949=AXIS2_PLACEMENT_3D('',#6821,#4805,#4806);
#3950=AXIS2_PLACEMENT_3D('',#6823,#4807,#4808);
#3951=AXIS2_PLACEMENT_3D('',#6825,#4809,#4810);
#3952=AXIS2_PLACEMENT_3D('',#6827,#4811,#4812);
#3953=AXIS2_PLACEMENT_3D('',#6829,#4813,#4814);
#3954=AXIS2_PLACEMENT_3D('',#6831,#4815,#4816);
#3955=AXIS2_PLACEMENT_3D('',#6833,#4817,#4818);
#3956=AXIS2_PLACEMENT_3D('',#6835,#4819,#4820);
#3957=AXIS2_PLACEMENT_3D('',#6837,#4821,#4822);
#3958=AXIS2_PLACEMENT_3D('',#6839,#4823,#4824);
#3959=AXIS2_PLACEMENT_3D('',#6841,#4825,#4826);
#3960=AXIS2_PLACEMENT_3D('',#6843,#4827,#4828);
#3961=AXIS2_PLACEMENT_3D('',#6845,#4829,#4830);
#3962=AXIS2_PLACEMENT_3D('',#6847,#4831,#4832);
#3963=AXIS2_PLACEMENT_3D('',#6849,#4833,#4834);
#3964=AXIS2_PLACEMENT_3D('',#6851,#4835,#4836);
#3965=AXIS2_PLACEMENT_3D('',#6853,#4837,#4838);
#3966=AXIS2_PLACEMENT_3D('',#6855,#4839,#4840);
#3967=AXIS2_PLACEMENT_3D('',#6857,#4841,#4842);
#3968=AXIS2_PLACEMENT_3D('',#6859,#4843,#4844);
#3969=AXIS2_PLACEMENT_3D('',#6861,#4845,#4846);
#3970=AXIS2_PLACEMENT_3D('',#6863,#4847,#4848);
#3971=AXIS2_PLACEMENT_3D('',#6865,#4849,#4850);
#3972=AXIS2_PLACEMENT_3D('',#6867,#4851,#4852);
#3973=AXIS2_PLACEMENT_3D('',#6869,#4853,#4854);
#3974=AXIS2_PLACEMENT_3D('',#6871,#4855,#4856);
#3975=AXIS2_PLACEMENT_3D('',#6873,#4857,#4858);
#3976=AXIS2_PLACEMENT_3D('',#6875,#4859,#4860);
#3977=AXIS2_PLACEMENT_3D('',#6877,#4861,#4862);
#3978=AXIS2_PLACEMENT_3D('',#6879,#4863,#4864);
#3979=AXIS2_PLACEMENT_3D('',#6881,#4865,#4866);
#3980=AXIS2_PLACEMENT_3D('',#6883,#4867,#4868);
#3981=AXIS2_PLACEMENT_3D('',#6884,#4869,#4870);
#3982=AXIS2_PLACEMENT_3D('',#6885,#4871,#4872);
#3983=AXIS2_PLACEMENT_3D('',#6886,#4873,#4874);
#3984=AXIS2_PLACEMENT_3D('',#6888,#4875,#4876);
#3985=AXIS2_PLACEMENT_3D('',#6890,#4877,#4878);
#3986=AXIS2_PLACEMENT_3D('',#6891,#4879,#4880);
#3987=AXIS2_PLACEMENT_3D('',#6892,#4881,#4882);
#3988=AXIS2_PLACEMENT_3D('',#6894,#4884,#4885);
#3989=AXIS2_PLACEMENT_3D('',#6896,#4886,#4887);
#3990=AXIS2_PLACEMENT_3D('',#6898,#4888,#4889);
#3991=AXIS2_PLACEMENT_3D('',#6899,#4890,#4891);
#3992=AXIS2_PLACEMENT_3D('',#6900,#4892,#4893);
#3993=AXIS2_PLACEMENT_3D('',#6902,#4895,#4896);
#3994=AXIS2_PLACEMENT_3D('',#6904,#4897,#4898);
#3995=AXIS2_PLACEMENT_3D('',#6906,#4899,#4900);
#3996=AXIS2_PLACEMENT_3D('',#6907,#4901,#4902);
#3997=AXIS2_PLACEMENT_3D('',#6908,#4903,#4904);
#3998=AXIS2_PLACEMENT_3D('',#6910,#4906,#4907);
#3999=AXIS2_PLACEMENT_3D('',#6912,#4908,#4909);
#4000=AXIS2_PLACEMENT_3D('',#6914,#4910,#4911);
#4001=AXIS2_PLACEMENT_3D('',#6915,#4912,#4913);
#4002=AXIS2_PLACEMENT_3D('',#6916,#4914,#4915);
#4003=AXIS2_PLACEMENT_3D('',#6918,#4917,#4918);
#4004=AXIS2_PLACEMENT_3D('',#6920,#4919,#4920);
#4005=AXIS2_PLACEMENT_3D('',#6922,#4921,#4922);
#4006=AXIS2_PLACEMENT_3D('',#6923,#4923,#4924);
#4007=AXIS2_PLACEMENT_3D('',#6924,#4925,#4926);
#4008=AXIS2_PLACEMENT_3D('',#6926,#4928,#4929);
#4009=AXIS2_PLACEMENT_3D('',#6928,#4930,#4931);
#4010=AXIS2_PLACEMENT_3D('',#6930,#4932,#4933);
#4011=AXIS2_PLACEMENT_3D('',#6931,#4934,#4935);
#4012=AXIS2_PLACEMENT_3D('',#6932,#4936,#4937);
#4013=AXIS2_PLACEMENT_3D('',#6934,#4939,#4940);
#4014=AXIS2_PLACEMENT_3D('',#6936,#4941,#4942);
#4015=AXIS2_PLACEMENT_3D('',#6938,#4943,#4944);
#4016=AXIS2_PLACEMENT_3D('',#6939,#4945,#4946);
#4017=AXIS2_PLACEMENT_3D('',#6940,#4947,#4948);
#4018=AXIS2_PLACEMENT_3D('',#6942,#4950,#4951);
#4019=AXIS2_PLACEMENT_3D('',#6944,#4952,#4953);
#4020=AXIS2_PLACEMENT_3D('',#6946,#4954,#4955);
#4021=AXIS2_PLACEMENT_3D('',#6947,#4956,#4957);
#4022=AXIS2_PLACEMENT_3D('',#6948,#4958,#4959);
#4023=AXIS2_PLACEMENT_3D('',#6950,#4961,#4962);
#4024=AXIS2_PLACEMENT_3D('',#6952,#4963,#4964);
#4025=AXIS2_PLACEMENT_3D('',#6954,#4965,#4966);
#4026=AXIS2_PLACEMENT_3D('',#6955,#4967,#4968);
#4027=AXIS2_PLACEMENT_3D('',#6956,#4969,#4970);
#4028=AXIS2_PLACEMENT_3D('',#6958,#4972,#4973);
#4029=AXIS2_PLACEMENT_3D('',#6960,#4974,#4975);
#4030=AXIS2_PLACEMENT_3D('',#6962,#4976,#4977);
#4031=AXIS2_PLACEMENT_3D('',#6963,#4978,#4979);
#4032=AXIS2_PLACEMENT_3D('',#6964,#4980,#4981);
#4033=AXIS2_PLACEMENT_3D('',#6966,#4983,#4984);
#4034=AXIS2_PLACEMENT_3D('',#6968,#4985,#4986);
#4035=AXIS2_PLACEMENT_3D('',#6970,#4987,#4988);
#4036=AXIS2_PLACEMENT_3D('',#6971,#4989,#4990);
#4037=AXIS2_PLACEMENT_3D('',#6972,#4991,#4992);
#4038=AXIS2_PLACEMENT_3D('',#6974,#4994,#4995);
#4039=AXIS2_PLACEMENT_3D('',#6976,#4996,#4997);
#4040=AXIS2_PLACEMENT_3D('',#6978,#4998,#4999);
#4041=AXIS2_PLACEMENT_3D('',#6979,#5000,#5001);
#4042=AXIS2_PLACEMENT_3D('',#6980,#5002,#5003);
#4043=AXIS2_PLACEMENT_3D('',#6982,#5005,#5006);
#4044=AXIS2_PLACEMENT_3D('',#6984,#5007,#5008);
#4045=AXIS2_PLACEMENT_3D('',#6986,#5009,#5010);
#4046=AXIS2_PLACEMENT_3D('',#6987,#5011,#5012);
#4047=AXIS2_PLACEMENT_3D('',#6988,#5013,#5014);
#4048=AXIS2_PLACEMENT_3D('',#6990,#5016,#5017);
#4049=AXIS2_PLACEMENT_3D('',#6992,#5018,#5019);
#4050=AXIS2_PLACEMENT_3D('',#6994,#5020,#5021);
#4051=AXIS2_PLACEMENT_3D('',#6995,#5022,#5023);
#4052=AXIS2_PLACEMENT_3D('',#6996,#5024,#5025);
#4053=AXIS2_PLACEMENT_3D('',#6998,#5027,#5028);
#4054=AXIS2_PLACEMENT_3D('',#7000,#5029,#5030);
#4055=AXIS2_PLACEMENT_3D('',#7002,#5031,#5032);
#4056=AXIS2_PLACEMENT_3D('',#7003,#5033,#5034);
#4057=AXIS2_PLACEMENT_3D('',#7004,#5035,#5036);
#4058=AXIS2_PLACEMENT_3D('',#7006,#5038,#5039);
#4059=AXIS2_PLACEMENT_3D('',#7008,#5040,#5041);
#4060=AXIS2_PLACEMENT_3D('',#7010,#5042,#5043);
#4061=AXIS2_PLACEMENT_3D('',#7011,#5044,#5045);
#4062=AXIS2_PLACEMENT_3D('',#7012,#5046,#5047);
#4063=AXIS2_PLACEMENT_3D('',#7014,#5049,#5050);
#4064=AXIS2_PLACEMENT_3D('',#7016,#5051,#5052);
#4065=AXIS2_PLACEMENT_3D('',#7018,#5053,#5054);
#4066=AXIS2_PLACEMENT_3D('',#7019,#5055,#5056);
#4067=AXIS2_PLACEMENT_3D('',#7020,#5057,#5058);
#4068=AXIS2_PLACEMENT_3D('',#7022,#5060,#5061);
#4069=AXIS2_PLACEMENT_3D('',#7024,#5062,#5063);
#4070=AXIS2_PLACEMENT_3D('',#7026,#5064,#5065);
#4071=AXIS2_PLACEMENT_3D('',#7027,#5066,#5067);
#4072=AXIS2_PLACEMENT_3D('',#7028,#5068,#5069);
#4073=AXIS2_PLACEMENT_3D('',#7030,#5071,#5072);
#4074=AXIS2_PLACEMENT_3D('',#7032,#5073,#5074);
#4075=AXIS2_PLACEMENT_3D('',#7034,#5075,#5076);
#4076=AXIS2_PLACEMENT_3D('',#7035,#5077,#5078);
#4077=AXIS2_PLACEMENT_3D('',#7036,#5079,#5080);
#4078=AXIS2_PLACEMENT_3D('',#7038,#5082,#5083);
#4079=AXIS2_PLACEMENT_3D('',#7040,#5084,#5085);
#4080=AXIS2_PLACEMENT_3D('',#7042,#5086,#5087);
#4081=AXIS2_PLACEMENT_3D('',#7043,#5088,#5089);
#4082=AXIS2_PLACEMENT_3D('',#7044,#5090,#5091);
#4083=AXIS2_PLACEMENT_3D('',#7046,#5093,#5094);
#4084=AXIS2_PLACEMENT_3D('',#7048,#5095,#5096);
#4085=AXIS2_PLACEMENT_3D('',#7050,#5097,#5098);
#4086=AXIS2_PLACEMENT_3D('',#7051,#5099,#5100);
#4087=AXIS2_PLACEMENT_3D('',#7052,#5101,#5102);
#4088=AXIS2_PLACEMENT_3D('',#7054,#5104,#5105);
#4089=AXIS2_PLACEMENT_3D('',#7056,#5106,#5107);
#4090=AXIS2_PLACEMENT_3D('',#7058,#5108,#5109);
#4091=AXIS2_PLACEMENT_3D('',#7059,#5110,#5111);
#4092=AXIS2_PLACEMENT_3D('',#7060,#5112,#5113);
#4093=AXIS2_PLACEMENT_3D('',#7062,#5115,#5116);
#4094=AXIS2_PLACEMENT_3D('',#7064,#5117,#5118);
#4095=AXIS2_PLACEMENT_3D('',#7066,#5119,#5120);
#4096=AXIS2_PLACEMENT_3D('',#7067,#5121,#5122);
#4097=AXIS2_PLACEMENT_3D('',#7068,#5123,#5124);
#4098=AXIS2_PLACEMENT_3D('',#7070,#5126,#5127);
#4099=AXIS2_PLACEMENT_3D('',#7072,#5128,#5129);
#4100=AXIS2_PLACEMENT_3D('',#7074,#5130,#5131);
#4101=AXIS2_PLACEMENT_3D('',#7075,#5132,#5133);
#4102=AXIS2_PLACEMENT_3D('',#7076,#5134,#5135);
#4103=AXIS2_PLACEMENT_3D('',#7078,#5137,#5138);
#4104=AXIS2_PLACEMENT_3D('',#7080,#5139,#5140);
#4105=AXIS2_PLACEMENT_3D('',#7082,#5141,#5142);
#4106=AXIS2_PLACEMENT_3D('',#7083,#5143,#5144);
#4107=AXIS2_PLACEMENT_3D('',#7084,#5145,#5146);
#4108=AXIS2_PLACEMENT_3D('',#7086,#5148,#5149);
#4109=AXIS2_PLACEMENT_3D('',#7088,#5150,#5151);
#4110=AXIS2_PLACEMENT_3D('',#7090,#5152,#5153);
#4111=AXIS2_PLACEMENT_3D('',#7091,#5154,#5155);
#4112=AXIS2_PLACEMENT_3D('',#7092,#5156,#5157);
#4113=AXIS2_PLACEMENT_3D('',#7094,#5159,#5160);
#4114=AXIS2_PLACEMENT_3D('',#7096,#5161,#5162);
#4115=AXIS2_PLACEMENT_3D('',#7098,#5163,#5164);
#4116=AXIS2_PLACEMENT_3D('',#7099,#5165,#5166);
#4117=AXIS2_PLACEMENT_3D('',#7100,#5167,#5168);
#4118=AXIS2_PLACEMENT_3D('',#7102,#5170,#5171);
#4119=AXIS2_PLACEMENT_3D('',#7104,#5172,#5173);
#4120=AXIS2_PLACEMENT_3D('',#7106,#5174,#5175);
#4121=AXIS2_PLACEMENT_3D('',#7107,#5176,#5177);
#4122=AXIS2_PLACEMENT_3D('',#7108,#5178,#5179);
#4123=AXIS2_PLACEMENT_3D('',#7110,#5181,#5182);
#4124=AXIS2_PLACEMENT_3D('',#7112,#5183,#5184);
#4125=AXIS2_PLACEMENT_3D('',#7114,#5185,#5186);
#4126=AXIS2_PLACEMENT_3D('',#7115,#5187,#5188);
#4127=AXIS2_PLACEMENT_3D('',#7116,#5189,#5190);
#4128=AXIS2_PLACEMENT_3D('',#7118,#5192,#5193);
#4129=AXIS2_PLACEMENT_3D('',#7120,#5194,#5195);
#4130=AXIS2_PLACEMENT_3D('',#7122,#5196,#5197);
#4131=AXIS2_PLACEMENT_3D('',#7123,#5198,#5199);
#4132=AXIS2_PLACEMENT_3D('',#7124,#5200,#5201);
#4133=AXIS2_PLACEMENT_3D('',#7126,#5203,#5204);
#4134=AXIS2_PLACEMENT_3D('',#7128,#5205,#5206);
#4135=AXIS2_PLACEMENT_3D('',#7130,#5207,#5208);
#4136=AXIS2_PLACEMENT_3D('',#7131,#5209,#5210);
#4137=AXIS2_PLACEMENT_3D('',#7132,#5211,#5212);
#4138=AXIS2_PLACEMENT_3D('',#7134,#5214,#5215);
#4139=AXIS2_PLACEMENT_3D('',#7136,#5216,#5217);
#4140=AXIS2_PLACEMENT_3D('',#7138,#5218,#5219);
#4141=AXIS2_PLACEMENT_3D('',#7139,#5220,#5221);
#4142=AXIS2_PLACEMENT_3D('',#7140,#5222,#5223);
#4143=AXIS2_PLACEMENT_3D('',#7142,#5225,#5226);
#4144=AXIS2_PLACEMENT_3D('',#7144,#5227,#5228);
#4145=AXIS2_PLACEMENT_3D('',#7146,#5229,#5230);
#4146=AXIS2_PLACEMENT_3D('',#7147,#5231,#5232);
#4147=AXIS2_PLACEMENT_3D('',#7148,#5233,#5234);
#4148=AXIS2_PLACEMENT_3D('',#7150,#5236,#5237);
#4149=AXIS2_PLACEMENT_3D('',#7152,#5238,#5239);
#4150=AXIS2_PLACEMENT_3D('',#7154,#5240,#5241);
#4151=AXIS2_PLACEMENT_3D('',#7155,#5242,#5243);
#4152=AXIS2_PLACEMENT_3D('',#7156,#5244,#5245);
#4153=AXIS2_PLACEMENT_3D('',#7158,#5247,#5248);
#4154=AXIS2_PLACEMENT_3D('',#7160,#5249,#5250);
#4155=AXIS2_PLACEMENT_3D('',#7162,#5251,#5252);
#4156=AXIS2_PLACEMENT_3D('',#7163,#5253,#5254);
#4157=AXIS2_PLACEMENT_3D('',#7164,#5255,#5256);
#4158=AXIS2_PLACEMENT_3D('',#7166,#5258,#5259);
#4159=AXIS2_PLACEMENT_3D('',#7168,#5260,#5261);
#4160=AXIS2_PLACEMENT_3D('',#7170,#5262,#5263);
#4161=AXIS2_PLACEMENT_3D('',#7171,#5264,#5265);
#4162=AXIS2_PLACEMENT_3D('',#7172,#5266,#5267);
#4163=AXIS2_PLACEMENT_3D('',#7174,#5269,#5270);
#4164=AXIS2_PLACEMENT_3D('',#7176,#5271,#5272);
#4165=AXIS2_PLACEMENT_3D('',#7178,#5273,#5274);
#4166=AXIS2_PLACEMENT_3D('',#7179,#5275,#5276);
#4167=AXIS2_PLACEMENT_3D('',#7180,#5277,#5278);
#4168=AXIS2_PLACEMENT_3D('',#7182,#5280,#5281);
#4169=AXIS2_PLACEMENT_3D('',#7184,#5282,#5283);
#4170=AXIS2_PLACEMENT_3D('',#7186,#5284,#5285);
#4171=AXIS2_PLACEMENT_3D('',#7187,#5286,#5287);
#4172=AXIS2_PLACEMENT_3D('',#7188,#5288,#5289);
#4173=AXIS2_PLACEMENT_3D('',#7190,#5291,#5292);
#4174=AXIS2_PLACEMENT_3D('',#7192,#5293,#5294);
#4175=AXIS2_PLACEMENT_3D('',#7194,#5295,#5296);
#4176=AXIS2_PLACEMENT_3D('',#7195,#5297,#5298);
#4177=AXIS2_PLACEMENT_3D('',#7196,#5299,#5300);
#4178=AXIS2_PLACEMENT_3D('',#7198,#5302,#5303);
#4179=AXIS2_PLACEMENT_3D('',#7200,#5304,#5305);
#4180=AXIS2_PLACEMENT_3D('',#7202,#5306,#5307);
#4181=AXIS2_PLACEMENT_3D('',#7203,#5308,#5309);
#4182=AXIS2_PLACEMENT_3D('',#7204,#5310,#5311);
#4183=AXIS2_PLACEMENT_3D('',#7206,#5313,#5314);
#4184=AXIS2_PLACEMENT_3D('',#7208,#5315,#5316);
#4185=AXIS2_PLACEMENT_3D('',#7210,#5317,#5318);
#4186=AXIS2_PLACEMENT_3D('',#7211,#5319,#5320);
#4187=AXIS2_PLACEMENT_3D('',#7212,#5321,#5322);
#4188=AXIS2_PLACEMENT_3D('',#7214,#5324,#5325);
#4189=AXIS2_PLACEMENT_3D('',#7216,#5326,#5327);
#4190=AXIS2_PLACEMENT_3D('',#7218,#5328,#5329);
#4191=AXIS2_PLACEMENT_3D('',#7219,#5330,#5331);
#4192=AXIS2_PLACEMENT_3D('',#7220,#5332,#5333);
#4193=AXIS2_PLACEMENT_3D('',#7259,#5336,#5337);
#4194=AXIS2_PLACEMENT_3D('',#7260,#5338,#5339);
#4195=AXIS2_PLACEMENT_3D('',#7261,#5340,#5341);
#4196=AXIS2_PLACEMENT_3D('',#7270,#5346,#5347);
#4197=AXIS2_PLACEMENT_3D('',#7276,#5351,#5352);
#4198=AXIS2_PLACEMENT_3D('',#7282,#5356,#5357);
#4199=AXIS2_PLACEMENT_3D('',#7285,#5360,#5361);
#4200=AXIS2_PLACEMENT_3D('',#7286,#5362,#5363);
#4201=AXIS2_PLACEMENT_3D('',#7287,#5364,#5365);
#4202=AXIS2_PLACEMENT_3D('',#7360,#5368,#5369);
#4203=AXIS2_PLACEMENT_3D('',#7361,#5370,#5371);
#4204=AXIS2_PLACEMENT_3D('',#7362,#5372,#5373);
#4205=AXIS2_PLACEMENT_3D('',#7363,#5374,#5375);
#4206=AXIS2_PLACEMENT_3D('',#7364,#5376,#5377);
#4207=AXIS2_PLACEMENT_3D('',#7365,#5378,#5379);
#4208=AXIS2_PLACEMENT_3D('',#7438,#5382,#5383);
#4209=AXIS2_PLACEMENT_3D('',#7439,#5384,#5385);
#4210=AXIS2_PLACEMENT_3D('',#7440,#5386,#5387);
#4211=AXIS2_PLACEMENT_3D('',#7441,#5388,#5389);
#4212=AXIS2_PLACEMENT_3D('',#7442,#5390,#5391);
#4213=AXIS2_PLACEMENT_3D('',#7443,#5392,#5393);
#4214=AXIS2_PLACEMENT_3D('',#7444,#5394,#5395);
#4215=AXIS2_PLACEMENT_3D('',#7445,#5396,#5397);
#4216=AXIS2_PLACEMENT_3D('',#7446,#5398,#5399);
#4217=AXIS2_PLACEMENT_3D('',#7447,#5400,#5401);
#4218=AXIS2_PLACEMENT_3D('',#7448,#5402,#5403);
#4219=DIRECTION('axis',(0.,0.,1.));
#4220=DIRECTION('refdir',(1.,0.,0.));
#4221=DIRECTION('axis',(0.,0.,1.));
#4222=DIRECTION('refdir',(1.,0.,0.));
#4223=DIRECTION('center_axis',(1.,0.,0.));
#4224=DIRECTION('ref_axis',(0.,1.,0.));
#4225=DIRECTION('center_axis',(-1.,0.,0.));
#4226=DIRECTION('ref_axis',(0.,-1.,0.));
#4227=DIRECTION('center_axis',(0.,1.22464679914736E-16,-1.));
#4228=DIRECTION('ref_axis',(0.,-1.,-1.22464679914736E-16));
#4229=DIRECTION('center_axis',(-1.,0.,0.));
#4230=DIRECTION('ref_axis',(0.,-1.,0.));
#4231=DIRECTION('center_axis',(-1.,0.,0.));
#4232=DIRECTION('ref_axis',(0.,-1.,0.));
#4233=DIRECTION('',(1.,0.,0.));
#4234=DIRECTION('center_axis',(-1.,0.,0.));
#4235=DIRECTION('ref_axis',(0.,-1.,0.));
#4236=DIRECTION('center_axis',(1.,0.,0.));
#4237=DIRECTION('ref_axis',(0.,1.,0.));
#4238=DIRECTION('center_axis',(-1.,0.,0.));
#4239=DIRECTION('ref_axis',(0.,-1.,0.));
#4240=DIRECTION('center_axis',(0.,1.22464679914736E-16,-1.));
#4241=DIRECTION('ref_axis',(0.,-1.,-1.22464679914736E-16));
#4242=DIRECTION('center_axis',(-1.,0.,0.));
#4243=DIRECTION('ref_axis',(0.,-1.,0.));
#4244=DIRECTION('center_axis',(-1.,0.,0.));
#4245=DIRECTION('ref_axis',(0.,-1.,0.));
#4246=DIRECTION('',(1.,0.,0.));
#4247=DIRECTION('center_axis',(-1.,0.,0.));
#4248=DIRECTION('ref_axis',(0.,-1.,0.));
#4249=DIRECTION('center_axis',(1.,0.,0.));
#4250=DIRECTION('ref_axis',(0.,1.,0.));
#4251=DIRECTION('center_axis',(-1.,0.,0.));
#4252=DIRECTION('ref_axis',(0.,-1.,0.));
#4253=DIRECTION('center_axis',(0.,1.22464679914736E-16,-1.));
#4254=DIRECTION('ref_axis',(0.,-1.,-1.22464679914736E-16));
#4255=DIRECTION('center_axis',(-1.,0.,0.));
#4256=DIRECTION('ref_axis',(0.,-1.,0.));
#4257=DIRECTION('center_axis',(-1.,0.,0.));
#4258=DIRECTION('ref_axis',(0.,-1.,0.));
#4259=DIRECTION('',(1.,0.,0.));
#4260=DIRECTION('center_axis',(-1.,0.,0.));
#4261=DIRECTION('ref_axis',(0.,-1.,0.));
#4262=DIRECTION('center_axis',(1.,0.,0.));
#4263=DIRECTION('ref_axis',(0.,1.,0.));
#4264=DIRECTION('center_axis',(-1.,0.,0.));
#4265=DIRECTION('ref_axis',(0.,-1.,0.));
#4266=DIRECTION('center_axis',(0.,1.22464679914736E-16,-1.));
#4267=DIRECTION('ref_axis',(0.,-1.,-1.22464679914736E-16));
#4268=DIRECTION('center_axis',(-1.,0.,0.));
#4269=DIRECTION('ref_axis',(0.,-1.,0.));
#4270=DIRECTION('center_axis',(-1.,0.,0.));
#4271=DIRECTION('ref_axis',(0.,-1.,0.));
#4272=DIRECTION('',(1.,0.,0.));
#4273=DIRECTION('center_axis',(-1.,0.,0.));
#4274=DIRECTION('ref_axis',(0.,-1.,0.));
#4275=DIRECTION('center_axis',(-1.,0.,0.));
#4276=DIRECTION('ref_axis',(0.,-1.,0.));
#4277=DIRECTION('center_axis',(1.,0.,0.));
#4278=DIRECTION('ref_axis',(0.,0.,1.));
#4279=DIRECTION('',(0.,1.,2.52037008995495E-16));
#4280=DIRECTION('',(0.,0.,-1.));
#4281=DIRECTION('',(0.,-1.,2.52037008995495E-16));
#4282=DIRECTION('center_axis',(0.,-2.52037008995495E-16,-1.));
#4283=DIRECTION('ref_axis',(0.,-1.,2.52037008995495E-16));
#4284=DIRECTION('',(-1.,0.,0.));
#4285=DIRECTION('',(0.,-1.,2.52037008995495E-16));
#4286=DIRECTION('',(-1.,0.,0.));
#4287=DIRECTION('center_axis',(0.,1.,0.));
#4288=DIRECTION('ref_axis',(0.,0.,-1.));
#4289=DIRECTION('',(-1.,0.,0.));
#4290=DIRECTION('',(0.,0.,-1.));
#4291=DIRECTION('center_axis',(-1.,0.,0.));
#4292=DIRECTION('ref_axis',(0.,0.,-1.));
#4293=DIRECTION('center_axis',(1.,0.,0.));
#4294=DIRECTION('ref_axis',(0.,0.,-1.));
#4295=DIRECTION('',(1.,0.,0.));
#4296=DIRECTION('center_axis',(-1.,0.,0.));
#4297=DIRECTION('ref_axis',(0.,0.,-1.));
#4298=DIRECTION('',(-1.,0.,0.));
#4299=DIRECTION('center_axis',(0.,0.,-1.));
#4300=DIRECTION('ref_axis',(0.,-1.,0.));
#4301=DIRECTION('',(0.,1.,0.));
#4302=DIRECTION('',(0.,-1.,0.));
#4303=DIRECTION('',(-1.,0.,0.));
#4304=DIRECTION('center_axis',(0.,0.,-1.));
#4305=DIRECTION('ref_axis',(0.,-1.,0.));
#4306=DIRECTION('',(0.,1.,0.));
#4307=DIRECTION('',(-1.,0.,0.));
#4308=DIRECTION('',(0.,1.,0.));
#4309=DIRECTION('',(-1.,0.,0.));
#4310=DIRECTION('center_axis',(0.,0.,1.));
#4311=DIRECTION('ref_axis',(0.,1.,0.));
#4312=DIRECTION('',(0.,-1.,0.));
#4313=DIRECTION('',(1.,0.,0.));
#4314=DIRECTION('',(0.,-1.,0.));
#4315=DIRECTION('',(-1.,0.,0.));
#4316=DIRECTION('center_axis',(0.,0.,1.));
#4317=DIRECTION('ref_axis',(0.,1.,0.));
#4318=DIRECTION('',(0.,-1.,0.));
#4319=DIRECTION('',(-1.,0.,0.));
#4320=DIRECTION('',(0.,1.,0.));
#4321=DIRECTION('center_axis',(-1.,0.,0.));
#4322=DIRECTION('ref_axis',(0.,0.,1.));
#4323=DIRECTION('center_axis',(1.,0.,0.));
#4324=DIRECTION('ref_axis',(0.,0.,1.));
#4325=DIRECTION('center_axis',(-1.,0.,0.));
#4326=DIRECTION('ref_axis',(0.,0.,1.));
#4327=DIRECTION('center_axis',(-1.,0.,0.));
#4328=DIRECTION('ref_axis',(0.,0.,1.));
#4329=DIRECTION('center_axis',(1.,0.,0.));
#4330=DIRECTION('ref_axis',(0.,0.,1.));
#4331=DIRECTION('center_axis',(1.,0.,0.));
#4332=DIRECTION('ref_axis',(0.,0.,1.));
#4333=DIRECTION('center_axis',(-1.,0.,0.));
#4334=DIRECTION('ref_axis',(0.,-1.,0.));
#4335=DIRECTION('center_axis',(1.,0.,0.));
#4336=DIRECTION('ref_axis',(0.,0.,-1.));
#4337=DIRECTION('center_axis',(0.,-2.52037008995495E-16,1.));
#4338=DIRECTION('ref_axis',(0.,1.,2.52037008995495E-16));
#4339=DIRECTION('',(1.,0.,0.));
#4340=DIRECTION('',(0.,1.,2.52037008995495E-16));
#4341=DIRECTION('center_axis',(-1.,0.,0.));
#4342=DIRECTION('ref_axis',(0.,0.,1.));
#4343=DIRECTION('center_axis',(1.,0.,0.));
#4344=DIRECTION('ref_axis',(0.,0.,1.));
#4345=DIRECTION('center_axis',(-1.,0.,0.));
#4346=DIRECTION('ref_axis',(0.,0.,-1.));
#4347=DIRECTION('center_axis',(1.,0.,0.));
#4348=DIRECTION('ref_axis',(0.,0.,-1.));
#4349=DIRECTION('center_axis',(-1.,0.,0.));
#4350=DIRECTION('ref_axis',(0.,-1.,0.));
#4351=DIRECTION('center_axis',(0.,0.,1.));
#4352=DIRECTION('ref_axis',(0.,1.,0.));
#4353=DIRECTION('',(0.,1.,0.));
#4354=DIRECTION('',(-1.,0.,0.));
#4355=DIRECTION('',(0.,1.,0.));
#4356=DIRECTION('',(-1.,0.,0.));
#4357=DIRECTION('center_axis',(-1.,0.,0.));
#4358=DIRECTION('ref_axis',(0.,0.,-1.));
#4359=DIRECTION('center_axis',(-1.,0.,0.));
#4360=DIRECTION('ref_axis',(0.,0.,-1.));
#4361=DIRECTION('center_axis',(-1.,0.,0.));
#4362=DIRECTION('ref_axis',(0.,0.,-1.));
#4363=DIRECTION('',(-1.,0.,0.));
#4364=DIRECTION('center_axis',(0.,0.,-1.));
#4365=DIRECTION('ref_axis',(0.,-1.,0.));
#4366=DIRECTION('',(0.,-1.,0.));
#4367=DIRECTION('',(0.,-1.,0.));
#4368=DIRECTION('',(-1.,0.,0.));
#4369=DIRECTION('center_axis',(-1.,0.,0.));
#4370=DIRECTION('ref_axis',(0.,0.,1.));
#4371=DIRECTION('center_axis',(-1.,0.,0.));
#4372=DIRECTION('ref_axis',(0.,0.,1.));
#4373=DIRECTION('center_axis',(-1.,0.,0.));
#4374=DIRECTION('ref_axis',(0.,0.,1.));
#4375=DIRECTION('center_axis',(-1.,0.,0.));
#4376=DIRECTION('ref_axis',(0.,-1.,0.));
#4377=DIRECTION('center_axis',(-1.,0.,0.));
#4378=DIRECTION('ref_axis',(0.,-1.,0.));
#4379=DIRECTION('axis',(0.,0.,1.));
#4380=DIRECTION('refdir',(1.,0.,0.));
#4381=DIRECTION('center_axis',(1.,0.,0.));
#4382=DIRECTION('ref_axis',(0.,4.34435096592453E-16,1.));
#4383=DIRECTION('center_axis',(1.,0.,0.));
#4384=DIRECTION('ref_axis',(0.,0.920261325587683,-0.391304347826089));
#4385=DIRECTION('',(1.,0.,0.));
#4386=DIRECTION('center_axis',(1.,0.,0.));
#4387=DIRECTION('ref_axis',(0.,0.920261325587683,-0.391304347826089));
#4388=DIRECTION('',(1.,0.,0.));
#4389=DIRECTION('center_axis',(1.,0.,0.));
#4390=DIRECTION('ref_axis',(0.,1.,0.));
#4391=DIRECTION('center_axis',(1.,0.,0.));
#4392=DIRECTION('ref_axis',(0.,1.,0.));
#4393=DIRECTION('center_axis',(1.,0.,0.));
#4394=DIRECTION('ref_axis',(0.,3.86164530304404E-16,-1.));
#4395=DIRECTION('center_axis',(1.,0.,0.));
#4396=DIRECTION('ref_axis',(0.,-0.920261325587683,0.391304347826088));
#4397=DIRECTION('',(1.,0.,0.));
#4398=DIRECTION('center_axis',(1.,0.,0.));
#4399=DIRECTION('ref_axis',(0.,-0.920261325587683,0.391304347826088));
#4400=DIRECTION('',(1.,0.,0.));
#4401=DIRECTION('center_axis',(1.,0.,0.));
#4402=DIRECTION('ref_axis',(0.,1.,0.));
#4403=DIRECTION('center_axis',(1.,0.,0.));
#4404=DIRECTION('ref_axis',(0.,1.,0.));
#4405=DIRECTION('',(1.,0.,0.));
#4406=DIRECTION('',(1.,0.,0.));
#4407=DIRECTION('',(1.,0.,0.));
#4408=DIRECTION('',(1.,0.,0.));
#4409=DIRECTION('center_axis',(0.,0.,1.));
#4410=DIRECTION('ref_axis',(0.,1.,0.));
#4411=DIRECTION('',(0.,1.,0.));
#4412=DIRECTION('',(-1.,0.,0.));
#4413=DIRECTION('',(0.,1.,0.));
#4414=DIRECTION('',(-1.,0.,0.));
#4415=DIRECTION('center_axis',(-1.,0.,0.));
#4416=DIRECTION('ref_axis',(0.,0.,-1.));
#4417=DIRECTION('center_axis',(-1.,0.,0.));
#4418=DIRECTION('ref_axis',(0.,0.,-1.));
#4419=DIRECTION('',(-1.,0.,0.));
#4420=DIRECTION('center_axis',(-1.,0.,0.));
#4421=DIRECTION('ref_axis',(0.,0.,-1.));
#4422=DIRECTION('center_axis',(0.,0.,-1.));
#4423=DIRECTION('ref_axis',(0.,-1.,0.));
#4424=DIRECTION('',(0.,-1.,0.));
#4425=DIRECTION('',(-1.,0.,0.));
#4426=DIRECTION('',(0.,-1.,0.));
#4427=DIRECTION('center_axis',(-1.,0.,0.));
#4428=DIRECTION('ref_axis',(0.,0.,1.));
#4429=DIRECTION('center_axis',(-1.,0.,0.));
#4430=DIRECTION('ref_axis',(0.,0.,1.));
#4431=DIRECTION('center_axis',(-1.,0.,0.));
#4432=DIRECTION('ref_axis',(0.,0.,1.));
#4433=DIRECTION('center_axis',(-1.,0.,0.));
#4434=DIRECTION('ref_axis',(0.,-1.,0.));
#4435=DIRECTION('',(0.,-1.,0.));
#4436=DIRECTION('center_axis',(1.,0.,0.));
#4437=DIRECTION('ref_axis',(0.,0.,-1.));
#4438=DIRECTION('',(0.,1.,0.));
#4439=DIRECTION('center_axis',(1.,0.,0.));
#4440=DIRECTION('ref_axis',(0.,0.,1.));
#4441=DIRECTION('center_axis',(-1.,0.,0.));
#4442=DIRECTION('ref_axis',(0.,-1.,0.));
#4443=DIRECTION('',(0.,1.,0.));
#4444=DIRECTION('center_axis',(-1.,0.,0.));
#4445=DIRECTION('ref_axis',(0.,0.,1.));
#4446=DIRECTION('',(0.,-1.,0.));
#4447=DIRECTION('center_axis',(-1.,0.,0.));
#4448=DIRECTION('ref_axis',(0.,0.,-1.));
#4449=DIRECTION('center_axis',(1.,0.,0.));
#4450=DIRECTION('ref_axis',(0.,0.,1.));
#4451=DIRECTION('',(1.,0.,0.));
#4452=DIRECTION('center_axis',(-1.,0.,0.));
#4453=DIRECTION('ref_axis',(0.,0.,1.));
#4454=DIRECTION('',(1.,0.,0.));
#4455=DIRECTION('center_axis',(1.,0.,0.));
#4456=DIRECTION('ref_axis',(0.,0.,1.));
#4457=DIRECTION('',(1.,0.,0.));
#4458=DIRECTION('center_axis',(-1.,0.,0.));
#4459=DIRECTION('ref_axis',(0.,0.,1.));
#4460=DIRECTION('',(1.,0.,0.));
#4461=DIRECTION('center_axis',(0.,0.,1.));
#4462=DIRECTION('ref_axis',(0.,-1.,0.));
#4463=DIRECTION('',(1.,0.,0.));
#4464=DIRECTION('',(0.,-1.,0.));
#4465=DIRECTION('center_axis',(1.,0.,0.));
#4466=DIRECTION('ref_axis',(0.,0.,-1.));
#4467=DIRECTION('',(1.,0.,0.));
#4468=DIRECTION('center_axis',(-1.,0.,0.));
#4469=DIRECTION('ref_axis',(0.,0.,-1.));
#4470=DIRECTION('center_axis',(0.,0.,-1.));
#4471=DIRECTION('ref_axis',(0.,1.,0.));
#4472=DIRECTION('',(0.,1.,0.));
#4473=DIRECTION('center_axis',(0.,0.,-1.));
#4474=DIRECTION('ref_axis',(0.,1.,0.));
#4475=DIRECTION('',(1.,0.,0.));
#4476=DIRECTION('',(0.,1.,0.));
#4477=DIRECTION('center_axis',(0.,0.,1.));
#4478=DIRECTION('ref_axis',(0.,-1.,0.));
#4479=DIRECTION('',(0.,-1.,0.));
#4480=DIRECTION('',(1.,0.,0.));
#4481=DIRECTION('center_axis',(1.,0.,0.));
#4482=DIRECTION('ref_axis',(0.,0.,-1.));
#4483=DIRECTION('center_axis',(-1.,0.,0.));
#4484=DIRECTION('ref_axis',(0.,0.,-1.));
#4485=DIRECTION('',(1.,0.,0.));
#4486=DIRECTION('',(1.,0.,0.));
#4487=DIRECTION('center_axis',(0.,0.,1.));
#4488=DIRECTION('ref_axis',(0.,-1.,0.));
#4489=DIRECTION('',(0.,1.,0.));
#4490=DIRECTION('',(0.,-1.,0.));
#4491=DIRECTION('',(1.,0.,0.));
#4492=DIRECTION('center_axis',(1.,0.,0.));
#4493=DIRECTION('ref_axis',(0.,0.,-1.));
#4494=DIRECTION('center_axis',(1.,0.,0.));
#4495=DIRECTION('ref_axis',(0.,0.,-1.));
#4496=DIRECTION('center_axis',(1.,0.,0.));
#4497=DIRECTION('ref_axis',(0.,0.,-1.));
#4498=DIRECTION('',(1.,0.,0.));
#4499=DIRECTION('center_axis',(0.,0.,-1.));
#4500=DIRECTION('ref_axis',(0.,1.,0.));
#4501=DIRECTION('',(0.,-1.,0.));
#4502=DIRECTION('',(0.,1.,0.));
#4503=DIRECTION('',(1.,0.,0.));
#4504=DIRECTION('',(1.,0.,0.));
#4505=DIRECTION('center_axis',(0.,0.,-1.));
#4506=DIRECTION('ref_axis',(0.,1.,0.));
#4507=DIRECTION('',(0.,-1.,0.));
#4508=DIRECTION('',(0.,1.,0.));
#4509=DIRECTION('',(1.,0.,0.));
#4510=DIRECTION('center_axis',(1.,0.,0.));
#4511=DIRECTION('ref_axis',(0.,0.,1.));
#4512=DIRECTION('center_axis',(1.,0.,0.));
#4513=DIRECTION('ref_axis',(0.,0.,1.));
#4514=DIRECTION('center_axis',(1.,0.,0.));
#4515=DIRECTION('ref_axis',(0.,0.,1.));
#4516=DIRECTION('',(1.,0.,0.));
#4517=DIRECTION('center_axis',(0.,0.,1.));
#4518=DIRECTION('ref_axis',(0.,-1.,0.));
#4519=DIRECTION('',(0.,-1.,0.));
#4520=DIRECTION('',(0.,-1.,0.));
#4521=DIRECTION('center_axis',(1.,0.,0.));
#4522=DIRECTION('ref_axis',(0.,1.,0.));
#4523=DIRECTION('center_axis',(1.,0.,0.));
#4524=DIRECTION('ref_axis',(0.,1.,0.));
#4525=DIRECTION('axis',(0.,0.,1.));
#4526=DIRECTION('refdir',(1.,0.,0.));
#4527=DIRECTION('center_axis',(0.,0.,1.));
#4528=DIRECTION('ref_axis',(0.,-1.,0.));
#4529=DIRECTION('',(0.,-1.,0.));
#4530=DIRECTION('',(-1.,0.,0.));
#4531=DIRECTION('',(0.,1.,0.));
#4532=DIRECTION('',(1.,0.,0.));
#4533=DIRECTION('',(0.,-1.,0.));
#4534=DIRECTION('',(1.,0.,0.));
#4535=DIRECTION('',(0.,-1.,0.));
#4536=DIRECTION('',(1.,0.,0.));
#4537=DIRECTION('',(0.,1.,0.));
#4538=DIRECTION('',(1.,0.,0.));
#4539=DIRECTION('',(0.,-1.,0.));
#4540=DIRECTION('',(1.,0.,0.));
#4541=DIRECTION('center_axis',(1.,0.,0.));
#4542=DIRECTION('ref_axis',(0.,0.,-1.));
#4543=DIRECTION('center_axis',(1.,0.,0.));
#4544=DIRECTION('ref_axis',(0.,0.,-1.));
#4545=DIRECTION('',(1.,0.,0.));
#4546=DIRECTION('center_axis',(-1.,0.,0.));
#4547=DIRECTION('ref_axis',(0.,0.,-1.));
#4548=DIRECTION('center_axis',(1.,0.,0.));
#4549=DIRECTION('ref_axis',(0.,1.,0.));
#4550=DIRECTION('center_axis',(-1.,0.,0.));
#4551=DIRECTION('ref_axis',(0.,1.,0.));
#4552=DIRECTION('center_axis',(1.,0.,0.));
#4553=DIRECTION('ref_axis',(0.,1.,0.));
#4554=DIRECTION('',(0.,-1.,0.));
#4555=DIRECTION('center_axis',(-1.,0.,0.));
#4556=DIRECTION('ref_axis',(0.,1.,0.));
#4557=DIRECTION('center_axis',(0.,0.,-1.));
#4558=DIRECTION('ref_axis',(0.,1.,0.));
#4559=DIRECTION('',(0.,-1.,0.));
#4560=DIRECTION('',(-1.,0.,0.));
#4561=DIRECTION('',(0.,1.,0.));
#4562=DIRECTION('',(1.,0.,0.));
#4563=DIRECTION('',(0.,1.,0.));
#4564=DIRECTION('',(1.,0.,0.));
#4565=DIRECTION('',(0.,1.,0.));
#4566=DIRECTION('',(0.,1.,0.));
#4567=DIRECTION('',(-1.,0.,0.));
#4568=DIRECTION('',(1.,0.,0.));
#4569=DIRECTION('center_axis',(1.,0.,0.));
#4570=DIRECTION('ref_axis',(0.,1.,0.));
#4571=DIRECTION('center_axis',(1.,0.,0.));
#4572=DIRECTION('ref_axis',(0.,1.,0.));
#4573=DIRECTION('center_axis',(-1.,0.,0.));
#4574=DIRECTION('ref_axis',(0.,0.,1.));
#4575=DIRECTION('center_axis',(0.,-1.,0.));
#4576=DIRECTION('ref_axis',(0.,0.,-1.));
#4577=DIRECTION('center_axis',(-1.,0.,0.));
#4578=DIRECTION('ref_axis',(0.,0.,1.));
#4579=DIRECTION('center_axis',(0.,-1.,0.));
#4580=DIRECTION('ref_axis',(1.,0.,0.));
#4581=DIRECTION('center_axis',(-1.,0.,0.));
#4582=DIRECTION('ref_axis',(0.,0.,1.));
#4583=DIRECTION('center_axis',(-1.,0.,0.));
#4584=DIRECTION('ref_axis',(0.,0.,1.));
#4585=DIRECTION('center_axis',(0.,1.,0.));
#4586=DIRECTION('ref_axis',(0.,0.,1.));
#4587=DIRECTION('center_axis',(-1.,0.,0.));
#4588=DIRECTION('ref_axis',(0.,0.,-1.));
#4589=DIRECTION('center_axis',(0.,1.,0.));
#4590=DIRECTION('ref_axis',(1.,0.,0.));
#4591=DIRECTION('center_axis',(0.,1.,0.));
#4592=DIRECTION('ref_axis',(0.707106781186544,0.,0.707106781186551));
#4593=DIRECTION('',(0.,1.,0.));
#4594=DIRECTION('center_axis',(0.,-1.,0.));
#4595=DIRECTION('ref_axis',(0.707106781186544,0.,-0.707106781186551));
#4596=DIRECTION('',(0.,-1.,0.));
#4597=DIRECTION('center_axis',(1.,0.,0.));
#4598=DIRECTION('ref_axis',(0.,0.,1.));
#4599=DIRECTION('center_axis',(1.,0.,0.));
#4600=DIRECTION('ref_axis',(0.,0.,1.));
#4601=DIRECTION('center_axis',(1.,0.,0.));
#4602=DIRECTION('ref_axis',(0.,0.,1.));
#4603=DIRECTION('',(-1.,0.,0.));
#4604=DIRECTION('center_axis',(1.,0.,0.));
#4605=DIRECTION('ref_axis',(0.,0.,1.));
#4606=DIRECTION('',(1.,0.,0.));
#4607=DIRECTION('center_axis',(0.,0.,1.));
#4608=DIRECTION('ref_axis',(0.,-1.,0.));
#4609=DIRECTION('',(0.,-1.,0.));
#4610=DIRECTION('',(1.,0.,0.));
#4611=DIRECTION('center_axis',(1.,0.,0.));
#4612=DIRECTION('ref_axis',(0.,0.,-1.));
#4613=DIRECTION('center_axis',(1.,0.,0.));
#4614=DIRECTION('ref_axis',(0.,0.,-1.));
#4615=DIRECTION('',(1.,0.,0.));
#4616=DIRECTION('center_axis',(0.,0.,-1.));
#4617=DIRECTION('ref_axis',(0.,1.,0.));
#4618=DIRECTION('',(0.,1.,0.));
#4619=DIRECTION('center_axis',(1.,0.,0.));
#4620=DIRECTION('ref_axis',(0.,1.,0.));
#4621=DIRECTION('',(0.,1.,0.));
#4622=DIRECTION('center_axis',(1.,0.,0.));
#4623=DIRECTION('ref_axis',(0.,0.,1.));
#4624=DIRECTION('',(0.,-1.,0.));
#4625=DIRECTION('',(0.,-1.,0.));
#4626=DIRECTION('center_axis',(1.,0.,0.));
#4627=DIRECTION('ref_axis',(0.,0.,-1.));
#4628=DIRECTION('',(0.,1.,0.));
#4629=DIRECTION('center_axis',(0.,0.,-1.));
#4630=DIRECTION('ref_axis',(0.,1.,0.));
#4631=DIRECTION('',(1.,0.,0.));
#4632=DIRECTION('',(0.,1.,0.));
#4633=DIRECTION('',(1.,0.,0.));
#4634=DIRECTION('',(1.,0.,0.));
#4635=DIRECTION('center_axis',(-1.,0.,0.));
#4636=DIRECTION('ref_axis',(0.,1.,0.));
#4637=DIRECTION('center_axis',(-1.,0.,0.));
#4638=DIRECTION('ref_axis',(0.,1.,0.));
#4639=DIRECTION('',(-1.,0.,0.));
#4640=DIRECTION('center_axis',(1.,0.,0.));
#4641=DIRECTION('ref_axis',(0.,1.,0.));
#4642=DIRECTION('center_axis',(1.,0.,0.));
#4643=DIRECTION('ref_axis',(0.,1.,0.));
#4644=DIRECTION('center_axis',(-1.,0.,0.));
#4645=DIRECTION('ref_axis',(0.,1.,0.));
#4646=DIRECTION('center_axis',(0.,0.,-1.));
#4647=DIRECTION('ref_axis',(0.,1.,0.));
#4648=DIRECTION('',(1.,0.,0.));
#4649=DIRECTION('',(0.,1.,0.));
#4650=DIRECTION('center_axis',(1.,0.,0.));
#4651=DIRECTION('ref_axis',(0.,1.,0.));
#4652=DIRECTION('center_axis',(1.,0.,0.));
#4653=DIRECTION('ref_axis',(0.,1.,0.));
#4654=DIRECTION('center_axis',(1.,0.,0.));
#4655=DIRECTION('ref_axis',(0.,1.,0.));
#4656=DIRECTION('center_axis',(1.,0.,0.));
#4657=DIRECTION('ref_axis',(0.,1.,0.));
#4658=DIRECTION('center_axis',(1.,0.,0.));
#4659=DIRECTION('ref_axis',(0.,1.,0.));
#4660=DIRECTION('center_axis',(1.,0.,0.));
#4661=DIRECTION('ref_axis',(0.,1.,0.));
#4662=DIRECTION('center_axis',(1.,0.,0.));
#4663=DIRECTION('ref_axis',(0.,1.,0.));
#4664=DIRECTION('center_axis',(1.,0.,0.));
#4665=DIRECTION('ref_axis',(0.,1.,0.));
#4666=DIRECTION('center_axis',(1.,0.,0.));
#4667=DIRECTION('ref_axis',(0.,1.,0.));
#4668=DIRECTION('center_axis',(1.,0.,0.));
#4669=DIRECTION('ref_axis',(0.,1.,0.));
#4670=DIRECTION('center_axis',(1.,0.,0.));
#4671=DIRECTION('ref_axis',(0.,1.,0.));
#4672=DIRECTION('center_axis',(1.,0.,0.));
#4673=DIRECTION('ref_axis',(0.,1.,0.));
#4674=DIRECTION('center_axis',(1.,0.,0.));
#4675=DIRECTION('ref_axis',(0.,1.,0.));
#4676=DIRECTION('center_axis',(1.,0.,0.));
#4677=DIRECTION('ref_axis',(0.,1.,0.));
#4678=DIRECTION('center_axis',(1.,0.,0.));
#4679=DIRECTION('ref_axis',(0.,1.,0.));
#4680=DIRECTION('center_axis',(1.,0.,0.));
#4681=DIRECTION('ref_axis',(0.,1.,0.));
#4682=DIRECTION('center_axis',(1.,0.,0.));
#4683=DIRECTION('ref_axis',(0.,1.,0.));
#4684=DIRECTION('center_axis',(1.,0.,0.));
#4685=DIRECTION('ref_axis',(0.,1.,0.));
#4686=DIRECTION('center_axis',(1.,0.,0.));
#4687=DIRECTION('ref_axis',(0.,1.,0.));
#4688=DIRECTION('center_axis',(1.,0.,0.));
#4689=DIRECTION('ref_axis',(0.,1.,0.));
#4690=DIRECTION('center_axis',(1.,0.,0.));
#4691=DIRECTION('ref_axis',(0.,1.,0.));
#4692=DIRECTION('center_axis',(1.,0.,0.));
#4693=DIRECTION('ref_axis',(0.,1.,0.));
#4694=DIRECTION('center_axis',(1.,0.,0.));
#4695=DIRECTION('ref_axis',(0.,1.,0.));
#4696=DIRECTION('center_axis',(1.,0.,0.));
#4697=DIRECTION('ref_axis',(0.,1.,0.));
#4698=DIRECTION('center_axis',(1.,0.,0.));
#4699=DIRECTION('ref_axis',(0.,1.,0.));
#4700=DIRECTION('center_axis',(1.,0.,0.));
#4701=DIRECTION('ref_axis',(0.,1.,0.));
#4702=DIRECTION('center_axis',(1.,0.,0.));
#4703=DIRECTION('ref_axis',(0.,1.,0.));
#4704=DIRECTION('center_axis',(1.,0.,0.));
#4705=DIRECTION('ref_axis',(0.,1.,0.));
#4706=DIRECTION('center_axis',(1.,0.,0.));
#4707=DIRECTION('ref_axis',(0.,1.,0.));
#4708=DIRECTION('center_axis',(1.,0.,0.));
#4709=DIRECTION('ref_axis',(0.,1.,0.));
#4710=DIRECTION('center_axis',(1.,0.,0.));
#4711=DIRECTION('ref_axis',(0.,1.,0.));
#4712=DIRECTION('center_axis',(1.,0.,0.));
#4713=DIRECTION('ref_axis',(0.,1.,0.));
#4714=DIRECTION('center_axis',(1.,0.,0.));
#4715=DIRECTION('ref_axis',(0.,1.,0.));
#4716=DIRECTION('center_axis',(1.,0.,0.));
#4717=DIRECTION('ref_axis',(0.,1.,0.));
#4718=DIRECTION('center_axis',(1.,0.,0.));
#4719=DIRECTION('ref_axis',(0.,1.,0.));
#4720=DIRECTION('center_axis',(1.,0.,0.));
#4721=DIRECTION('ref_axis',(0.,1.,0.));
#4722=DIRECTION('center_axis',(1.,0.,0.));
#4723=DIRECTION('ref_axis',(0.,1.,0.));
#4724=DIRECTION('center_axis',(1.,0.,0.));
#4725=DIRECTION('ref_axis',(0.,1.,0.));
#4726=DIRECTION('center_axis',(1.,0.,0.));
#4727=DIRECTION('ref_axis',(0.,1.,0.));
#4728=DIRECTION('center_axis',(1.,0.,0.));
#4729=DIRECTION('ref_axis',(0.,1.,0.));
#4730=DIRECTION('center_axis',(1.,0.,0.));
#4731=DIRECTION('ref_axis',(0.,1.,0.));
#4732=DIRECTION('center_axis',(1.,0.,0.));
#4733=DIRECTION('ref_axis',(0.,1.,0.));
#4734=DIRECTION('center_axis',(1.,0.,0.));
#4735=DIRECTION('ref_axis',(0.,1.,0.));
#4736=DIRECTION('center_axis',(1.,0.,0.));
#4737=DIRECTION('ref_axis',(0.,1.,0.));
#4738=DIRECTION('center_axis',(1.,0.,0.));
#4739=DIRECTION('ref_axis',(0.,0.,-1.));
#4740=DIRECTION('',(1.,0.,0.));
#4741=DIRECTION('center_axis',(1.,0.,0.));
#4742=DIRECTION('ref_axis',(0.,1.,-6.12323399573677E-17));
#4743=DIRECTION('center_axis',(0.,1.,0.));
#4744=DIRECTION('ref_axis',(0.707106781186526,0.,-0.70710678118657));
#4745=DIRECTION('center_axis',(0.,-1.,0.));
#4746=DIRECTION('ref_axis',(0.,0.,-1.));
#4747=DIRECTION('',(0.,-1.,0.));
#4748=DIRECTION('center_axis',(0.,-1.,0.));
#4749=DIRECTION('ref_axis',(0.707106781186526,0.,0.70710678118657));
#4750=DIRECTION('',(0.,-1.,0.));
#4751=DIRECTION('center_axis',(0.,1.,0.));
#4752=DIRECTION('ref_axis',(0.,0.,1.));
#4753=DIRECTION('',(0.,1.,0.));
#4754=DIRECTION('center_axis',(1.,0.,0.));
#4755=DIRECTION('ref_axis',(0.,0.,-1.));
#4756=DIRECTION('center_axis',(0.,-1.,0.));
#4757=DIRECTION('ref_axis',(0.,0.,-1.));
#4758=DIRECTION('center_axis',(-1.,0.,0.));
#4759=DIRECTION('ref_axis',(0.,-1.,6.12323399573677E-17));
#4760=DIRECTION('center_axis',(1.,0.,0.));
#4761=DIRECTION('ref_axis',(0.,-1.,6.12323399573677E-17));
#4762=DIRECTION('center_axis',(0.,1.,0.));
#4763=DIRECTION('ref_axis',(0.707106781186526,0.,-0.70710678118657));
#4764=DIRECTION('',(0.,-1.,0.));
#4765=DIRECTION('center_axis',(1.,0.,0.));
#4766=DIRECTION('ref_axis',(0.,0.,-1.));
#4767=DIRECTION('center_axis',(0.,1.,0.));
#4768=DIRECTION('ref_axis',(0.,0.,1.));
#4769=DIRECTION('center_axis',(-1.,0.,0.));
#4770=DIRECTION('ref_axis',(0.,1.,-6.12323399573677E-17));
#4771=DIRECTION('center_axis',(0.,-1.,0.));
#4772=DIRECTION('ref_axis',(0.707106781186526,0.,0.70710678118657));
#4773=DIRECTION('',(0.,1.,0.));
#4774=DIRECTION('',(0.,-1.,0.));
#4775=DIRECTION('center_axis',(1.,0.,0.));
#4776=DIRECTION('ref_axis',(0.,0.,1.));
#4777=DIRECTION('',(1.,0.,0.));
#4778=DIRECTION('center_axis',(0.,0.,1.));
#4779=DIRECTION('ref_axis',(0.,-1.,0.));
#4780=DIRECTION('',(1.,0.,0.));
#4781=DIRECTION('center_axis',(1.,0.,0.));
#4782=DIRECTION('ref_axis',(0.,1.,0.));
#4783=DIRECTION('center_axis',(1.,0.,0.));
#4784=DIRECTION('ref_axis',(0.,1.,0.));
#4785=DIRECTION('center_axis',(1.,0.,0.));
#4786=DIRECTION('ref_axis',(0.,1.,0.));
#4787=DIRECTION('center_axis',(1.,0.,0.));
#4788=DIRECTION('ref_axis',(0.,1.,0.));
#4789=DIRECTION('center_axis',(1.,0.,0.));
#4790=DIRECTION('ref_axis',(0.,1.,0.));
#4791=DIRECTION('center_axis',(1.,0.,0.));
#4792=DIRECTION('ref_axis',(0.,1.,0.));
#4793=DIRECTION('center_axis',(1.,0.,0.));
#4794=DIRECTION('ref_axis',(0.,1.,0.));
#4795=DIRECTION('center_axis',(1.,0.,0.));
#4796=DIRECTION('ref_axis',(0.,1.,0.));
#4797=DIRECTION('center_axis',(1.,0.,0.));
#4798=DIRECTION('ref_axis',(0.,1.,0.));
#4799=DIRECTION('center_axis',(1.,0.,0.));
#4800=DIRECTION('ref_axis',(0.,1.,0.));
#4801=DIRECTION('center_axis',(1.,0.,0.));
#4802=DIRECTION('ref_axis',(0.,1.,0.));
#4803=DIRECTION('center_axis',(1.,0.,0.));
#4804=DIRECTION('ref_axis',(0.,1.,0.));
#4805=DIRECTION('center_axis',(1.,0.,0.));
#4806=DIRECTION('ref_axis',(0.,1.,0.));
#4807=DIRECTION('center_axis',(1.,0.,0.));
#4808=DIRECTION('ref_axis',(0.,1.,0.));
#4809=DIRECTION('center_axis',(1.,0.,0.));
#4810=DIRECTION('ref_axis',(0.,1.,0.));
#4811=DIRECTION('center_axis',(1.,0.,0.));
#4812=DIRECTION('ref_axis',(0.,1.,0.));
#4813=DIRECTION('center_axis',(1.,0.,0.));
#4814=DIRECTION('ref_axis',(0.,1.,0.));
#4815=DIRECTION('center_axis',(1.,0.,0.));
#4816=DIRECTION('ref_axis',(0.,1.,0.));
#4817=DIRECTION('center_axis',(1.,0.,0.));
#4818=DIRECTION('ref_axis',(0.,1.,0.));
#4819=DIRECTION('center_axis',(1.,0.,0.));
#4820=DIRECTION('ref_axis',(0.,1.,0.));
#4821=DIRECTION('center_axis',(1.,0.,0.));
#4822=DIRECTION('ref_axis',(0.,1.,0.));
#4823=DIRECTION('center_axis',(1.,0.,0.));
#4824=DIRECTION('ref_axis',(0.,1.,0.));
#4825=DIRECTION('center_axis',(1.,0.,0.));
#4826=DIRECTION('ref_axis',(0.,1.,0.));
#4827=DIRECTION('center_axis',(1.,0.,0.));
#4828=DIRECTION('ref_axis',(0.,1.,0.));
#4829=DIRECTION('center_axis',(1.,0.,0.));
#4830=DIRECTION('ref_axis',(0.,1.,0.));
#4831=DIRECTION('center_axis',(1.,0.,0.));
#4832=DIRECTION('ref_axis',(0.,1.,0.));
#4833=DIRECTION('center_axis',(1.,0.,0.));
#4834=DIRECTION('ref_axis',(0.,1.,0.));
#4835=DIRECTION('center_axis',(1.,0.,0.));
#4836=DIRECTION('ref_axis',(0.,1.,0.));
#4837=DIRECTION('center_axis',(1.,0.,0.));
#4838=DIRECTION('ref_axis',(0.,1.,0.));
#4839=DIRECTION('center_axis',(1.,0.,0.));
#4840=DIRECTION('ref_axis',(0.,1.,0.));
#4841=DIRECTION('center_axis',(1.,0.,0.));
#4842=DIRECTION('ref_axis',(0.,1.,0.));
#4843=DIRECTION('center_axis',(1.,0.,0.));
#4844=DIRECTION('ref_axis',(0.,1.,0.));
#4845=DIRECTION('center_axis',(1.,0.,0.));
#4846=DIRECTION('ref_axis',(0.,1.,0.));
#4847=DIRECTION('center_axis',(1.,0.,0.));
#4848=DIRECTION('ref_axis',(0.,1.,0.));
#4849=DIRECTION('center_axis',(1.,0.,0.));
#4850=DIRECTION('ref_axis',(0.,1.,0.));
#4851=DIRECTION('center_axis',(1.,0.,0.));
#4852=DIRECTION('ref_axis',(0.,1.,0.));
#4853=DIRECTION('center_axis',(1.,0.,0.));
#4854=DIRECTION('ref_axis',(0.,1.,0.));
#4855=DIRECTION('center_axis',(1.,0.,0.));
#4856=DIRECTION('ref_axis',(0.,1.,0.));
#4857=DIRECTION('center_axis',(1.,0.,0.));
#4858=DIRECTION('ref_axis',(0.,1.,0.));
#4859=DIRECTION('center_axis',(1.,0.,0.));
#4860=DIRECTION('ref_axis',(0.,1.,0.));
#4861=DIRECTION('center_axis',(1.,0.,0.));
#4862=DIRECTION('ref_axis',(0.,1.,0.));
#4863=DIRECTION('center_axis',(1.,0.,0.));
#4864=DIRECTION('ref_axis',(0.,1.,0.));
#4865=DIRECTION('center_axis',(1.,0.,0.));
#4866=DIRECTION('ref_axis',(0.,1.,0.));
#4867=DIRECTION('center_axis',(1.,0.,0.));
#4868=DIRECTION('ref_axis',(0.,1.,0.));
#4869=DIRECTION('center_axis',(-1.,0.,0.));
#4870=DIRECTION('ref_axis',(0.,0.,1.));
#4871=DIRECTION('center_axis',(0.,-1.,0.));
#4872=DIRECTION('ref_axis',(0.,0.,-1.));
#4873=DIRECTION('center_axis',(-1.,0.,0.));
#4874=DIRECTION('ref_axis',(0.,0.,1.));
#4875=DIRECTION('center_axis',(0.,-1.,0.));
#4876=DIRECTION('ref_axis',(0.,0.,-1.));
#4877=DIRECTION('center_axis',(-1.,0.,0.));
#4878=DIRECTION('ref_axis',(0.,1.,0.));
#4879=DIRECTION('center_axis',(-1.,0.,0.));
#4880=DIRECTION('ref_axis',(0.,1.,0.));
#4881=DIRECTION('center_axis',(-1.,0.,0.));
#4882=DIRECTION('ref_axis',(0.,1.,0.));
#4883=DIRECTION('',(-1.,0.,0.));
#4884=DIRECTION('center_axis',(-1.,0.,0.));
#4885=DIRECTION('ref_axis',(0.,0.,1.));
#4886=DIRECTION('center_axis',(0.,-1.,0.));
#4887=DIRECTION('ref_axis',(0.,0.,-1.));
#4888=DIRECTION('center_axis',(-1.,0.,0.));
#4889=DIRECTION('ref_axis',(0.,1.,0.));
#4890=DIRECTION('center_axis',(-1.,0.,0.));
#4891=DIRECTION('ref_axis',(0.,1.,0.));
#4892=DIRECTION('center_axis',(-1.,0.,0.));
#4893=DIRECTION('ref_axis',(0.,1.,0.));
#4894=DIRECTION('',(-1.,0.,0.));
#4895=DIRECTION('center_axis',(-1.,0.,0.));
#4896=DIRECTION('ref_axis',(0.,0.,1.));
#4897=DIRECTION('center_axis',(0.,-1.,0.));
#4898=DIRECTION('ref_axis',(0.,0.,-1.));
#4899=DIRECTION('center_axis',(-1.,0.,0.));
#4900=DIRECTION('ref_axis',(0.,1.,0.));
#4901=DIRECTION('center_axis',(-1.,0.,0.));
#4902=DIRECTION('ref_axis',(0.,1.,0.));
#4903=DIRECTION('center_axis',(-1.,0.,0.));
#4904=DIRECTION('ref_axis',(0.,1.,0.));
#4905=DIRECTION('',(-1.,0.,0.));
#4906=DIRECTION('center_axis',(-1.,0.,0.));
#4907=DIRECTION('ref_axis',(0.,0.,1.));
#4908=DIRECTION('center_axis',(0.,-1.,0.));
#4909=DIRECTION('ref_axis',(0.,0.,-1.));
#4910=DIRECTION('center_axis',(-1.,0.,0.));
#4911=DIRECTION('ref_axis',(0.,1.,0.));
#4912=DIRECTION('center_axis',(-1.,0.,0.));
#4913=DIRECTION('ref_axis',(0.,1.,0.));
#4914=DIRECTION('center_axis',(-1.,0.,0.));
#4915=DIRECTION('ref_axis',(0.,1.,0.));
#4916=DIRECTION('',(-1.,0.,0.));
#4917=DIRECTION('center_axis',(-1.,0.,0.));
#4918=DIRECTION('ref_axis',(0.,0.,1.));
#4919=DIRECTION('center_axis',(0.,-1.,0.));
#4920=DIRECTION('ref_axis',(0.,0.,-1.));
#4921=DIRECTION('center_axis',(-1.,0.,0.));
#4922=DIRECTION('ref_axis',(0.,1.,0.));
#4923=DIRECTION('center_axis',(-1.,0.,0.));
#4924=DIRECTION('ref_axis',(0.,1.,0.));
#4925=DIRECTION('center_axis',(-1.,0.,0.));
#4926=DIRECTION('ref_axis',(0.,1.,0.));
#4927=DIRECTION('',(-1.,0.,0.));
#4928=DIRECTION('center_axis',(-1.,0.,0.));
#4929=DIRECTION('ref_axis',(0.,0.,1.));
#4930=DIRECTION('center_axis',(0.,-1.,0.));
#4931=DIRECTION('ref_axis',(0.,0.,-1.));
#4932=DIRECTION('center_axis',(-1.,0.,0.));
#4933=DIRECTION('ref_axis',(0.,1.,0.));
#4934=DIRECTION('center_axis',(-1.,0.,0.));
#4935=DIRECTION('ref_axis',(0.,1.,0.));
#4936=DIRECTION('center_axis',(-1.,0.,0.));
#4937=DIRECTION('ref_axis',(0.,1.,0.));
#4938=DIRECTION('',(-1.,0.,0.));
#4939=DIRECTION('center_axis',(-1.,0.,0.));
#4940=DIRECTION('ref_axis',(0.,0.,1.));
#4941=DIRECTION('center_axis',(0.,-1.,0.));
#4942=DIRECTION('ref_axis',(0.,0.,-1.));
#4943=DIRECTION('center_axis',(-1.,0.,0.));
#4944=DIRECTION('ref_axis',(0.,1.,0.));
#4945=DIRECTION('center_axis',(-1.,0.,0.));
#4946=DIRECTION('ref_axis',(0.,1.,0.));
#4947=DIRECTION('center_axis',(-1.,0.,0.));
#4948=DIRECTION('ref_axis',(0.,1.,0.));
#4949=DIRECTION('',(-1.,0.,0.));
#4950=DIRECTION('center_axis',(-1.,0.,0.));
#4951=DIRECTION('ref_axis',(0.,0.,1.));
#4952=DIRECTION('center_axis',(0.,-1.,0.));
#4953=DIRECTION('ref_axis',(0.,0.,-1.));
#4954=DIRECTION('center_axis',(-1.,0.,0.));
#4955=DIRECTION('ref_axis',(0.,1.,0.));
#4956=DIRECTION('center_axis',(-1.,0.,0.));
#4957=DIRECTION('ref_axis',(0.,1.,0.));
#4958=DIRECTION('center_axis',(-1.,0.,0.));
#4959=DIRECTION('ref_axis',(0.,1.,0.));
#4960=DIRECTION('',(-1.,0.,0.));
#4961=DIRECTION('center_axis',(-1.,0.,0.));
#4962=DIRECTION('ref_axis',(0.,0.,1.));
#4963=DIRECTION('center_axis',(0.,-1.,0.));
#4964=DIRECTION('ref_axis',(0.,0.,-1.));
#4965=DIRECTION('center_axis',(-1.,0.,0.));
#4966=DIRECTION('ref_axis',(0.,1.,0.));
#4967=DIRECTION('center_axis',(-1.,0.,0.));
#4968=DIRECTION('ref_axis',(0.,1.,0.));
#4969=DIRECTION('center_axis',(-1.,0.,0.));
#4970=DIRECTION('ref_axis',(0.,1.,0.));
#4971=DIRECTION('',(-1.,0.,0.));
#4972=DIRECTION('center_axis',(-1.,0.,0.));
#4973=DIRECTION('ref_axis',(0.,0.,1.));
#4974=DIRECTION('center_axis',(0.,-1.,0.));
#4975=DIRECTION('ref_axis',(0.,0.,-1.));
#4976=DIRECTION('center_axis',(-1.,0.,0.));
#4977=DIRECTION('ref_axis',(0.,1.,0.));
#4978=DIRECTION('center_axis',(-1.,0.,0.));
#4979=DIRECTION('ref_axis',(0.,1.,0.));
#4980=DIRECTION('center_axis',(-1.,0.,0.));
#4981=DIRECTION('ref_axis',(0.,1.,0.));
#4982=DIRECTION('',(-1.,0.,0.));
#4983=DIRECTION('center_axis',(-1.,0.,0.));
#4984=DIRECTION('ref_axis',(0.,0.,1.));
#4985=DIRECTION('center_axis',(0.,-1.,0.));
#4986=DIRECTION('ref_axis',(0.,0.,-1.));
#4987=DIRECTION('center_axis',(-1.,0.,0.));
#4988=DIRECTION('ref_axis',(0.,1.,0.));
#4989=DIRECTION('center_axis',(-1.,0.,0.));
#4990=DIRECTION('ref_axis',(0.,1.,0.));
#4991=DIRECTION('center_axis',(-1.,0.,0.));
#4992=DIRECTION('ref_axis',(0.,1.,0.));
#4993=DIRECTION('',(-1.,0.,0.));
#4994=DIRECTION('center_axis',(-1.,0.,0.));
#4995=DIRECTION('ref_axis',(0.,0.,1.));
#4996=DIRECTION('center_axis',(0.,-1.,0.));
#4997=DIRECTION('ref_axis',(0.,0.,-1.));
#4998=DIRECTION('center_axis',(-1.,0.,0.));
#4999=DIRECTION('ref_axis',(0.,1.,0.));
#5000=DIRECTION('center_axis',(-1.,0.,0.));
#5001=DIRECTION('ref_axis',(0.,1.,0.));
#5002=DIRECTION('center_axis',(-1.,0.,0.));
#5003=DIRECTION('ref_axis',(0.,1.,0.));
#5004=DIRECTION('',(-1.,0.,0.));
#5005=DIRECTION('center_axis',(-1.,0.,0.));
#5006=DIRECTION('ref_axis',(0.,0.,1.));
#5007=DIRECTION('center_axis',(0.,-1.,0.));
#5008=DIRECTION('ref_axis',(0.,0.,-1.));
#5009=DIRECTION('center_axis',(-1.,0.,0.));
#5010=DIRECTION('ref_axis',(0.,1.,0.));
#5011=DIRECTION('center_axis',(-1.,0.,0.));
#5012=DIRECTION('ref_axis',(0.,1.,0.));
#5013=DIRECTION('center_axis',(-1.,0.,0.));
#5014=DIRECTION('ref_axis',(0.,1.,0.));
#5015=DIRECTION('',(-1.,0.,0.));
#5016=DIRECTION('center_axis',(-1.,0.,0.));
#5017=DIRECTION('ref_axis',(0.,0.,1.));
#5018=DIRECTION('center_axis',(0.,-1.,0.));
#5019=DIRECTION('ref_axis',(0.,0.,-1.));
#5020=DIRECTION('center_axis',(-1.,0.,0.));
#5021=DIRECTION('ref_axis',(0.,1.,0.));
#5022=DIRECTION('center_axis',(-1.,0.,0.));
#5023=DIRECTION('ref_axis',(0.,1.,0.));
#5024=DIRECTION('center_axis',(-1.,0.,0.));
#5025=DIRECTION('ref_axis',(0.,1.,0.));
#5026=DIRECTION('',(-1.,0.,0.));
#5027=DIRECTION('center_axis',(-1.,0.,0.));
#5028=DIRECTION('ref_axis',(0.,0.,1.));
#5029=DIRECTION('center_axis',(0.,-1.,0.));
#5030=DIRECTION('ref_axis',(0.,0.,-1.));
#5031=DIRECTION('center_axis',(-1.,0.,0.));
#5032=DIRECTION('ref_axis',(0.,1.,0.));
#5033=DIRECTION('center_axis',(-1.,0.,0.));
#5034=DIRECTION('ref_axis',(0.,1.,0.));
#5035=DIRECTION('center_axis',(-1.,0.,0.));
#5036=DIRECTION('ref_axis',(0.,1.,0.));
#5037=DIRECTION('',(-1.,0.,0.));
#5038=DIRECTION('center_axis',(-1.,0.,0.));
#5039=DIRECTION('ref_axis',(0.,0.,1.));
#5040=DIRECTION('center_axis',(0.,-1.,0.));
#5041=DIRECTION('ref_axis',(0.,0.,-1.));
#5042=DIRECTION('center_axis',(-1.,0.,0.));
#5043=DIRECTION('ref_axis',(0.,1.,0.));
#5044=DIRECTION('center_axis',(-1.,0.,0.));
#5045=DIRECTION('ref_axis',(0.,1.,0.));
#5046=DIRECTION('center_axis',(-1.,0.,0.));
#5047=DIRECTION('ref_axis',(0.,1.,0.));
#5048=DIRECTION('',(-1.,0.,0.));
#5049=DIRECTION('center_axis',(-1.,0.,0.));
#5050=DIRECTION('ref_axis',(0.,0.,1.));
#5051=DIRECTION('center_axis',(0.,-1.,0.));
#5052=DIRECTION('ref_axis',(0.,0.,-1.));
#5053=DIRECTION('center_axis',(-1.,0.,0.));
#5054=DIRECTION('ref_axis',(0.,1.,0.));
#5055=DIRECTION('center_axis',(-1.,0.,0.));
#5056=DIRECTION('ref_axis',(0.,1.,0.));
#5057=DIRECTION('center_axis',(-1.,0.,0.));
#5058=DIRECTION('ref_axis',(0.,1.,0.));
#5059=DIRECTION('',(-1.,0.,0.));
#5060=DIRECTION('center_axis',(-1.,0.,0.));
#5061=DIRECTION('ref_axis',(0.,0.,1.));
#5062=DIRECTION('center_axis',(0.,-1.,0.));
#5063=DIRECTION('ref_axis',(0.,0.,-1.));
#5064=DIRECTION('center_axis',(-1.,0.,0.));
#5065=DIRECTION('ref_axis',(0.,1.,0.));
#5066=DIRECTION('center_axis',(-1.,0.,0.));
#5067=DIRECTION('ref_axis',(0.,1.,0.));
#5068=DIRECTION('center_axis',(-1.,0.,0.));
#5069=DIRECTION('ref_axis',(0.,1.,0.));
#5070=DIRECTION('',(-1.,0.,0.));
#5071=DIRECTION('center_axis',(-1.,0.,0.));
#5072=DIRECTION('ref_axis',(0.,0.,1.));
#5073=DIRECTION('center_axis',(0.,-1.,0.));
#5074=DIRECTION('ref_axis',(0.,0.,-1.));
#5075=DIRECTION('center_axis',(-1.,0.,0.));
#5076=DIRECTION('ref_axis',(0.,1.,0.));
#5077=DIRECTION('center_axis',(-1.,0.,0.));
#5078=DIRECTION('ref_axis',(0.,1.,0.));
#5079=DIRECTION('center_axis',(-1.,0.,0.));
#5080=DIRECTION('ref_axis',(0.,1.,0.));
#5081=DIRECTION('',(-1.,0.,0.));
#5082=DIRECTION('center_axis',(-1.,0.,0.));
#5083=DIRECTION('ref_axis',(0.,0.,1.));
#5084=DIRECTION('center_axis',(0.,-1.,0.));
#5085=DIRECTION('ref_axis',(0.,0.,-1.));
#5086=DIRECTION('center_axis',(-1.,0.,0.));
#5087=DIRECTION('ref_axis',(0.,1.,0.));
#5088=DIRECTION('center_axis',(-1.,0.,0.));
#5089=DIRECTION('ref_axis',(0.,1.,0.));
#5090=DIRECTION('center_axis',(-1.,0.,0.));
#5091=DIRECTION('ref_axis',(0.,1.,0.));
#5092=DIRECTION('',(-1.,0.,0.));
#5093=DIRECTION('center_axis',(-1.,0.,0.));
#5094=DIRECTION('ref_axis',(0.,0.,1.));
#5095=DIRECTION('center_axis',(0.,-1.,0.));
#5096=DIRECTION('ref_axis',(0.,0.,-1.));
#5097=DIRECTION('center_axis',(-1.,0.,0.));
#5098=DIRECTION('ref_axis',(0.,1.,0.));
#5099=DIRECTION('center_axis',(-1.,0.,0.));
#5100=DIRECTION('ref_axis',(0.,1.,0.));
#5101=DIRECTION('center_axis',(-1.,0.,0.));
#5102=DIRECTION('ref_axis',(0.,1.,0.));
#5103=DIRECTION('',(-1.,0.,0.));
#5104=DIRECTION('center_axis',(-1.,0.,0.));
#5105=DIRECTION('ref_axis',(0.,0.,1.));
#5106=DIRECTION('center_axis',(0.,-1.,0.));
#5107=DIRECTION('ref_axis',(0.,0.,-1.));
#5108=DIRECTION('center_axis',(-1.,0.,0.));
#5109=DIRECTION('ref_axis',(0.,1.,0.));
#5110=DIRECTION('center_axis',(-1.,0.,0.));
#5111=DIRECTION('ref_axis',(0.,1.,0.));
#5112=DIRECTION('center_axis',(-1.,0.,0.));
#5113=DIRECTION('ref_axis',(0.,1.,0.));
#5114=DIRECTION('',(-1.,0.,0.));
#5115=DIRECTION('center_axis',(-1.,0.,0.));
#5116=DIRECTION('ref_axis',(0.,0.,1.));
#5117=DIRECTION('center_axis',(0.,-1.,0.));
#5118=DIRECTION('ref_axis',(0.,0.,-1.));
#5119=DIRECTION('center_axis',(-1.,0.,0.));
#5120=DIRECTION('ref_axis',(0.,1.,0.));
#5121=DIRECTION('center_axis',(-1.,0.,0.));
#5122=DIRECTION('ref_axis',(0.,1.,0.));
#5123=DIRECTION('center_axis',(-1.,0.,0.));
#5124=DIRECTION('ref_axis',(0.,1.,0.));
#5125=DIRECTION('',(-1.,0.,0.));
#5126=DIRECTION('center_axis',(-1.,0.,0.));
#5127=DIRECTION('ref_axis',(0.,0.,1.));
#5128=DIRECTION('center_axis',(0.,-1.,0.));
#5129=DIRECTION('ref_axis',(0.,0.,-1.));
#5130=DIRECTION('center_axis',(-1.,0.,0.));
#5131=DIRECTION('ref_axis',(0.,1.,0.));
#5132=DIRECTION('center_axis',(-1.,0.,0.));
#5133=DIRECTION('ref_axis',(0.,1.,0.));
#5134=DIRECTION('center_axis',(-1.,0.,0.));
#5135=DIRECTION('ref_axis',(0.,1.,0.));
#5136=DIRECTION('',(-1.,0.,0.));
#5137=DIRECTION('center_axis',(-1.,0.,0.));
#5138=DIRECTION('ref_axis',(0.,0.,1.));
#5139=DIRECTION('center_axis',(0.,-1.,0.));
#5140=DIRECTION('ref_axis',(0.,0.,-1.));
#5141=DIRECTION('center_axis',(-1.,0.,0.));
#5142=DIRECTION('ref_axis',(0.,1.,0.));
#5143=DIRECTION('center_axis',(-1.,0.,0.));
#5144=DIRECTION('ref_axis',(0.,1.,0.));
#5145=DIRECTION('center_axis',(-1.,0.,0.));
#5146=DIRECTION('ref_axis',(0.,1.,0.));
#5147=DIRECTION('',(-1.,0.,0.));
#5148=DIRECTION('center_axis',(-1.,0.,0.));
#5149=DIRECTION('ref_axis',(0.,0.,1.));
#5150=DIRECTION('center_axis',(0.,-1.,0.));
#5151=DIRECTION('ref_axis',(0.,0.,-1.));
#5152=DIRECTION('center_axis',(-1.,0.,0.));
#5153=DIRECTION('ref_axis',(0.,1.,0.));
#5154=DIRECTION('center_axis',(-1.,0.,0.));
#5155=DIRECTION('ref_axis',(0.,1.,0.));
#5156=DIRECTION('center_axis',(-1.,0.,0.));
#5157=DIRECTION('ref_axis',(0.,1.,0.));
#5158=DIRECTION('',(-1.,0.,0.));
#5159=DIRECTION('center_axis',(-1.,0.,0.));
#5160=DIRECTION('ref_axis',(0.,0.,1.));
#5161=DIRECTION('center_axis',(0.,-1.,0.));
#5162=DIRECTION('ref_axis',(0.,0.,-1.));
#5163=DIRECTION('center_axis',(-1.,0.,0.));
#5164=DIRECTION('ref_axis',(0.,1.,0.));
#5165=DIRECTION('center_axis',(-1.,0.,0.));
#5166=DIRECTION('ref_axis',(0.,1.,0.));
#5167=DIRECTION('center_axis',(-1.,0.,0.));
#5168=DIRECTION('ref_axis',(0.,1.,0.));
#5169=DIRECTION('',(-1.,0.,0.));
#5170=DIRECTION('center_axis',(-1.,0.,0.));
#5171=DIRECTION('ref_axis',(0.,0.,1.));
#5172=DIRECTION('center_axis',(0.,-1.,0.));
#5173=DIRECTION('ref_axis',(0.,0.,-1.));
#5174=DIRECTION('center_axis',(-1.,0.,0.));
#5175=DIRECTION('ref_axis',(0.,1.,0.));
#5176=DIRECTION('center_axis',(-1.,0.,0.));
#5177=DIRECTION('ref_axis',(0.,1.,0.));
#5178=DIRECTION('center_axis',(-1.,0.,0.));
#5179=DIRECTION('ref_axis',(0.,1.,0.));
#5180=DIRECTION('',(-1.,0.,0.));
#5181=DIRECTION('center_axis',(-1.,0.,0.));
#5182=DIRECTION('ref_axis',(0.,0.,1.));
#5183=DIRECTION('center_axis',(0.,-1.,0.));
#5184=DIRECTION('ref_axis',(0.,0.,-1.));
#5185=DIRECTION('center_axis',(-1.,0.,0.));
#5186=DIRECTION('ref_axis',(0.,1.,0.));
#5187=DIRECTION('center_axis',(-1.,0.,0.));
#5188=DIRECTION('ref_axis',(0.,1.,0.));
#5189=DIRECTION('center_axis',(-1.,0.,0.));
#5190=DIRECTION('ref_axis',(0.,1.,0.));
#5191=DIRECTION('',(-1.,0.,0.));
#5192=DIRECTION('center_axis',(-1.,0.,0.));
#5193=DIRECTION('ref_axis',(0.,0.,1.));
#5194=DIRECTION('center_axis',(0.,-1.,0.));
#5195=DIRECTION('ref_axis',(0.,0.,-1.));
#5196=DIRECTION('center_axis',(-1.,0.,0.));
#5197=DIRECTION('ref_axis',(0.,1.,0.));
#5198=DIRECTION('center_axis',(-1.,0.,0.));
#5199=DIRECTION('ref_axis',(0.,1.,0.));
#5200=DIRECTION('center_axis',(-1.,0.,0.));
#5201=DIRECTION('ref_axis',(0.,1.,0.));
#5202=DIRECTION('',(-1.,0.,0.));
#5203=DIRECTION('center_axis',(-1.,0.,0.));
#5204=DIRECTION('ref_axis',(0.,0.,1.));
#5205=DIRECTION('center_axis',(0.,-1.,0.));
#5206=DIRECTION('ref_axis',(0.,0.,-1.));
#5207=DIRECTION('center_axis',(-1.,0.,0.));
#5208=DIRECTION('ref_axis',(0.,1.,0.));
#5209=DIRECTION('center_axis',(-1.,0.,0.));
#5210=DIRECTION('ref_axis',(0.,1.,0.));
#5211=DIRECTION('center_axis',(-1.,0.,0.));
#5212=DIRECTION('ref_axis',(0.,1.,0.));
#5213=DIRECTION('',(-1.,0.,0.));
#5214=DIRECTION('center_axis',(-1.,0.,0.));
#5215=DIRECTION('ref_axis',(0.,0.,1.));
#5216=DIRECTION('center_axis',(0.,-1.,0.));
#5217=DIRECTION('ref_axis',(0.,0.,-1.));
#5218=DIRECTION('center_axis',(-1.,0.,0.));
#5219=DIRECTION('ref_axis',(0.,1.,0.));
#5220=DIRECTION('center_axis',(-1.,0.,0.));
#5221=DIRECTION('ref_axis',(0.,1.,0.));
#5222=DIRECTION('center_axis',(-1.,0.,0.));
#5223=DIRECTION('ref_axis',(0.,1.,0.));
#5224=DIRECTION('',(-1.,0.,0.));
#5225=DIRECTION('center_axis',(-1.,0.,0.));
#5226=DIRECTION('ref_axis',(0.,0.,1.));
#5227=DIRECTION('center_axis',(0.,-1.,0.));
#5228=DIRECTION('ref_axis',(0.,0.,-1.));
#5229=DIRECTION('center_axis',(-1.,0.,0.));
#5230=DIRECTION('ref_axis',(0.,1.,0.));
#5231=DIRECTION('center_axis',(-1.,0.,0.));
#5232=DIRECTION('ref_axis',(0.,1.,0.));
#5233=DIRECTION('center_axis',(-1.,0.,0.));
#5234=DIRECTION('ref_axis',(0.,1.,0.));
#5235=DIRECTION('',(-1.,0.,0.));
#5236=DIRECTION('center_axis',(-1.,0.,0.));
#5237=DIRECTION('ref_axis',(0.,0.,1.));
#5238=DIRECTION('center_axis',(0.,-1.,0.));
#5239=DIRECTION('ref_axis',(0.,0.,-1.));
#5240=DIRECTION('center_axis',(-1.,0.,0.));
#5241=DIRECTION('ref_axis',(0.,1.,0.));
#5242=DIRECTION('center_axis',(-1.,0.,0.));
#5243=DIRECTION('ref_axis',(0.,1.,0.));
#5244=DIRECTION('center_axis',(-1.,0.,0.));
#5245=DIRECTION('ref_axis',(0.,1.,0.));
#5246=DIRECTION('',(-1.,0.,0.));
#5247=DIRECTION('center_axis',(-1.,0.,0.));
#5248=DIRECTION('ref_axis',(0.,0.,1.));
#5249=DIRECTION('center_axis',(0.,-1.,0.));
#5250=DIRECTION('ref_axis',(0.,0.,-1.));
#5251=DIRECTION('center_axis',(-1.,0.,0.));
#5252=DIRECTION('ref_axis',(0.,1.,0.));
#5253=DIRECTION('center_axis',(-1.,0.,0.));
#5254=DIRECTION('ref_axis',(0.,1.,0.));
#5255=DIRECTION('center_axis',(-1.,0.,0.));
#5256=DIRECTION('ref_axis',(0.,1.,0.));
#5257=DIRECTION('',(-1.,0.,0.));
#5258=DIRECTION('center_axis',(-1.,0.,0.));
#5259=DIRECTION('ref_axis',(0.,0.,1.));
#5260=DIRECTION('center_axis',(0.,-1.,0.));
#5261=DIRECTION('ref_axis',(0.,0.,-1.));
#5262=DIRECTION('center_axis',(-1.,0.,0.));
#5263=DIRECTION('ref_axis',(0.,1.,0.));
#5264=DIRECTION('center_axis',(-1.,0.,0.));
#5265=DIRECTION('ref_axis',(0.,1.,0.));
#5266=DIRECTION('center_axis',(-1.,0.,0.));
#5267=DIRECTION('ref_axis',(0.,1.,0.));
#5268=DIRECTION('',(-1.,0.,0.));
#5269=DIRECTION('center_axis',(-1.,0.,0.));
#5270=DIRECTION('ref_axis',(0.,0.,1.));
#5271=DIRECTION('center_axis',(0.,-1.,0.));
#5272=DIRECTION('ref_axis',(0.,0.,-1.));
#5273=DIRECTION('center_axis',(-1.,0.,0.));
#5274=DIRECTION('ref_axis',(0.,1.,0.));
#5275=DIRECTION('center_axis',(-1.,0.,0.));
#5276=DIRECTION('ref_axis',(0.,1.,0.));
#5277=DIRECTION('center_axis',(-1.,0.,0.));
#5278=DIRECTION('ref_axis',(0.,1.,0.));
#5279=DIRECTION('',(-1.,0.,0.));
#5280=DIRECTION('center_axis',(-1.,0.,0.));
#5281=DIRECTION('ref_axis',(0.,0.,1.));
#5282=DIRECTION('center_axis',(0.,-1.,0.));
#5283=DIRECTION('ref_axis',(0.,0.,-1.));
#5284=DIRECTION('center_axis',(-1.,0.,0.));
#5285=DIRECTION('ref_axis',(0.,1.,0.));
#5286=DIRECTION('center_axis',(-1.,0.,0.));
#5287=DIRECTION('ref_axis',(0.,1.,0.));
#5288=DIRECTION('center_axis',(-1.,0.,0.));
#5289=DIRECTION('ref_axis',(0.,1.,0.));
#5290=DIRECTION('',(-1.,0.,0.));
#5291=DIRECTION('center_axis',(-1.,0.,0.));
#5292=DIRECTION('ref_axis',(0.,0.,1.));
#5293=DIRECTION('center_axis',(0.,-1.,0.));
#5294=DIRECTION('ref_axis',(0.,0.,-1.));
#5295=DIRECTION('center_axis',(-1.,0.,0.));
#5296=DIRECTION('ref_axis',(0.,1.,0.));
#5297=DIRECTION('center_axis',(-1.,0.,0.));
#5298=DIRECTION('ref_axis',(0.,1.,0.));
#5299=DIRECTION('center_axis',(-1.,0.,0.));
#5300=DIRECTION('ref_axis',(0.,1.,0.));
#5301=DIRECTION('',(-1.,0.,0.));
#5302=DIRECTION('center_axis',(-1.,0.,0.));
#5303=DIRECTION('ref_axis',(0.,0.,1.));
#5304=DIRECTION('center_axis',(0.,-1.,0.));
#5305=DIRECTION('ref_axis',(0.,0.,-1.));
#5306=DIRECTION('center_axis',(-1.,0.,0.));
#5307=DIRECTION('ref_axis',(0.,1.,0.));
#5308=DIRECTION('center_axis',(-1.,0.,0.));
#5309=DIRECTION('ref_axis',(0.,1.,0.));
#5310=DIRECTION('center_axis',(-1.,0.,0.));
#5311=DIRECTION('ref_axis',(0.,1.,0.));
#5312=DIRECTION('',(-1.,0.,0.));
#5313=DIRECTION('center_axis',(-1.,0.,0.));
#5314=DIRECTION('ref_axis',(0.,0.,1.));
#5315=DIRECTION('center_axis',(0.,-1.,0.));
#5316=DIRECTION('ref_axis',(0.,0.,-1.));
#5317=DIRECTION('center_axis',(-1.,0.,0.));
#5318=DIRECTION('ref_axis',(0.,1.,0.));
#5319=DIRECTION('center_axis',(-1.,0.,0.));
#5320=DIRECTION('ref_axis',(0.,1.,0.));
#5321=DIRECTION('center_axis',(-1.,0.,0.));
#5322=DIRECTION('ref_axis',(0.,1.,0.));
#5323=DIRECTION('',(-1.,0.,0.));
#5324=DIRECTION('center_axis',(-1.,0.,0.));
#5325=DIRECTION('ref_axis',(0.,0.,1.));
#5326=DIRECTION('center_axis',(0.,-1.,0.));
#5327=DIRECTION('ref_axis',(0.,0.,-1.));
#5328=DIRECTION('center_axis',(-1.,0.,0.));
#5329=DIRECTION('ref_axis',(0.,1.,0.));
#5330=DIRECTION('center_axis',(-1.,0.,0.));
#5331=DIRECTION('ref_axis',(0.,1.,0.));
#5332=DIRECTION('center_axis',(-1.,0.,0.));
#5333=DIRECTION('ref_axis',(0.,1.,0.));
#5334=DIRECTION('',(-1.,0.,0.));
#5335=DIRECTION('',(1.,0.,0.));
#5336=DIRECTION('center_axis',(0.,0.,1.));
#5337=DIRECTION('ref_axis',(0.,-1.,0.));
#5338=DIRECTION('axis',(0.,0.,1.));
#5339=DIRECTION('refdir',(1.,0.,0.));
#5340=DIRECTION('center_axis',(-1.,0.,0.));
#5341=DIRECTION('ref_axis',(0.,1.,0.));
#5342=DIRECTION('',(0.,1.,0.));
#5343=DIRECTION('',(0.,0.,-1.));
#5344=DIRECTION('',(0.,1.,0.));
#5345=DIRECTION('',(0.,0.,-1.));
#5346=DIRECTION('center_axis',(0.,-1.,0.));
#5347=DIRECTION('ref_axis',(-1.,0.,0.));
#5348=DIRECTION('',(-1.,0.,0.));
#5349=DIRECTION('',(-1.,0.,0.));
#5350=DIRECTION('',(0.,0.,-1.));
#5351=DIRECTION('center_axis',(1.,0.,0.));
#5352=DIRECTION('ref_axis',(0.,-1.,0.));
#5353=DIRECTION('',(0.,-1.,0.));
#5354=DIRECTION('',(0.,-1.,0.));
#5355=DIRECTION('',(0.,0.,-1.));
#5356=DIRECTION('center_axis',(0.,1.,0.));
#5357=DIRECTION('ref_axis',(1.,0.,0.));
#5358=DIRECTION('',(1.,0.,0.));
#5359=DIRECTION('',(1.,0.,0.));
#5360=DIRECTION('center_axis',(0.,0.,1.));
#5361=DIRECTION('ref_axis',(-1.,0.,0.));
#5362=DIRECTION('center_axis',(0.,0.,-1.));
#5363=DIRECTION('ref_axis',(-1.,0.,0.));
#5364=DIRECTION('axis',(0.,0.,1.));
#5365=DIRECTION('refdir',(1.,0.,0.));
#5366=DIRECTION('',(1.,0.,0.));
#5367=DIRECTION('',(1.,0.,0.));
#5368=DIRECTION('center_axis',(1.,0.,0.));
#5369=DIRECTION('ref_axis',(0.,-4.82705662880505E-17,-1.));
#5370=DIRECTION('center_axis',(1.,0.,0.));
#5371=DIRECTION('ref_axis',(0.,-0.920261325587683,0.391304347826088));
#5372=DIRECTION('center_axis',(1.,0.,0.));
#5373=DIRECTION('ref_axis',(0.,-0.920261325587683,0.391304347826088));
#5374=DIRECTION('center_axis',(1.,0.,0.));
#5375=DIRECTION('ref_axis',(0.,1.,0.));
#5376=DIRECTION('center_axis',(1.,0.,0.));
#5377=DIRECTION('ref_axis',(0.,1.,0.));
#5378=DIRECTION('axis',(0.,0.,1.));
#5379=DIRECTION('refdir',(1.,0.,0.));
#5380=DIRECTION('',(1.,0.,0.));
#5381=DIRECTION('',(1.,0.,0.));
#5382=DIRECTION('center_axis',(1.,0.,0.));
#5383=DIRECTION('ref_axis',(0.,4.34435096592453E-16,1.));
#5384=DIRECTION('center_axis',(1.,0.,0.));
#5385=DIRECTION('ref_axis',(0.,0.920261325587683,-0.391304347826089));
#5386=DIRECTION('center_axis',(1.,0.,0.));
#5387=DIRECTION('ref_axis',(0.,0.920261325587683,-0.391304347826089));
#5388=DIRECTION('center_axis',(1.,0.,0.));
#5389=DIRECTION('ref_axis',(0.,1.,0.));
#5390=DIRECTION('center_axis',(1.,0.,0.));
#5391=DIRECTION('ref_axis',(0.,1.,0.));
#5392=DIRECTION('',(0.,0.,1.));
#5393=DIRECTION('',(1.,0.,0.));
#5394=DIRECTION('',(0.,0.,1.));
#5395=DIRECTION('',(1.,0.,0.));
#5396=DIRECTION('',(0.,0.,1.));
#5397=DIRECTION('',(1.,0.,0.));
#5398=DIRECTION('',(0.,0.,1.));
#5399=DIRECTION('',(1.,0.,0.));
#5400=DIRECTION('',(0.,0.,1.));
#5401=DIRECTION('',(1.,0.,0.));
#5402=DIRECTION('',(0.,0.,1.));
#5403=DIRECTION('',(1.,0.,0.));
#5404=CARTESIAN_POINT('',(0.,0.,0.));
#5405=CARTESIAN_POINT('',(0.,0.,0.));
#5406=CARTESIAN_POINT('Origin',(276.274112549603,-69.6149429924858,0.));
#5407=CARTESIAN_POINT('',(276.274112549603,-69.1149429924858,0.));
#5408=CARTESIAN_POINT('',(276.274112549603,-70.1149429924858,-6.12323399573677E-17));
#5409=CARTESIAN_POINT('Origin',(276.274112549603,-69.6149429924858,0.));
#5410=CARTESIAN_POINT('',(275.774112549603,-69.6149429924858,-3.74939945665464E-33));
#5411=CARTESIAN_POINT('Origin',(276.274112549603,-69.6149429924858,0.));
#5412=CARTESIAN_POINT('Origin',(276.274112549603,-69.6149429924858,0.));
#5413=CARTESIAN_POINT('Origin',(277.774112549603,-69.6149429924858,0.));
#5414=CARTESIAN_POINT('',(277.774112549603,-69.1149429924858,0.));
#5415=CARTESIAN_POINT('',(277.774112549603,-69.1149429924858,-6.12323399573674E-17));
#5416=CARTESIAN_POINT('Origin',(277.774112549603,-69.6149429924858,0.));
#5417=CARTESIAN_POINT('Origin',(276.274112549603,-67.1196641211013,0.));
#5418=CARTESIAN_POINT('',(276.274112549603,-66.6196641211013,0.));
#5419=CARTESIAN_POINT('',(276.274112549603,-67.6196641211013,-6.12323399573677E-17));
#5420=CARTESIAN_POINT('Origin',(276.274112549603,-67.1196641211013,0.));
#5421=CARTESIAN_POINT('',(275.774112549603,-67.1196641211013,-3.74939945665464E-33));
#5422=CARTESIAN_POINT('Origin',(276.274112549603,-67.1196641211013,0.));
#5423=CARTESIAN_POINT('Origin',(276.274112549603,-67.1196641211013,0.));
#5424=CARTESIAN_POINT('Origin',(277.774112549603,-67.1196641211013,0.));
#5425=CARTESIAN_POINT('',(277.774112549603,-66.6196641211013,0.));
#5426=CARTESIAN_POINT('',(277.774112549603,-66.6196641211013,-6.12323399573674E-17));
#5427=CARTESIAN_POINT('Origin',(277.774112549603,-67.1196641211013,0.));
#5428=CARTESIAN_POINT('Origin',(276.274112549603,-64.5349429924858,0.));
#5429=CARTESIAN_POINT('',(276.274112549603,-64.0349429924858,0.));
#5430=CARTESIAN_POINT('',(276.274112549603,-65.0349429924858,-6.12323399573677E-17));
#5431=CARTESIAN_POINT('Origin',(276.274112549603,-64.5349429924858,0.));
#5432=CARTESIAN_POINT('',(275.774112549603,-64.5349429924858,-3.74939945665464E-33));
#5433=CARTESIAN_POINT('Origin',(276.274112549603,-64.5349429924858,0.));
#5434=CARTESIAN_POINT('Origin',(276.274112549603,-64.5349429924858,0.));
#5435=CARTESIAN_POINT('Origin',(277.774112549603,-64.5349429924858,0.));
#5436=CARTESIAN_POINT('',(277.774112549603,-64.0349429924858,0.));
#5437=CARTESIAN_POINT('',(277.774112549603,-64.0349429924858,-6.12323399573674E-17));
#5438=CARTESIAN_POINT('Origin',(277.774112549603,-64.5349429924858,0.));
#5439=CARTESIAN_POINT('Origin',(276.274112549603,-61.9949429924858,0.));
#5440=CARTESIAN_POINT('',(276.274112549603,-61.4949429924858,0.));
#5441=CARTESIAN_POINT('',(276.274112549603,-62.4949429924858,-6.12323399573677E-17));
#5442=CARTESIAN_POINT('Origin',(276.274112549603,-61.9949429924858,0.));
#5443=CARTESIAN_POINT('',(275.774112549603,-61.9949429924858,-3.74939945665464E-33));
#5444=CARTESIAN_POINT('Origin',(276.274112549603,-61.9949429924858,0.));
#5445=CARTESIAN_POINT('Origin',(276.274112549603,-61.9949429924858,0.));
#5446=CARTESIAN_POINT('Origin',(277.774112549603,-61.9949429924858,0.));
#5447=CARTESIAN_POINT('',(277.774112549603,-61.4949429924858,0.));
#5448=CARTESIAN_POINT('',(277.774112549603,-61.4949429924858,-6.12323399573674E-17));
#5449=CARTESIAN_POINT('Origin',(277.774112549603,-61.9949429924858,0.));
#5450=CARTESIAN_POINT('Origin',(277.774112549603,-65.8049429924858,0.));
#5451=CARTESIAN_POINT('',(277.774112549603,-61.9949429924858,-1.19));
#5452=CARTESIAN_POINT('',(277.774112549603,-61.9949429924858,1.19));
#5453=CARTESIAN_POINT('Origin',(277.774112549603,-61.9949429924858,0.));
#5454=CARTESIAN_POINT('',(277.774112549603,-70.8049429924858,-1.19));
#5455=CARTESIAN_POINT('',(277.774112549603,-68.3049429924858,-1.19));
#5456=CARTESIAN_POINT('',(277.774112549603,-70.8049429924858,1.19));
#5457=CARTESIAN_POINT('',(277.774112549603,-70.8049429924858,0.595));
#5458=CARTESIAN_POINT('',(277.774112549603,-63.8999429924858,1.19));
#5459=CARTESIAN_POINT('Origin',(277.774112549603,-61.9949429924858,1.19));
#5460=CARTESIAN_POINT('',(275.774112549603,-70.8049429924858,1.19));
#5461=CARTESIAN_POINT('',(277.774112549603,-70.8049429924858,1.19));
#5462=CARTESIAN_POINT('',(275.774112549603,-61.9949429924858,1.19));
#5463=CARTESIAN_POINT('',(275.774112549603,-70.8049429924858,1.19));
#5464=CARTESIAN_POINT('',(277.774112549603,-61.9949429924858,1.19));
#5465=CARTESIAN_POINT('Origin',(277.774112549603,-70.8049429924858,1.19));
#5466=CARTESIAN_POINT('',(275.774112549603,-70.8049429924858,-1.19));
#5467=CARTESIAN_POINT('',(277.774112549603,-70.8049429924858,-1.19));
#5468=CARTESIAN_POINT('',(275.774112549603,-70.8049429924858,-1.19));
#5469=CARTESIAN_POINT('Origin',(277.774112549603,-74.0949429924858,0.));
#5470=CARTESIAN_POINT('',(276.774112549603,-74.0949429924858,2.75));
#5471=CARTESIAN_POINT('',(276.774112549603,-74.0949429924858,-2.75));
#5472=CARTESIAN_POINT('Origin',(276.774112549603,-74.0949429924858,0.));
#5473=CARTESIAN_POINT('',(275.774112549603,-74.0949429924858,2.75));
#5474=CARTESIAN_POINT('',(277.774112549603,-74.0949429924858,2.75));
#5475=CARTESIAN_POINT('',(275.774112549603,-74.0949429924858,-2.75));
#5476=CARTESIAN_POINT('Origin',(275.774112549603,-74.0949429924858,0.));
#5477=CARTESIAN_POINT('',(277.774112549603,-74.0949429924858,-2.75));
#5478=CARTESIAN_POINT('Origin',(277.774112549603,-57.5149429924858,-2.75));
#5479=CARTESIAN_POINT('',(276.774112549603,-57.5149429924858,-2.75));
#5480=CARTESIAN_POINT('',(276.774112549603,-57.5149429924858,-2.75));
#5481=CARTESIAN_POINT('',(275.774112549603,-57.5149429924858,-2.75));
#5482=CARTESIAN_POINT('',(275.774112549603,-57.5149429924858,-2.75));
#5483=CARTESIAN_POINT('',(277.774112549603,-57.5149429924858,-2.75));
#5484=CARTESIAN_POINT('Origin',(277.774112549603,-57.5149429924858,-2.75));
#5485=CARTESIAN_POINT('',(277.774112549603,-74.0949429924858,-2.75));
#5486=CARTESIAN_POINT('',(277.774112549603,-57.5149429924858,-2.75));
#5487=CARTESIAN_POINT('',(277.774112549603,-57.5149429924858,-2.75));
#5488=CARTESIAN_POINT('',(280.774112549603,-57.5149429924858,-2.75));
#5489=CARTESIAN_POINT('',(277.774112549603,-57.5149429924858,-2.75));
#5490=CARTESIAN_POINT('',(280.774112549603,-74.0949429924858,-2.75));
#5491=CARTESIAN_POINT('',(280.774112549603,-57.5149429924858,-2.75));
#5492=CARTESIAN_POINT('',(277.774112549603,-74.0949429924858,-2.75));
#5493=CARTESIAN_POINT('Origin',(277.774112549603,-74.0949429924858,2.75));
#5494=CARTESIAN_POINT('',(277.774112549603,-57.5149429924858,2.75));
#5495=CARTESIAN_POINT('',(277.774112549603,-74.0949429924858,2.75));
#5496=CARTESIAN_POINT('',(277.774112549603,-74.0949429924858,2.75));
#5497=CARTESIAN_POINT('',(280.774112549603,-74.0949429924858,2.75));
#5498=CARTESIAN_POINT('',(277.774112549603,-74.0949429924858,2.75));
#5499=CARTESIAN_POINT('',(280.774112549603,-57.5149429924858,2.75));
#5500=CARTESIAN_POINT('',(280.774112549603,-74.0949429924858,2.75));
#5501=CARTESIAN_POINT('',(277.774112549603,-57.5149429924858,2.75));
#5502=CARTESIAN_POINT('Origin',(277.774112549603,-74.0949429924858,2.75));
#5503=CARTESIAN_POINT('',(276.774112549603,-57.5149429924858,2.75));
#5504=CARTESIAN_POINT('',(276.774112549603,-74.0949429924858,2.75));
#5505=CARTESIAN_POINT('',(275.774112549603,-57.5149429924858,2.75));
#5506=CARTESIAN_POINT('',(277.774112549603,-57.5149429924858,2.75));
#5507=CARTESIAN_POINT('',(275.774112549603,-74.0949429924858,2.75));
#5508=CARTESIAN_POINT('Origin',(277.774112549603,-57.5149429924858,0.));
#5509=CARTESIAN_POINT('Origin',(276.774112549603,-57.5149429924858,0.));
#5510=CARTESIAN_POINT('Origin',(275.774112549603,-57.5149429924858,0.));
#5511=CARTESIAN_POINT('Origin',(277.774112549603,-57.5149429924858,0.));
#5512=CARTESIAN_POINT('Origin',(277.774112549603,-57.5149429924858,0.));
#5513=CARTESIAN_POINT('Origin',(280.774112549603,-57.5149429924858,0.));
#5514=CARTESIAN_POINT('Origin',(280.774112549603,-65.8049429924858,0.));
#5515=CARTESIAN_POINT('Origin',(280.774112549603,-74.0949429924858,0.));
#5516=CARTESIAN_POINT('Origin',(277.774112549603,-70.8049429924858,-1.19));
#5517=CARTESIAN_POINT('',(275.774112549603,-61.9949429924858,-1.19));
#5518=CARTESIAN_POINT('',(277.774112549603,-61.9949429924858,-1.19));
#5519=CARTESIAN_POINT('',(275.774112549603,-61.9949429924858,-1.19));
#5520=CARTESIAN_POINT('Origin',(277.774112549603,-61.9949429924858,0.));
#5521=CARTESIAN_POINT('Origin',(275.774112549603,-61.9949429924858,0.));
#5522=CARTESIAN_POINT('Origin',(277.774112549603,-74.0949429924858,0.));
#5523=CARTESIAN_POINT('Origin',(277.774112549603,-74.0949429924858,0.));
#5524=CARTESIAN_POINT('Origin',(275.774112549603,-65.8049429924858,0.));
#5525=CARTESIAN_POINT('Origin',(277.774112549603,-74.0949429924858,3.75));
#5526=CARTESIAN_POINT('',(277.774112549603,-74.0949429924858,3.75));
#5527=CARTESIAN_POINT('',(277.774112549603,-57.5149429924858,3.75));
#5528=CARTESIAN_POINT('',(277.774112549603,-74.0949429924858,3.75));
#5529=CARTESIAN_POINT('',(276.774112549603,-57.5149429924858,3.75));
#5530=CARTESIAN_POINT('',(277.774112549603,-57.5149429924858,3.75));
#5531=CARTESIAN_POINT('',(276.774112549603,-74.0949429924858,3.75));
#5532=CARTESIAN_POINT('',(276.774112549603,-74.0949429924858,3.75));
#5533=CARTESIAN_POINT('',(277.774112549603,-74.0949429924858,3.75));
#5534=CARTESIAN_POINT('Origin',(277.774112549603,-74.0949429924858,0.));
#5535=CARTESIAN_POINT('',(277.774112549603,-74.0949429924858,-3.75));
#5536=CARTESIAN_POINT('Origin',(277.774112549603,-74.0949429924858,0.));
#5537=CARTESIAN_POINT('',(276.774112549603,-74.0949429924858,-3.75));
#5538=CARTESIAN_POINT('Origin',(276.774112549603,-74.0949429924858,0.));
#5539=CARTESIAN_POINT('',(277.774112549603,-74.0949429924858,-3.75));
#5540=CARTESIAN_POINT('Origin',(277.774112549603,-57.5149429924858,-3.75));
#5541=CARTESIAN_POINT('',(277.774112549603,-57.5149429924858,-3.75));
#5542=CARTESIAN_POINT('',(277.774112549603,-57.5149429924858,-3.75));
#5543=CARTESIAN_POINT('',(276.774112549603,-57.5149429924858,-3.75));
#5544=CARTESIAN_POINT('',(276.774112549603,-57.5149429924858,-3.75));
#5545=CARTESIAN_POINT('',(277.774112549603,-57.5149429924858,-3.75));
#5546=CARTESIAN_POINT('Origin',(277.774112549603,-57.5149429924858,0.));
#5547=CARTESIAN_POINT('Origin',(277.774112549603,-57.5149429924858,0.));
#5548=CARTESIAN_POINT('Origin',(276.774112549603,-57.5149429924858,0.));
#5549=CARTESIAN_POINT('Origin',(276.774112549603,-65.8049429924858,0.));
#5550=CARTESIAN_POINT('Origin',(277.774112549603,-65.8049429924858,0.));
#5551=CARTESIAN_POINT('',(0.,0.,0.));
#5552=CARTESIAN_POINT('Origin',(276.774112549603,-65.8049429924858,-6.875));
#5553=CARTESIAN_POINT('',(276.774112549603,-63.1591916814212,-8.));
#5554=CARTESIAN_POINT('',(276.774112549603,-68.4506943035503,-8.));
#5555=CARTESIAN_POINT('Origin',(276.774112549603,-65.8049429924858,-6.875));
#5556=CARTESIAN_POINT('',(278.774112549603,-63.1591916814212,-8.));
#5557=CARTESIAN_POINT('',(275.774112549603,-63.1591916814212,-8.));
#5558=CARTESIAN_POINT('',(278.774112549603,-68.4506943035503,-8.));
#5559=CARTESIAN_POINT('Origin',(278.774112549603,-65.8049429924858,-6.875));
#5560=CARTESIAN_POINT('',(275.774112549603,-68.4506943035503,-8.));
#5561=CARTESIAN_POINT('Origin',(278.774112549603,-65.8049429924858,-6.8772038241501));
#5562=CARTESIAN_POINT('Ctrl Pts',(278.774112549603,-68.4506943035503,-8.));
#5563=CARTESIAN_POINT('Ctrl Pts',(278.774112549603,-68.4256788314857,-8.05883086045517));
#5564=CARTESIAN_POINT('Ctrl Pts',(278.774112549603,-68.3989898111895,-8.11612501858896));
#5565=CARTESIAN_POINT('Ctrl Pts',(278.774112549603,-68.371026715513,-8.17147187644569));
#5566=CARTESIAN_POINT('Ctrl Pts',(278.774112549603,-68.2195677125704,-8.47125198677278));
#5567=CARTESIAN_POINT('Ctrl Pts',(278.774112549603,-67.9777403646429,-8.78590916919091));
#5568=CARTESIAN_POINT('Ctrl Pts',(278.774112549603,-67.7353371792415,-9.00554060832917));
#5569=CARTESIAN_POINT('Ctrl Pts',(278.774112549603,-67.4862715941092,-9.23120857062039));
#5570=CARTESIAN_POINT('Ctrl Pts',(278.774112549603,-67.1804019057985,-9.42488028743493));
#5571=CARTESIAN_POINT('Ctrl Pts',(278.774112549603,-66.8467525747461,-9.55460030495655));
#5572=CARTESIAN_POINT('Ctrl Pts',(278.774112549603,-66.5131032436936,-9.68432032247816));
#5573=CARTESIAN_POINT('Ctrl Pts',(278.774112549603,-66.1504934763756,-9.75));
#5574=CARTESIAN_POINT('Ctrl Pts',(278.774112549603,-65.8049429924858,-9.75));
#5575=CARTESIAN_POINT('Ctrl Pts',(278.774112549603,-65.4593925085959,-9.75));
#5576=CARTESIAN_POINT('Ctrl Pts',(278.774112549603,-65.0967827412779,-9.68432032247816));
#5577=CARTESIAN_POINT('Ctrl Pts',(278.774112549603,-64.7631334102254,-9.55460030495655));
#5578=CARTESIAN_POINT('Ctrl Pts',(278.774112549603,-64.4294840791731,-9.42488028743493));
#5579=CARTESIAN_POINT('Ctrl Pts',(278.774112549603,-64.1236143908623,-9.23120857062039));
#5580=CARTESIAN_POINT('Ctrl Pts',(278.774112549603,-63.87454880573,-9.00554060832917));
#5581=CARTESIAN_POINT('Ctrl Pts',(278.774112549603,-63.6321456203287,-8.78590916919091));
#5582=CARTESIAN_POINT('Ctrl Pts',(278.774112549603,-63.3903182724011,-8.47125198677278));
#5583=CARTESIAN_POINT('Ctrl Pts',(278.774112549603,-63.2388592694585,-8.17147187644569));
#5584=CARTESIAN_POINT('Ctrl Pts',(278.774112549603,-63.210896173782,-8.11612501858896));
#5585=CARTESIAN_POINT('Ctrl Pts',(278.774112549603,-63.1842071534859,-8.05883086045517));
#5586=CARTESIAN_POINT('Ctrl Pts',(278.774112549603,-63.1591916814212,-8.));
#5587=CARTESIAN_POINT('Origin',(276.774112549603,-65.8049429924858,-6.8772038241501));
#5588=CARTESIAN_POINT('Ctrl Pts',(276.774112549603,-63.1591916814212,-8.));
#5589=CARTESIAN_POINT('Ctrl Pts',(276.774112549603,-63.1842071534859,-8.05883086045517));
#5590=CARTESIAN_POINT('Ctrl Pts',(276.774112549603,-63.210896173782,-8.11612501858896));
#5591=CARTESIAN_POINT('Ctrl Pts',(276.774112549603,-63.2388592694585,-8.17147187644569));
#5592=CARTESIAN_POINT('Ctrl Pts',(276.774112549603,-63.3903182724011,-8.47125198677278));
#5593=CARTESIAN_POINT('Ctrl Pts',(276.774112549603,-63.6321456203287,-8.78590916919091));
#5594=CARTESIAN_POINT('Ctrl Pts',(276.774112549603,-63.87454880573,-9.00554060832917));
#5595=CARTESIAN_POINT('Ctrl Pts',(276.774112549603,-64.1236143908623,-9.23120857062039));
#5596=CARTESIAN_POINT('Ctrl Pts',(276.774112549603,-64.4294840791731,-9.42488028743493));
#5597=CARTESIAN_POINT('Ctrl Pts',(276.774112549603,-64.7631334102254,-9.55460030495655));
#5598=CARTESIAN_POINT('Ctrl Pts',(276.774112549603,-65.0967827412779,-9.68432032247816));
#5599=CARTESIAN_POINT('Ctrl Pts',(276.774112549603,-65.4593925085959,-9.75));
#5600=CARTESIAN_POINT('Ctrl Pts',(276.774112549603,-65.8049429924858,-9.75));
#5601=CARTESIAN_POINT('Ctrl Pts',(276.774112549603,-66.1504934763756,-9.75));
#5602=CARTESIAN_POINT('Ctrl Pts',(276.774112549603,-66.5131032436936,-9.68432032247816));
#5603=CARTESIAN_POINT('Ctrl Pts',(276.774112549603,-66.8467525747461,-9.55460030495655));
#5604=CARTESIAN_POINT('Ctrl Pts',(276.774112549603,-67.1804019057985,-9.42488028743493));
#5605=CARTESIAN_POINT('Ctrl Pts',(276.774112549603,-67.4862715941092,-9.23120857062039));
#5606=CARTESIAN_POINT('Ctrl Pts',(276.774112549603,-67.7353371792415,-9.00554060832917));
#5607=CARTESIAN_POINT('Ctrl Pts',(276.774112549603,-67.9777403646429,-8.78590916919091));
#5608=CARTESIAN_POINT('Ctrl Pts',(276.774112549603,-68.2195677125704,-8.47125198677278));
#5609=CARTESIAN_POINT('Ctrl Pts',(276.774112549603,-68.371026715513,-8.17147187644569));
#5610=CARTESIAN_POINT('Ctrl Pts',(276.774112549603,-68.3989898111895,-8.11612501858896));
#5611=CARTESIAN_POINT('Ctrl Pts',(276.774112549603,-68.4256788314857,-8.05883086045516));
#5612=CARTESIAN_POINT('Ctrl Pts',(276.774112549603,-68.4506943035503,-8.));
#5613=CARTESIAN_POINT('Origin',(276.774112549603,-65.8049429924858,6.875));
#5614=CARTESIAN_POINT('',(276.774112549603,-68.4506943035503,8.));
#5615=CARTESIAN_POINT('',(276.774112549603,-63.1591916814212,8.));
#5616=CARTESIAN_POINT('Origin',(276.774112549603,-65.8049429924858,6.875));
#5617=CARTESIAN_POINT('',(278.774112549603,-68.4506943035503,8.));
#5618=CARTESIAN_POINT('',(275.774112549603,-68.4506943035503,8.));
#5619=CARTESIAN_POINT('',(278.774112549603,-63.1591916814212,8.));
#5620=CARTESIAN_POINT('Origin',(278.774112549603,-65.8049429924858,6.875));
#5621=CARTESIAN_POINT('',(275.774112549603,-63.1591916814212,8.));
#5622=CARTESIAN_POINT('Origin',(278.774112549603,-65.8049429924858,6.87720382415011));
#5623=CARTESIAN_POINT('Ctrl Pts',(278.774112549603,-63.1591916814212,8.));
#5624=CARTESIAN_POINT('Ctrl Pts',(278.774112549603,-63.1842071534859,8.05883086045516));
#5625=CARTESIAN_POINT('Ctrl Pts',(278.774112549603,-63.210896173782,8.11612501858895));
#5626=CARTESIAN_POINT('Ctrl Pts',(278.774112549603,-63.2388592694585,8.17147187644567));
#5627=CARTESIAN_POINT('Ctrl Pts',(278.774112549603,-63.3903182724011,8.47125198677276));
#5628=CARTESIAN_POINT('Ctrl Pts',(278.774112549603,-63.6321456203287,8.78590916919088));
#5629=CARTESIAN_POINT('Ctrl Pts',(278.774112549603,-63.87454880573,9.00554060832915));
#5630=CARTESIAN_POINT('Ctrl Pts',(278.774112549603,-64.1236143908623,9.23120857062037));
#5631=CARTESIAN_POINT('Ctrl Pts',(278.774112549603,-64.4294840791731,9.42488028743492));
#5632=CARTESIAN_POINT('Ctrl Pts',(278.774112549603,-64.7631334102254,9.55460030495653));
#5633=CARTESIAN_POINT('Ctrl Pts',(278.774112549603,-65.0967827412779,9.68432032247815));
#5634=CARTESIAN_POINT('Ctrl Pts',(278.774112549603,-65.4593925085959,9.74999999999999));
#5635=CARTESIAN_POINT('Ctrl Pts',(278.774112549603,-65.8049429924858,9.74999999999999));
#5636=CARTESIAN_POINT('Ctrl Pts',(278.774112549603,-66.1504934763756,9.74999999999999));
#5637=CARTESIAN_POINT('Ctrl Pts',(278.774112549603,-66.5131032436936,9.68432032247815));
#5638=CARTESIAN_POINT('Ctrl Pts',(278.774112549603,-66.8467525747461,9.55460030495653));
#5639=CARTESIAN_POINT('Ctrl Pts',(278.774112549603,-67.1804019057985,9.42488028743492));
#5640=CARTESIAN_POINT('Ctrl Pts',(278.774112549603,-67.4862715941092,9.23120857062037));
#5641=CARTESIAN_POINT('Ctrl Pts',(278.774112549603,-67.7353371792415,9.00554060832915));
#5642=CARTESIAN_POINT('Ctrl Pts',(278.774112549603,-67.9777403646429,8.78590916919088));
#5643=CARTESIAN_POINT('Ctrl Pts',(278.774112549603,-68.2195677125704,8.47125198677275));
#5644=CARTESIAN_POINT('Ctrl Pts',(278.774112549603,-68.371026715513,8.17147187644567));
#5645=CARTESIAN_POINT('Ctrl Pts',(278.774112549603,-68.3989898111895,8.11612501858895));
#5646=CARTESIAN_POINT('Ctrl Pts',(278.774112549603,-68.4256788314856,8.05883086045516));
#5647=CARTESIAN_POINT('Ctrl Pts',(278.774112549603,-68.4506943035503,8.));
#5648=CARTESIAN_POINT('Origin',(276.774112549603,-65.8049429924858,6.87720382415011));
#5649=CARTESIAN_POINT('Ctrl Pts',(276.774112549603,-68.4506943035503,8.));
#5650=CARTESIAN_POINT('Ctrl Pts',(276.774112549603,-68.4256788314856,8.05883086045516));
#5651=CARTESIAN_POINT('Ctrl Pts',(276.774112549603,-68.3989898111895,8.11612501858895));
#5652=CARTESIAN_POINT('Ctrl Pts',(276.774112549603,-68.371026715513,8.17147187644567));
#5653=CARTESIAN_POINT('Ctrl Pts',(276.774112549603,-68.2195677125704,8.47125198677276));
#5654=CARTESIAN_POINT('Ctrl Pts',(276.774112549603,-67.9777403646429,8.78590916919088));
#5655=CARTESIAN_POINT('Ctrl Pts',(276.774112549603,-67.7353371792415,9.00554060832915));
#5656=CARTESIAN_POINT('Ctrl Pts',(276.774112549603,-67.4862715941092,9.23120857062037));
#5657=CARTESIAN_POINT('Ctrl Pts',(276.774112549603,-67.1804019057985,9.42488028743492));
#5658=CARTESIAN_POINT('Ctrl Pts',(276.774112549603,-66.8467525747461,9.55460030495653));
#5659=CARTESIAN_POINT('Ctrl Pts',(276.774112549603,-66.5131032436936,9.68432032247815));
#5660=CARTESIAN_POINT('Ctrl Pts',(276.774112549603,-66.1504934763756,9.74999999999999));
#5661=CARTESIAN_POINT('Ctrl Pts',(276.774112549603,-65.8049429924858,9.74999999999999));
#5662=CARTESIAN_POINT('Ctrl Pts',(276.774112549603,-65.4593925085959,9.74999999999999));
#5663=CARTESIAN_POINT('Ctrl Pts',(276.774112549603,-65.0967827412779,9.68432032247815));
#5664=CARTESIAN_POINT('Ctrl Pts',(276.774112549603,-64.7631334102254,9.55460030495653));
#5665=CARTESIAN_POINT('Ctrl Pts',(276.774112549603,-64.4294840791731,9.42488028743492));
#5666=CARTESIAN_POINT('Ctrl Pts',(276.774112549603,-64.1236143908623,9.23120857062037));
#5667=CARTESIAN_POINT('Ctrl Pts',(276.774112549603,-63.87454880573,9.00554060832915));
#5668=CARTESIAN_POINT('Ctrl Pts',(276.774112549603,-63.6321456203287,8.78590916919088));
#5669=CARTESIAN_POINT('Ctrl Pts',(276.774112549603,-63.3903182724011,8.47125198677276));
#5670=CARTESIAN_POINT('Ctrl Pts',(276.774112549603,-63.2388592694585,8.17147187644567));
#5671=CARTESIAN_POINT('Ctrl Pts',(276.774112549603,-63.210896173782,8.11612501858895));
#5672=CARTESIAN_POINT('Ctrl Pts',(276.774112549603,-63.1842071534859,8.05883086045516));
#5673=CARTESIAN_POINT('Ctrl Pts',(276.774112549603,-63.1591916814212,8.));
#5674=CARTESIAN_POINT('Ctrl Pts',(275.774112549603,-68.4506943035503,-8.));
#5675=CARTESIAN_POINT('Ctrl Pts',(280.774112549603,-68.4506943035503,-8.));
#5676=CARTESIAN_POINT('Ctrl Pts',(275.774112549603,-68.4256788314857,-8.05883086045516));
#5677=CARTESIAN_POINT('Ctrl Pts',(280.774112549603,-68.4256788314857,-8.05883086045516));
#5678=CARTESIAN_POINT('Ctrl Pts',(275.774112549603,-68.3989898111895,-8.11612501858896));
#5679=CARTESIAN_POINT('Ctrl Pts',(280.774112549603,-68.3989898111895,-8.11612501858896));
#5680=CARTESIAN_POINT('Ctrl Pts',(275.774112549603,-68.2195677125704,-8.47125198677278));
#5681=CARTESIAN_POINT('Ctrl Pts',(280.774112549603,-68.2195677125704,-8.47125198677278));
#5682=CARTESIAN_POINT('Ctrl Pts',(275.774112549603,-67.9777403646429,-8.78590916919091));
#5683=CARTESIAN_POINT('Ctrl Pts',(280.774112549603,-67.9777403646429,-8.78590916919091));
#5684=CARTESIAN_POINT('Ctrl Pts',(275.774112549603,-67.4862715941092,-9.23120857062039));
#5685=CARTESIAN_POINT('Ctrl Pts',(280.774112549603,-67.4862715941092,-9.23120857062039));
#5686=CARTESIAN_POINT('Ctrl Pts',(275.774112549603,-67.1804019057985,-9.42488028743493));
#5687=CARTESIAN_POINT('Ctrl Pts',(280.774112549603,-67.1804019057985,-9.42488028743493));
#5688=CARTESIAN_POINT('Ctrl Pts',(275.774112549603,-66.5131032436936,-9.68432032247816));
#5689=CARTESIAN_POINT('Ctrl Pts',(280.774112549603,-66.5131032436936,-9.68432032247816));
#5690=CARTESIAN_POINT('Ctrl Pts',(275.774112549603,-66.1504934763756,-9.75));
#5691=CARTESIAN_POINT('Ctrl Pts',(280.774112549603,-66.1504934763756,-9.75));
#5692=CARTESIAN_POINT('Ctrl Pts',(275.774112549603,-65.4593925085959,-9.75));
#5693=CARTESIAN_POINT('Ctrl Pts',(280.774112549603,-65.4593925085959,-9.75));
#5694=CARTESIAN_POINT('Ctrl Pts',(275.774112549603,-65.0967827412779,-9.68432032247816));
#5695=CARTESIAN_POINT('Ctrl Pts',(280.774112549603,-65.0967827412779,-9.68432032247816));
#5696=CARTESIAN_POINT('Ctrl Pts',(275.774112549603,-64.4294840791731,-9.42488028743493));
#5697=CARTESIAN_POINT('Ctrl Pts',(280.774112549603,-64.4294840791731,-9.42488028743493));
#5698=CARTESIAN_POINT('Ctrl Pts',(275.774112549603,-64.1236143908623,-9.23120857062039));
#5699=CARTESIAN_POINT('Ctrl Pts',(280.774112549603,-64.1236143908623,-9.23120857062039));
#5700=CARTESIAN_POINT('Ctrl Pts',(275.774112549603,-63.6321456203287,-8.78590916919091));
#5701=CARTESIAN_POINT('Ctrl Pts',(280.774112549603,-63.6321456203287,-8.78590916919091));
#5702=CARTESIAN_POINT('Ctrl Pts',(275.774112549603,-63.3903182724011,-8.47125198677278));
#5703=CARTESIAN_POINT('Ctrl Pts',(280.774112549603,-63.3903182724011,-8.47125198677278));
#5704=CARTESIAN_POINT('Ctrl Pts',(275.774112549603,-63.210896173782,-8.11612501858896));
#5705=CARTESIAN_POINT('Ctrl Pts',(280.774112549603,-63.210896173782,-8.11612501858896));
#5706=CARTESIAN_POINT('Ctrl Pts',(275.774112549603,-63.1842071534859,-8.05883086045517));
#5707=CARTESIAN_POINT('Ctrl Pts',(280.774112549603,-63.1842071534859,-8.05883086045517));
#5708=CARTESIAN_POINT('Ctrl Pts',(275.774112549603,-63.1591916814212,-8.));
#5709=CARTESIAN_POINT('Ctrl Pts',(280.774112549603,-63.1591916814212,-8.));
#5710=CARTESIAN_POINT('',(275.774112549603,-68.4506943035503,-8.));
#5711=CARTESIAN_POINT('',(275.774112549603,-68.4506943035503,-8.));
#5712=CARTESIAN_POINT('',(275.774112549603,-63.1591916814212,-8.));
#5713=CARTESIAN_POINT('Ctrl Pts',(275.774112549603,-63.1591916814212,-8.));
#5714=CARTESIAN_POINT('Ctrl Pts',(275.774112549603,-63.1842071534859,-8.05883086045517));
#5715=CARTESIAN_POINT('Ctrl Pts',(275.774112549603,-63.210896173782,-8.11612501858896));
#5716=CARTESIAN_POINT('Ctrl Pts',(275.774112549603,-63.2388592694585,-8.17147187644569));
#5717=CARTESIAN_POINT('Ctrl Pts',(275.774112549603,-63.3903182724011,-8.47125198677278));
#5718=CARTESIAN_POINT('Ctrl Pts',(275.774112549603,-63.6321456203287,-8.78590916919091));
#5719=CARTESIAN_POINT('Ctrl Pts',(275.774112549603,-63.87454880573,-9.00554060832917));
#5720=CARTESIAN_POINT('Ctrl Pts',(275.774112549603,-64.1236143908623,-9.23120857062039));
#5721=CARTESIAN_POINT('Ctrl Pts',(275.774112549603,-64.4294840791731,-9.42488028743493));
#5722=CARTESIAN_POINT('Ctrl Pts',(275.774112549603,-64.7631334102254,-9.55460030495655));
#5723=CARTESIAN_POINT('Ctrl Pts',(275.774112549603,-65.0967827412779,-9.68432032247816));
#5724=CARTESIAN_POINT('Ctrl Pts',(275.774112549603,-65.4593925085959,-9.75));
#5725=CARTESIAN_POINT('Ctrl Pts',(275.774112549603,-65.8049429924858,-9.75));
#5726=CARTESIAN_POINT('Ctrl Pts',(275.774112549603,-66.1504934763756,-9.75));
#5727=CARTESIAN_POINT('Ctrl Pts',(275.774112549603,-66.5131032436936,-9.68432032247816));
#5728=CARTESIAN_POINT('Ctrl Pts',(275.774112549603,-66.8467525747461,-9.55460030495655));
#5729=CARTESIAN_POINT('Ctrl Pts',(275.774112549603,-67.1804019057985,-9.42488028743493));
#5730=CARTESIAN_POINT('Ctrl Pts',(275.774112549603,-67.4862715941092,-9.23120857062039));
#5731=CARTESIAN_POINT('Ctrl Pts',(275.774112549603,-67.7353371792415,-9.00554060832917));
#5732=CARTESIAN_POINT('Ctrl Pts',(275.774112549603,-67.9777403646429,-8.78590916919091));
#5733=CARTESIAN_POINT('Ctrl Pts',(275.774112549603,-68.2195677125704,-8.47125198677278));
#5734=CARTESIAN_POINT('Ctrl Pts',(275.774112549603,-68.371026715513,-8.17147187644569));
#5735=CARTESIAN_POINT('Ctrl Pts',(275.774112549603,-68.3989898111895,-8.11612501858896));
#5736=CARTESIAN_POINT('Ctrl Pts',(275.774112549603,-68.4256788314857,-8.05883086045516));
#5737=CARTESIAN_POINT('Ctrl Pts',(275.774112549603,-68.4506943035503,-8.));
#5738=CARTESIAN_POINT('',(275.774112549603,-63.1591916814212,-8.));
#5739=CARTESIAN_POINT('Ctrl Pts',(275.774112549603,-63.1591916814212,8.));
#5740=CARTESIAN_POINT('Ctrl Pts',(280.774112549603,-63.1591916814212,8.));
#5741=CARTESIAN_POINT('Ctrl Pts',(275.774112549603,-63.1842071534859,8.05883086045516));
#5742=CARTESIAN_POINT('Ctrl Pts',(280.774112549603,-63.1842071534859,8.05883086045516));
#5743=CARTESIAN_POINT('Ctrl Pts',(275.774112549603,-63.210896173782,8.11612501858895));
#5744=CARTESIAN_POINT('Ctrl Pts',(280.774112549603,-63.210896173782,8.11612501858895));
#5745=CARTESIAN_POINT('Ctrl Pts',(275.774112549603,-63.3903182724011,8.47125198677276));
#5746=CARTESIAN_POINT('Ctrl Pts',(280.774112549603,-63.3903182724011,8.47125198677276));
#5747=CARTESIAN_POINT('Ctrl Pts',(275.774112549603,-63.6321456203287,8.78590916919088));
#5748=CARTESIAN_POINT('Ctrl Pts',(280.774112549603,-63.6321456203287,8.78590916919088));
#5749=CARTESIAN_POINT('Ctrl Pts',(275.774112549603,-64.1236143908623,9.23120857062037));
#5750=CARTESIAN_POINT('Ctrl Pts',(280.774112549603,-64.1236143908623,9.23120857062037));
#5751=CARTESIAN_POINT('Ctrl Pts',(275.774112549603,-64.4294840791731,9.42488028743492));
#5752=CARTESIAN_POINT('Ctrl Pts',(280.774112549603,-64.4294840791731,9.42488028743492));
#5753=CARTESIAN_POINT('Ctrl Pts',(275.774112549603,-65.0967827412779,9.68432032247815));
#5754=CARTESIAN_POINT('Ctrl Pts',(280.774112549603,-65.0967827412779,9.68432032247815));
#5755=CARTESIAN_POINT('Ctrl Pts',(275.774112549603,-65.4593925085959,9.74999999999999));
#5756=CARTESIAN_POINT('Ctrl Pts',(280.774112549603,-65.4593925085959,9.74999999999999));
#5757=CARTESIAN_POINT('Ctrl Pts',(275.774112549603,-66.1504934763756,9.74999999999999));
#5758=CARTESIAN_POINT('Ctrl Pts',(280.774112549603,-66.1504934763756,9.74999999999999));
#5759=CARTESIAN_POINT('Ctrl Pts',(275.774112549603,-66.5131032436936,9.68432032247815));
#5760=CARTESIAN_POINT('Ctrl Pts',(280.774112549603,-66.5131032436936,9.68432032247815));
#5761=CARTESIAN_POINT('Ctrl Pts',(275.774112549603,-67.1804019057985,9.42488028743492));
#5762=CARTESIAN_POINT('Ctrl Pts',(280.774112549603,-67.1804019057985,9.42488028743492));
#5763=CARTESIAN_POINT('Ctrl Pts',(275.774112549603,-67.4862715941092,9.23120857062037));
#5764=CARTESIAN_POINT('Ctrl Pts',(280.774112549603,-67.4862715941092,9.23120857062037));
#5765=CARTESIAN_POINT('Ctrl Pts',(275.774112549603,-67.9777403646429,8.78590916919088));
#5766=CARTESIAN_POINT('Ctrl Pts',(280.774112549603,-67.9777403646429,8.78590916919088));
#5767=CARTESIAN_POINT('Ctrl Pts',(275.774112549603,-68.2195677125704,8.47125198677276));
#5768=CARTESIAN_POINT('Ctrl Pts',(280.774112549603,-68.2195677125704,8.47125198677276));
#5769=CARTESIAN_POINT('Ctrl Pts',(275.774112549603,-68.3989898111895,8.11612501858895));
#5770=CARTESIAN_POINT('Ctrl Pts',(280.774112549603,-68.3989898111895,8.11612501858895));
#5771=CARTESIAN_POINT('Ctrl Pts',(275.774112549603,-68.4256788314856,8.05883086045516));
#5772=CARTESIAN_POINT('Ctrl Pts',(280.774112549603,-68.4256788314856,8.05883086045516));
#5773=CARTESIAN_POINT('Ctrl Pts',(275.774112549603,-68.4506943035503,8.));
#5774=CARTESIAN_POINT('Ctrl Pts',(280.774112549603,-68.4506943035503,8.));
#5775=CARTESIAN_POINT('',(280.774112549603,-68.4506943035503,8.));
#5776=CARTESIAN_POINT('',(275.774112549603,-68.4506943035503,8.));
#5777=CARTESIAN_POINT('',(280.774112549603,-63.1591916814212,8.));
#5778=CARTESIAN_POINT('Ctrl Pts',(280.774112549603,-63.1591916814212,8.));
#5779=CARTESIAN_POINT('Ctrl Pts',(280.774112549603,-63.1842071534859,8.05883086045516));
#5780=CARTESIAN_POINT('Ctrl Pts',(280.774112549603,-63.210896173782,8.11612501858895));
#5781=CARTESIAN_POINT('Ctrl Pts',(280.774112549603,-63.2388592694585,8.17147187644567));
#5782=CARTESIAN_POINT('Ctrl Pts',(280.774112549603,-63.3903182724011,8.47125198677276));
#5783=CARTESIAN_POINT('Ctrl Pts',(280.774112549603,-63.6321456203287,8.78590916919088));
#5784=CARTESIAN_POINT('Ctrl Pts',(280.774112549603,-63.87454880573,9.00554060832915));
#5785=CARTESIAN_POINT('Ctrl Pts',(280.774112549603,-64.1236143908623,9.23120857062037));
#5786=CARTESIAN_POINT('Ctrl Pts',(280.774112549603,-64.4294840791731,9.42488028743492));
#5787=CARTESIAN_POINT('Ctrl Pts',(280.774112549603,-64.7631334102254,9.55460030495653));
#5788=CARTESIAN_POINT('Ctrl Pts',(280.774112549603,-65.0967827412779,9.68432032247815));
#5789=CARTESIAN_POINT('Ctrl Pts',(280.774112549603,-65.4593925085959,9.74999999999999));
#5790=CARTESIAN_POINT('Ctrl Pts',(280.774112549603,-65.8049429924858,9.74999999999999));
#5791=CARTESIAN_POINT('Ctrl Pts',(280.774112549603,-66.1504934763756,9.74999999999999));
#5792=CARTESIAN_POINT('Ctrl Pts',(280.774112549603,-66.5131032436936,9.68432032247815));
#5793=CARTESIAN_POINT('Ctrl Pts',(280.774112549603,-66.8467525747461,9.55460030495653));
#5794=CARTESIAN_POINT('Ctrl Pts',(280.774112549603,-67.1804019057985,9.42488028743492));
#5795=CARTESIAN_POINT('Ctrl Pts',(280.774112549603,-67.4862715941092,9.23120857062037));
#5796=CARTESIAN_POINT('Ctrl Pts',(280.774112549603,-67.7353371792415,9.00554060832915));
#5797=CARTESIAN_POINT('Ctrl Pts',(280.774112549603,-67.9777403646429,8.78590916919088));
#5798=CARTESIAN_POINT('Ctrl Pts',(280.774112549603,-68.2195677125704,8.47125198677276));
#5799=CARTESIAN_POINT('Ctrl Pts',(280.774112549603,-68.371026715513,8.17147187644567));
#5800=CARTESIAN_POINT('Ctrl Pts',(280.774112549603,-68.3989898111895,8.11612501858895));
#5801=CARTESIAN_POINT('Ctrl Pts',(280.774112549603,-68.4256788314856,8.05883086045516));
#5802=CARTESIAN_POINT('Ctrl Pts',(280.774112549603,-68.4506943035503,8.));
#5803=CARTESIAN_POINT('',(275.774112549603,-63.1591916814212,8.));
#5804=CARTESIAN_POINT('Origin',(277.774112549603,-74.0949429924858,3.75));
#5805=CARTESIAN_POINT('',(277.774112549603,-74.0949429924858,3.75));
#5806=CARTESIAN_POINT('',(277.774112549603,-57.5149429924858,3.75));
#5807=CARTESIAN_POINT('',(277.774112549603,-74.0949429924858,3.75));
#5808=CARTESIAN_POINT('',(276.774112549603,-74.0949429924858,3.75));
#5809=CARTESIAN_POINT('',(277.774112549603,-74.0949429924858,3.75));
#5810=CARTESIAN_POINT('',(276.774112549603,-57.5149429924858,3.75));
#5811=CARTESIAN_POINT('',(276.774112549603,-74.0949429924858,3.75));
#5812=CARTESIAN_POINT('',(277.774112549603,-57.5149429924858,3.75));
#5813=CARTESIAN_POINT('Origin',(277.774112549603,-74.0949429924858,0.));
#5814=CARTESIAN_POINT('',(277.774112549603,-74.0949429924858,-3.75));
#5815=CARTESIAN_POINT('Origin',(277.774112549603,-74.0949429924858,0.));
#5816=CARTESIAN_POINT('',(276.774112549603,-74.0949429924858,-3.75));
#5817=CARTESIAN_POINT('',(277.774112549603,-74.0949429924858,-3.75));
#5818=CARTESIAN_POINT('Origin',(276.774112549603,-74.0949429924858,0.));
#5819=CARTESIAN_POINT('Origin',(277.774112549603,-57.5149429924858,-3.75));
#5820=CARTESIAN_POINT('',(277.774112549603,-57.5149429924858,-3.75));
#5821=CARTESIAN_POINT('',(277.774112549603,-57.5149429924858,-3.75));
#5822=CARTESIAN_POINT('',(276.774112549603,-57.5149429924858,-3.75));
#5823=CARTESIAN_POINT('',(277.774112549603,-57.5149429924858,-3.75));
#5824=CARTESIAN_POINT('',(276.774112549603,-57.5149429924858,-3.75));
#5825=CARTESIAN_POINT('Origin',(277.774112549603,-57.5149429924858,0.));
#5826=CARTESIAN_POINT('Origin',(277.774112549603,-57.5149429924858,0.));
#5827=CARTESIAN_POINT('Origin',(276.774112549603,-57.5149429924858,0.));
#5828=CARTESIAN_POINT('Origin',(276.774112549603,-65.8049429924858,0.));
#5829=CARTESIAN_POINT('',(276.774112549603,-57.5149429924858,2.75));
#5830=CARTESIAN_POINT('',(276.774112549603,-74.0949429924858,2.75));
#5831=CARTESIAN_POINT('',(276.774112549603,-69.9499429924858,2.75));
#5832=CARTESIAN_POINT('',(276.774112549603,-57.5149429924858,-2.75));
#5833=CARTESIAN_POINT('Origin',(276.774112549603,-57.5149429924858,0.));
#5834=CARTESIAN_POINT('',(276.774112549603,-74.0949429924858,-2.75));
#5835=CARTESIAN_POINT('',(276.774112549603,-61.6599429924858,-2.75));
#5836=CARTESIAN_POINT('Origin',(276.774112549603,-74.0949429924858,0.));
#5837=CARTESIAN_POINT('Origin',(277.774112549603,-65.8049429924858,0.));
#5838=CARTESIAN_POINT('',(277.774112549603,-74.0949429924858,2.75));
#5839=CARTESIAN_POINT('',(277.774112549603,-57.5149429924858,2.75));
#5840=CARTESIAN_POINT('',(277.774112549603,-69.9499429924858,2.75));
#5841=CARTESIAN_POINT('',(277.774112549603,-74.0949429924858,-2.75));
#5842=CARTESIAN_POINT('Origin',(277.774112549603,-74.0949429924858,0.));
#5843=CARTESIAN_POINT('',(277.774112549603,-57.5149429924858,-2.75));
#5844=CARTESIAN_POINT('',(277.774112549603,-61.6599429924858,-2.75));
#5845=CARTESIAN_POINT('Origin',(277.774112549603,-57.5149429924858,0.));
#5846=CARTESIAN_POINT('Origin',(275.774112549603,-74.0949429924858,0.));
#5847=CARTESIAN_POINT('',(275.774112549603,-74.0949429924858,-2.75));
#5848=CARTESIAN_POINT('',(275.774112549603,-74.0949429924858,-2.75));
#5849=CARTESIAN_POINT('',(275.774112549603,-74.0949429924858,2.75));
#5850=CARTESIAN_POINT('Origin',(275.774112549603,-74.0949429924858,0.));
#5851=CARTESIAN_POINT('',(275.774112549603,-74.0949429924858,2.75));
#5852=CARTESIAN_POINT('Origin',(275.774112549603,-74.0949429924858,0.));
#5853=CARTESIAN_POINT('',(280.774112549603,-74.0949429924858,2.75));
#5854=CARTESIAN_POINT('',(275.774112549603,-74.0949429924858,2.75));
#5855=CARTESIAN_POINT('',(280.774112549603,-74.0949429924858,-2.75));
#5856=CARTESIAN_POINT('Origin',(280.774112549603,-74.0949429924858,0.));
#5857=CARTESIAN_POINT('',(275.774112549603,-74.0949429924858,-2.75));
#5858=CARTESIAN_POINT('Origin',(275.774112549603,-57.5149429924858,-2.75));
#5859=CARTESIAN_POINT('',(275.774112549603,-57.5149429924858,-2.75));
#5860=CARTESIAN_POINT('',(275.774112549603,-57.5149429924858,-2.75));
#5861=CARTESIAN_POINT('',(275.774112549603,-57.5149429924858,-2.75));
#5862=CARTESIAN_POINT('Origin',(275.774112549603,-57.5149429924858,0.));
#5863=CARTESIAN_POINT('',(275.774112549603,-57.5149429924858,2.75));
#5864=CARTESIAN_POINT('',(275.774112549603,-57.5149429924858,2.75));
#5865=CARTESIAN_POINT('Origin',(275.774112549603,-57.5149429924858,0.));
#5866=CARTESIAN_POINT('Origin',(275.774112549603,-74.0949429924858,2.75));
#5867=CARTESIAN_POINT('',(275.774112549603,-74.0949429924858,2.75));
#5868=CARTESIAN_POINT('Origin',(275.774112549603,-74.0949429924858,2.75));
#5869=CARTESIAN_POINT('',(280.774112549603,-57.5149429924858,2.75));
#5870=CARTESIAN_POINT('',(275.774112549603,-57.5149429924858,2.75));
#5871=CARTESIAN_POINT('',(280.774112549603,-74.0949429924858,2.75));
#5872=CARTESIAN_POINT('Origin',(275.774112549603,-57.5149429924858,-2.75));
#5873=CARTESIAN_POINT('',(280.774112549603,-57.5149429924858,-2.75));
#5874=CARTESIAN_POINT('',(280.774112549603,-57.5149429924858,-2.75));
#5875=CARTESIAN_POINT('',(275.774112549603,-57.5149429924858,-2.75));
#5876=CARTESIAN_POINT('Origin',(275.774112549603,-57.5149429924858,0.));
#5877=CARTESIAN_POINT('Origin',(280.774112549603,-57.5149429924858,0.));
#5878=CARTESIAN_POINT('Ctrl Pts',(275.774112549603,-63.1591916814212,8.));
#5879=CARTESIAN_POINT('Ctrl Pts',(280.774112549603,-63.1591916814212,8.));
#5880=CARTESIAN_POINT('Ctrl Pts',(275.774112549603,-63.1842071534859,8.05883086045516));
#5881=CARTESIAN_POINT('Ctrl Pts',(280.774112549603,-63.1842071534859,8.05883086045516));
#5882=CARTESIAN_POINT('Ctrl Pts',(275.774112549603,-63.210896173782,8.11612501858895));
#5883=CARTESIAN_POINT('Ctrl Pts',(280.774112549603,-63.210896173782,8.11612501858895));
#5884=CARTESIAN_POINT('Ctrl Pts',(275.774112549603,-63.3903182724011,8.47125198677276));
#5885=CARTESIAN_POINT('Ctrl Pts',(280.774112549603,-63.3903182724011,8.47125198677276));
#5886=CARTESIAN_POINT('Ctrl Pts',(275.774112549603,-63.6321456203287,8.78590916919088));
#5887=CARTESIAN_POINT('Ctrl Pts',(280.774112549603,-63.6321456203287,8.78590916919088));
#5888=CARTESIAN_POINT('Ctrl Pts',(275.774112549603,-64.1236143908623,9.23120857062037));
#5889=CARTESIAN_POINT('Ctrl Pts',(280.774112549603,-64.1236143908623,9.23120857062037));
#5890=CARTESIAN_POINT('Ctrl Pts',(275.774112549603,-64.4294840791731,9.42488028743492));
#5891=CARTESIAN_POINT('Ctrl Pts',(280.774112549603,-64.4294840791731,9.42488028743492));
#5892=CARTESIAN_POINT('Ctrl Pts',(275.774112549603,-65.0967827412779,9.68432032247815));
#5893=CARTESIAN_POINT('Ctrl Pts',(280.774112549603,-65.0967827412779,9.68432032247815));
#5894=CARTESIAN_POINT('Ctrl Pts',(275.774112549603,-65.4593925085959,9.74999999999999));
#5895=CARTESIAN_POINT('Ctrl Pts',(280.774112549603,-65.4593925085959,9.74999999999999));
#5896=CARTESIAN_POINT('Ctrl Pts',(275.774112549603,-66.1504934763756,9.74999999999999));
#5897=CARTESIAN_POINT('Ctrl Pts',(280.774112549603,-66.1504934763756,9.74999999999999));
#5898=CARTESIAN_POINT('Ctrl Pts',(275.774112549603,-66.5131032436936,9.68432032247815));
#5899=CARTESIAN_POINT('Ctrl Pts',(280.774112549603,-66.5131032436936,9.68432032247815));
#5900=CARTESIAN_POINT('Ctrl Pts',(275.774112549603,-67.1804019057985,9.42488028743492));
#5901=CARTESIAN_POINT('Ctrl Pts',(280.774112549603,-67.1804019057985,9.42488028743492));
#5902=CARTESIAN_POINT('Ctrl Pts',(275.774112549603,-67.4862715941092,9.23120857062037));
#5903=CARTESIAN_POINT('Ctrl Pts',(280.774112549603,-67.4862715941092,9.23120857062037));
#5904=CARTESIAN_POINT('Ctrl Pts',(275.774112549603,-67.9777403646429,8.78590916919088));
#5905=CARTESIAN_POINT('Ctrl Pts',(280.774112549603,-67.9777403646429,8.78590916919088));
#5906=CARTESIAN_POINT('Ctrl Pts',(275.774112549603,-68.2195677125704,8.47125198677276));
#5907=CARTESIAN_POINT('Ctrl Pts',(280.774112549603,-68.2195677125704,8.47125198677276));
#5908=CARTESIAN_POINT('Ctrl Pts',(275.774112549603,-68.3989898111895,8.11612501858895));
#5909=CARTESIAN_POINT('Ctrl Pts',(280.774112549603,-68.3989898111895,8.11612501858895));
#5910=CARTESIAN_POINT('Ctrl Pts',(275.774112549603,-68.4256788314856,8.05883086045516));
#5911=CARTESIAN_POINT('Ctrl Pts',(280.774112549603,-68.4256788314856,8.05883086045516));
#5912=CARTESIAN_POINT('Ctrl Pts',(275.774112549603,-68.4506943035503,8.));
#5913=CARTESIAN_POINT('Ctrl Pts',(280.774112549603,-68.4506943035503,8.));
#5914=CARTESIAN_POINT('',(275.774112549603,-63.1591916814212,8.));
#5915=CARTESIAN_POINT('',(275.774112549603,-63.1591916814212,8.));
#5916=CARTESIAN_POINT('',(275.774112549603,-68.4506943035503,8.));
#5917=CARTESIAN_POINT('Ctrl Pts',(275.774112549603,-68.4506943035503,8.));
#5918=CARTESIAN_POINT('Ctrl Pts',(275.774112549603,-68.4256788314856,8.05883086045516));
#5919=CARTESIAN_POINT('Ctrl Pts',(275.774112549603,-68.3989898111895,8.11612501858895));
#5920=CARTESIAN_POINT('Ctrl Pts',(275.774112549603,-68.371026715513,8.17147187644567));
#5921=CARTESIAN_POINT('Ctrl Pts',(275.774112549603,-68.2195677125704,8.47125198677276));
#5922=CARTESIAN_POINT('Ctrl Pts',(275.774112549603,-67.9777403646429,8.78590916919088));
#5923=CARTESIAN_POINT('Ctrl Pts',(275.774112549603,-67.7353371792415,9.00554060832915));
#5924=CARTESIAN_POINT('Ctrl Pts',(275.774112549603,-67.4862715941092,9.23120857062037));
#5925=CARTESIAN_POINT('Ctrl Pts',(275.774112549603,-67.1804019057985,9.42488028743492));
#5926=CARTESIAN_POINT('Ctrl Pts',(275.774112549603,-66.8467525747461,9.55460030495653));
#5927=CARTESIAN_POINT('Ctrl Pts',(275.774112549603,-66.5131032436936,9.68432032247815));
#5928=CARTESIAN_POINT('Ctrl Pts',(275.774112549603,-66.1504934763756,9.74999999999999));
#5929=CARTESIAN_POINT('Ctrl Pts',(275.774112549603,-65.8049429924858,9.74999999999999));
#5930=CARTESIAN_POINT('Ctrl Pts',(275.774112549603,-65.4593925085959,9.74999999999999));
#5931=CARTESIAN_POINT('Ctrl Pts',(275.774112549603,-65.0967827412779,9.68432032247815));
#5932=CARTESIAN_POINT('Ctrl Pts',(275.774112549603,-64.7631334102254,9.55460030495653));
#5933=CARTESIAN_POINT('Ctrl Pts',(275.774112549603,-64.4294840791731,9.42488028743492));
#5934=CARTESIAN_POINT('Ctrl Pts',(275.774112549603,-64.1236143908623,9.23120857062037));
#5935=CARTESIAN_POINT('Ctrl Pts',(275.774112549603,-63.87454880573,9.00554060832915));
#5936=CARTESIAN_POINT('Ctrl Pts',(275.774112549603,-63.6321456203287,8.78590916919088));
#5937=CARTESIAN_POINT('Ctrl Pts',(275.774112549603,-63.3903182724011,8.47125198677276));
#5938=CARTESIAN_POINT('Ctrl Pts',(275.774112549603,-63.2388592694585,8.17147187644567));
#5939=CARTESIAN_POINT('Ctrl Pts',(275.774112549603,-63.210896173782,8.11612501858895));
#5940=CARTESIAN_POINT('Ctrl Pts',(275.774112549603,-63.1842071534859,8.05883086045516));
#5941=CARTESIAN_POINT('Ctrl Pts',(275.774112549603,-63.1591916814212,8.));
#5942=CARTESIAN_POINT('',(275.774112549603,-68.4506943035503,8.));
#5943=CARTESIAN_POINT('Origin',(275.774112549603,-61.6098859849715,8.));
#5944=CARTESIAN_POINT('',(275.774112549603,-61.6098859849715,8.));
#5945=CARTESIAN_POINT('',(275.774112549603,-63.1591916814212,8.));
#5946=CARTESIAN_POINT('',(280.774112549603,-61.6098859849715,8.));
#5947=CARTESIAN_POINT('',(280.774112549603,-63.1591916814212,8.));
#5948=CARTESIAN_POINT('',(275.774112549603,-61.6098859849715,8.));
#5949=CARTESIAN_POINT('Origin',(275.774112549603,-61.6098859849715,-5.55111512312578E-16));
#5950=CARTESIAN_POINT('',(275.774112549603,-61.6098859849715,-8.));
#5951=CARTESIAN_POINT('Origin',(275.774112549603,-61.6098859849715,-5.55111512312578E-16));
#5952=CARTESIAN_POINT('',(280.774112549603,-61.6098859849715,-8.));
#5953=CARTESIAN_POINT('Origin',(280.774112549603,-61.6098859849715,-5.55111512312578E-16));
#5954=CARTESIAN_POINT('',(275.774112549603,-61.6098859849715,-8.));
#5955=CARTESIAN_POINT('Origin',(275.774112549603,-63.1591916814212,-8.));
#5956=CARTESIAN_POINT('',(275.774112549603,-61.6098859849715,-8.));
#5957=CARTESIAN_POINT('',(280.774112549603,-63.1591916814212,-8.));
#5958=CARTESIAN_POINT('',(280.774112549603,-61.6098859849715,-8.));
#5959=CARTESIAN_POINT('',(275.774112549603,-63.1591916814212,-8.));
#5960=CARTESIAN_POINT('Ctrl Pts',(275.774112549603,-68.4506943035503,-8.));
#5961=CARTESIAN_POINT('Ctrl Pts',(280.774112549603,-68.4506943035503,-8.));
#5962=CARTESIAN_POINT('Ctrl Pts',(275.774112549603,-68.4256788314857,-8.05883086045516));
#5963=CARTESIAN_POINT('Ctrl Pts',(280.774112549603,-68.4256788314857,-8.05883086045516));
#5964=CARTESIAN_POINT('Ctrl Pts',(275.774112549603,-68.3989898111895,-8.11612501858896));
#5965=CARTESIAN_POINT('Ctrl Pts',(280.774112549603,-68.3989898111895,-8.11612501858896));
#5966=CARTESIAN_POINT('Ctrl Pts',(275.774112549603,-68.2195677125704,-8.47125198677278));
#5967=CARTESIAN_POINT('Ctrl Pts',(280.774112549603,-68.2195677125704,-8.47125198677278));
#5968=CARTESIAN_POINT('Ctrl Pts',(275.774112549603,-67.9777403646429,-8.78590916919091));
#5969=CARTESIAN_POINT('Ctrl Pts',(280.774112549603,-67.9777403646429,-8.78590916919091));
#5970=CARTESIAN_POINT('Ctrl Pts',(275.774112549603,-67.4862715941092,-9.23120857062039));
#5971=CARTESIAN_POINT('Ctrl Pts',(280.774112549603,-67.4862715941092,-9.23120857062039));
#5972=CARTESIAN_POINT('Ctrl Pts',(275.774112549603,-67.1804019057985,-9.42488028743493));
#5973=CARTESIAN_POINT('Ctrl Pts',(280.774112549603,-67.1804019057985,-9.42488028743493));
#5974=CARTESIAN_POINT('Ctrl Pts',(275.774112549603,-66.5131032436936,-9.68432032247816));
#5975=CARTESIAN_POINT('Ctrl Pts',(280.774112549603,-66.5131032436936,-9.68432032247816));
#5976=CARTESIAN_POINT('Ctrl Pts',(275.774112549603,-66.1504934763756,-9.75));
#5977=CARTESIAN_POINT('Ctrl Pts',(280.774112549603,-66.1504934763756,-9.75));
#5978=CARTESIAN_POINT('Ctrl Pts',(275.774112549603,-65.4593925085959,-9.75));
#5979=CARTESIAN_POINT('Ctrl Pts',(280.774112549603,-65.4593925085959,-9.75));
#5980=CARTESIAN_POINT('Ctrl Pts',(275.774112549603,-65.0967827412779,-9.68432032247816));
#5981=CARTESIAN_POINT('Ctrl Pts',(280.774112549603,-65.0967827412779,-9.68432032247816));
#5982=CARTESIAN_POINT('Ctrl Pts',(275.774112549603,-64.4294840791731,-9.42488028743493));
#5983=CARTESIAN_POINT('Ctrl Pts',(280.774112549603,-64.4294840791731,-9.42488028743493));
#5984=CARTESIAN_POINT('Ctrl Pts',(275.774112549603,-64.1236143908623,-9.23120857062039));
#5985=CARTESIAN_POINT('Ctrl Pts',(280.774112549603,-64.1236143908623,-9.23120857062039));
#5986=CARTESIAN_POINT('Ctrl Pts',(275.774112549603,-63.6321456203287,-8.78590916919091));
#5987=CARTESIAN_POINT('Ctrl Pts',(280.774112549603,-63.6321456203287,-8.78590916919091));
#5988=CARTESIAN_POINT('Ctrl Pts',(275.774112549603,-63.3903182724011,-8.47125198677278));
#5989=CARTESIAN_POINT('Ctrl Pts',(280.774112549603,-63.3903182724011,-8.47125198677278));
#5990=CARTESIAN_POINT('Ctrl Pts',(275.774112549603,-63.210896173782,-8.11612501858896));
#5991=CARTESIAN_POINT('Ctrl Pts',(280.774112549603,-63.210896173782,-8.11612501858896));
#5992=CARTESIAN_POINT('Ctrl Pts',(275.774112549603,-63.1842071534859,-8.05883086045517));
#5993=CARTESIAN_POINT('Ctrl Pts',(280.774112549603,-63.1842071534859,-8.05883086045517));
#5994=CARTESIAN_POINT('Ctrl Pts',(275.774112549603,-63.1591916814212,-8.));
#5995=CARTESIAN_POINT('Ctrl Pts',(280.774112549603,-63.1591916814212,-8.));
#5996=CARTESIAN_POINT('',(280.774112549603,-68.4506943035503,-8.));
#5997=CARTESIAN_POINT('Ctrl Pts',(280.774112549603,-68.4506943035503,-8.));
#5998=CARTESIAN_POINT('Ctrl Pts',(280.774112549603,-68.4256788314857,-8.05883086045516));
#5999=CARTESIAN_POINT('Ctrl Pts',(280.774112549603,-68.3989898111895,-8.11612501858896));
#6000=CARTESIAN_POINT('Ctrl Pts',(280.774112549603,-68.371026715513,-8.17147187644569));
#6001=CARTESIAN_POINT('Ctrl Pts',(280.774112549603,-68.2195677125704,-8.47125198677278));
#6002=CARTESIAN_POINT('Ctrl Pts',(280.774112549603,-67.9777403646429,-8.78590916919091));
#6003=CARTESIAN_POINT('Ctrl Pts',(280.774112549603,-67.7353371792415,-9.00554060832917));
#6004=CARTESIAN_POINT('Ctrl Pts',(280.774112549603,-67.4862715941092,-9.23120857062039));
#6005=CARTESIAN_POINT('Ctrl Pts',(280.774112549603,-67.1804019057985,-9.42488028743493));
#6006=CARTESIAN_POINT('Ctrl Pts',(280.774112549603,-66.8467525747461,-9.55460030495655));
#6007=CARTESIAN_POINT('Ctrl Pts',(280.774112549603,-66.5131032436936,-9.68432032247816));
#6008=CARTESIAN_POINT('Ctrl Pts',(280.774112549603,-66.1504934763756,-9.75));
#6009=CARTESIAN_POINT('Ctrl Pts',(280.774112549603,-65.8049429924858,-9.75));
#6010=CARTESIAN_POINT('Ctrl Pts',(280.774112549603,-65.4593925085959,-9.75));
#6011=CARTESIAN_POINT('Ctrl Pts',(280.774112549603,-65.0967827412779,-9.68432032247816));
#6012=CARTESIAN_POINT('Ctrl Pts',(280.774112549603,-64.7631334102254,-9.55460030495655));
#6013=CARTESIAN_POINT('Ctrl Pts',(280.774112549603,-64.4294840791731,-9.42488028743493));
#6014=CARTESIAN_POINT('Ctrl Pts',(280.774112549603,-64.1236143908623,-9.23120857062039));
#6015=CARTESIAN_POINT('Ctrl Pts',(280.774112549603,-63.87454880573,-9.00554060832917));
#6016=CARTESIAN_POINT('Ctrl Pts',(280.774112549603,-63.6321456203287,-8.78590916919091));
#6017=CARTESIAN_POINT('Ctrl Pts',(280.774112549603,-63.3903182724011,-8.47125198677278));
#6018=CARTESIAN_POINT('Ctrl Pts',(280.774112549603,-63.2388592694585,-8.17147187644569));
#6019=CARTESIAN_POINT('Ctrl Pts',(280.774112549603,-63.210896173782,-8.11612501858896));
#6020=CARTESIAN_POINT('Ctrl Pts',(280.774112549603,-63.1842071534859,-8.05883086045517));
#6021=CARTESIAN_POINT('Ctrl Pts',(280.774112549603,-63.1591916814212,-8.));
#6022=CARTESIAN_POINT('',(275.774112549603,-68.4506943035503,-8.));
#6023=CARTESIAN_POINT('Origin',(275.774112549603,-70.,-8.));
#6024=CARTESIAN_POINT('',(275.774112549603,-70.,-8.));
#6025=CARTESIAN_POINT('',(275.774112549603,-68.4506943035503,-8.));
#6026=CARTESIAN_POINT('',(280.774112549603,-70.,-8.));
#6027=CARTESIAN_POINT('',(280.774112549603,-68.4506943035503,-8.));
#6028=CARTESIAN_POINT('',(275.774112549603,-70.,-8.));
#6029=CARTESIAN_POINT('Origin',(275.774112549603,-70.,5.55111512312578E-16));
#6030=CARTESIAN_POINT('',(275.774112549603,-70.,8.));
#6031=CARTESIAN_POINT('Origin',(275.774112549603,-70.,5.55111512312578E-16));
#6032=CARTESIAN_POINT('',(280.774112549603,-70.,8.));
#6033=CARTESIAN_POINT('Origin',(280.774112549603,-70.,5.55111512312578E-16));
#6034=CARTESIAN_POINT('',(275.774112549603,-70.,8.));
#6035=CARTESIAN_POINT('Origin',(275.774112549603,-68.4506943035503,8.));
#6036=CARTESIAN_POINT('',(275.774112549603,-68.4506943035503,8.));
#6037=CARTESIAN_POINT('',(280.774112549603,-68.4506943035503,8.));
#6038=CARTESIAN_POINT('Origin',(280.774112549603,-65.8049429924858,0.));
#6039=CARTESIAN_POINT('Origin',(275.774112549603,-65.8049429924858,0.));
#6040=CARTESIAN_POINT('',(0.,0.,0.));
#6041=CARTESIAN_POINT('Origin',(275.774112549603,-61.6098859849715,-8.));
#6042=CARTESIAN_POINT('',(298.174112549603,-66.3639599868607,-8.));
#6043=CARTESIAN_POINT('',(298.174112549603,-70.,-8.));
#6044=CARTESIAN_POINT('',(298.174112549603,-68.4506943035503,-8.));
#6045=CARTESIAN_POINT('',(296.174112549603,-66.3639599868607,-8.));
#6046=CARTESIAN_POINT('',(302.174112549603,-66.3639599868607,-8.));
#6047=CARTESIAN_POINT('',(296.174112549603,-65.2459259981108,-8.));
#6048=CARTESIAN_POINT('',(296.174112549603,-63.7074144887286,-8.));
#6049=CARTESIAN_POINT('',(298.174112549603,-65.2459259981108,-8.));
#6050=CARTESIAN_POINT('',(302.174112549603,-65.2459259981108,-8.));
#6051=CARTESIAN_POINT('',(298.174112549603,-61.6098859849715,-8.));
#6052=CARTESIAN_POINT('',(298.174112549603,-63.7074144887286,-8.));
#6053=CARTESIAN_POINT('',(275.774112549603,-61.6098859849715,-8.));
#6054=CARTESIAN_POINT('',(275.774112549603,-61.6098859849715,-8.));
#6055=CARTESIAN_POINT('',(275.774112549603,-63.1591916814212,-8.));
#6056=CARTESIAN_POINT('',(275.774112549603,-72.9024714962429,-8.));
#6057=CARTESIAN_POINT('',(280.774112549603,-63.1591916814212,-8.));
#6058=CARTESIAN_POINT('',(275.774112549603,-63.1591916814212,-8.));
#6059=CARTESIAN_POINT('',(280.774112549603,-68.4506943035503,-8.));
#6060=CARTESIAN_POINT('',(280.774112549603,-68.4506943035503,-8.));
#6061=CARTESIAN_POINT('',(275.774112549603,-68.4506943035503,-8.));
#6062=CARTESIAN_POINT('',(275.774112549603,-68.4506943035503,-8.));
#6063=CARTESIAN_POINT('',(275.774112549603,-70.,-8.));
#6064=CARTESIAN_POINT('',(275.774112549603,-72.9024714962429,-8.));
#6065=CARTESIAN_POINT('',(275.774112549603,-70.,-8.));
#6066=CARTESIAN_POINT('Origin',(275.774112549603,-61.6098859849715,-5.55111512312578E-16));
#6067=CARTESIAN_POINT('',(298.174112549603,-61.6098859849715,8.));
#6068=CARTESIAN_POINT('Origin',(298.174112549603,-61.6098859849715,-5.55111512312578E-16));
#6069=CARTESIAN_POINT('',(275.774112549603,-61.6098859849715,8.));
#6070=CARTESIAN_POINT('',(275.774112549603,-61.6098859849715,8.));
#6071=CARTESIAN_POINT('Origin',(275.774112549603,-61.6098859849715,0.));
#6072=CARTESIAN_POINT('Origin',(296.174112549603,-65.8049429924858,-7.5));
#6073=CARTESIAN_POINT('Origin',(296.174112549603,-65.8049429924858,-7.5));
#6074=CARTESIAN_POINT('Origin',(296.174112549603,-65.8049429924858,7.5));
#6075=CARTESIAN_POINT('',(296.174112549603,-65.2459259981108,8.));
#6076=CARTESIAN_POINT('',(296.174112549603,-66.3639599868607,8.));
#6077=CARTESIAN_POINT('',(296.174112549603,-67.9024714962429,8.));
#6078=CARTESIAN_POINT('Origin',(296.174112549603,-65.8049429924858,7.5));
#6079=CARTESIAN_POINT('Origin',(275.774112549603,-70.,8.));
#6080=CARTESIAN_POINT('',(298.174112549603,-66.3639599868607,8.));
#6081=CARTESIAN_POINT('',(298.174112549603,-70.,8.));
#6082=CARTESIAN_POINT('',(298.174112549603,-68.4506943035503,8.));
#6083=CARTESIAN_POINT('',(275.774112549603,-70.,8.));
#6084=CARTESIAN_POINT('',(275.774112549603,-70.,8.));
#6085=CARTESIAN_POINT('',(275.774112549603,-68.4506943035503,8.));
#6086=CARTESIAN_POINT('',(275.774112549603,-72.9024714962429,8.));
#6087=CARTESIAN_POINT('',(280.774112549603,-68.4506943035503,8.));
#6088=CARTESIAN_POINT('',(275.774112549603,-68.4506943035503,8.));
#6089=CARTESIAN_POINT('',(280.774112549603,-63.1591916814212,8.));
#6090=CARTESIAN_POINT('',(280.774112549603,-68.4506943035503,8.));
#6091=CARTESIAN_POINT('',(275.774112549603,-63.1591916814212,8.));
#6092=CARTESIAN_POINT('',(275.774112549603,-63.1591916814212,8.));
#6093=CARTESIAN_POINT('',(275.774112549603,-72.9024714962429,8.));
#6094=CARTESIAN_POINT('',(298.174112549603,-65.2459259981108,8.));
#6095=CARTESIAN_POINT('',(298.174112549603,-63.1591916814212,8.));
#6096=CARTESIAN_POINT('',(302.174112549603,-65.2459259981108,8.));
#6097=CARTESIAN_POINT('',(302.174112549603,-66.3639599868607,8.));
#6098=CARTESIAN_POINT('Origin',(280.774112549603,-65.8049429924858,8.87499999999999));
#6099=CARTESIAN_POINT('Ctrl Pts',(280.774112549603,-63.1591916814212,8.));
#6100=CARTESIAN_POINT('Ctrl Pts',(280.774112549603,-63.1842071534859,8.05883086045516));
#6101=CARTESIAN_POINT('Ctrl Pts',(280.774112549603,-63.210896173782,8.11612501858895));
#6102=CARTESIAN_POINT('Ctrl Pts',(280.774112549603,-63.2388592694585,8.17147187644567));
#6103=CARTESIAN_POINT('Ctrl Pts',(280.774112549603,-63.3903182724011,8.47125198677276));
#6104=CARTESIAN_POINT('Ctrl Pts',(280.774112549603,-63.6321456203287,8.78590916919088));
#6105=CARTESIAN_POINT('Ctrl Pts',(280.774112549603,-63.87454880573,9.00554060832915));
#6106=CARTESIAN_POINT('Ctrl Pts',(280.774112549603,-64.1236143908623,9.23120857062037));
#6107=CARTESIAN_POINT('Ctrl Pts',(280.774112549603,-64.4294840791731,9.42488028743492));
#6108=CARTESIAN_POINT('Ctrl Pts',(280.774112549603,-64.7631334102254,9.55460030495653));
#6109=CARTESIAN_POINT('Ctrl Pts',(280.774112549603,-65.0967827412779,9.68432032247815));
#6110=CARTESIAN_POINT('Ctrl Pts',(280.774112549603,-65.4593925085959,9.74999999999999));
#6111=CARTESIAN_POINT('Ctrl Pts',(280.774112549603,-65.8049429924858,9.74999999999999));
#6112=CARTESIAN_POINT('Ctrl Pts',(280.774112549603,-66.1504934763756,9.74999999999999));
#6113=CARTESIAN_POINT('Ctrl Pts',(280.774112549603,-66.5131032436936,9.68432032247815));
#6114=CARTESIAN_POINT('Ctrl Pts',(280.774112549603,-66.8467525747461,9.55460030495653));
#6115=CARTESIAN_POINT('Ctrl Pts',(280.774112549603,-67.1804019057985,9.42488028743492));
#6116=CARTESIAN_POINT('Ctrl Pts',(280.774112549603,-67.4862715941092,9.23120857062037));
#6117=CARTESIAN_POINT('Ctrl Pts',(280.774112549603,-67.7353371792415,9.00554060832915));
#6118=CARTESIAN_POINT('Ctrl Pts',(280.774112549603,-67.9777403646429,8.78590916919088));
#6119=CARTESIAN_POINT('Ctrl Pts',(280.774112549603,-68.2195677125704,8.47125198677275));
#6120=CARTESIAN_POINT('Ctrl Pts',(280.774112549603,-68.371026715513,8.17147187644567));
#6121=CARTESIAN_POINT('Ctrl Pts',(280.774112549603,-68.3989898111895,8.11612501858895));
#6122=CARTESIAN_POINT('Ctrl Pts',(280.774112549603,-68.4256788314856,8.05883086045516));
#6123=CARTESIAN_POINT('Ctrl Pts',(280.774112549603,-68.4506943035503,8.));
#6124=CARTESIAN_POINT('Origin',(280.774112549603,-65.8049429924858,-8.875));
#6125=CARTESIAN_POINT('Ctrl Pts',(280.774112549603,-68.4506943035503,-8.));
#6126=CARTESIAN_POINT('Ctrl Pts',(280.774112549603,-68.4256788314857,-8.05883086045517));
#6127=CARTESIAN_POINT('Ctrl Pts',(280.774112549603,-68.3989898111895,-8.11612501858896));
#6128=CARTESIAN_POINT('Ctrl Pts',(280.774112549603,-68.371026715513,-8.17147187644569));
#6129=CARTESIAN_POINT('Ctrl Pts',(280.774112549603,-68.2195677125704,-8.47125198677278));
#6130=CARTESIAN_POINT('Ctrl Pts',(280.774112549603,-67.9777403646429,-8.78590916919091));
#6131=CARTESIAN_POINT('Ctrl Pts',(280.774112549603,-67.7353371792415,-9.00554060832917));
#6132=CARTESIAN_POINT('Ctrl Pts',(280.774112549603,-67.4862715941092,-9.23120857062039));
#6133=CARTESIAN_POINT('Ctrl Pts',(280.774112549603,-67.1804019057985,-9.42488028743493));
#6134=CARTESIAN_POINT('Ctrl Pts',(280.774112549603,-66.8467525747461,-9.55460030495655));
#6135=CARTESIAN_POINT('Ctrl Pts',(280.774112549603,-66.5131032436936,-9.68432032247816));
#6136=CARTESIAN_POINT('Ctrl Pts',(280.774112549603,-66.1504934763756,-9.75));
#6137=CARTESIAN_POINT('Ctrl Pts',(280.774112549603,-65.8049429924858,-9.75));
#6138=CARTESIAN_POINT('Ctrl Pts',(280.774112549603,-65.4593925085959,-9.75));
#6139=CARTESIAN_POINT('Ctrl Pts',(280.774112549603,-65.0967827412779,-9.68432032247816));
#6140=CARTESIAN_POINT('Ctrl Pts',(280.774112549603,-64.7631334102254,-9.55460030495655));
#6141=CARTESIAN_POINT('Ctrl Pts',(280.774112549603,-64.4294840791731,-9.42488028743493));
#6142=CARTESIAN_POINT('Ctrl Pts',(280.774112549603,-64.1236143908623,-9.23120857062039));
#6143=CARTESIAN_POINT('Ctrl Pts',(280.774112549603,-63.87454880573,-9.00554060832917));
#6144=CARTESIAN_POINT('Ctrl Pts',(280.774112549603,-63.6321456203287,-8.78590916919091));
#6145=CARTESIAN_POINT('Ctrl Pts',(280.774112549603,-63.3903182724011,-8.47125198677278));
#6146=CARTESIAN_POINT('Ctrl Pts',(280.774112549603,-63.2388592694585,-8.17147187644569));
#6147=CARTESIAN_POINT('Ctrl Pts',(280.774112549603,-63.210896173782,-8.11612501858896));
#6148=CARTESIAN_POINT('Ctrl Pts',(280.774112549603,-63.1842071534859,-8.05883086045517));
#6149=CARTESIAN_POINT('Ctrl Pts',(280.774112549603,-63.1591916814212,-8.));
#6150=CARTESIAN_POINT('Origin',(272.774112549603,-70.,0.));
#6151=CARTESIAN_POINT('',(272.774112549603,-70.,-11.));
#6152=CARTESIAN_POINT('Origin',(272.774112549603,-70.,-8.));
#6153=CARTESIAN_POINT('',(272.774112549603,-70.,11.));
#6154=CARTESIAN_POINT('Origin',(272.774112549603,-70.,0.));
#6155=CARTESIAN_POINT('Origin',(272.774112549603,-70.,8.));
#6156=CARTESIAN_POINT('Origin',(275.774112549603,-70.,0.));
#6157=CARTESIAN_POINT('Origin',(272.774112549603,-61.6098859849715,0.));
#6158=CARTESIAN_POINT('',(272.774112549603,-61.6098859849715,11.));
#6159=CARTESIAN_POINT('Origin',(272.774112549603,-61.6098859849715,8.));
#6160=CARTESIAN_POINT('',(272.774112549603,-61.6098859849715,-11.));
#6161=CARTESIAN_POINT('Origin',(272.774112549603,-61.6098859849715,0.));
#6162=CARTESIAN_POINT('Origin',(272.774112549603,-61.6098859849715,-8.));
#6163=CARTESIAN_POINT('Origin',(272.774112549603,-72.9024714962429,8.));
#6164=CARTESIAN_POINT('Ctrl Pts',(275.774112549603,-68.4506943035503,8.));
#6165=CARTESIAN_POINT('Ctrl Pts',(275.774112549603,-68.3692726941234,8.19148562656919));
#6166=CARTESIAN_POINT('Ctrl Pts',(275.755784406822,-68.2677802727666,8.37247793079533));
#6167=CARTESIAN_POINT('Ctrl Pts',(275.69371051587,-68.0268738448991,8.71150840532515));
#6168=CARTESIAN_POINT('Ctrl Pts',(275.649749974101,-67.8878888607674,8.86739329984787));
#6169=CARTESIAN_POINT('Ctrl Pts',(275.516225724834,-67.473669809013,9.24250095181512));
#6170=CARTESIAN_POINT('Ctrl Pts',(275.416042055195,-67.1712543867942,9.42913038234107));
#6171=CARTESIAN_POINT('Ctrl Pts',(275.277343782461,-66.5802395444538,9.65765819178341));
#6172=CARTESIAN_POINT('Ctrl Pts',(275.223977219143,-66.2752430440103,9.73162438986592));
#6173=CARTESIAN_POINT('Ctrl Pts',(275.200433210635,-65.5506225873274,9.76449099748342));
#6174=CARTESIAN_POINT('Ctrl Pts',(275.245323864496,-65.2292242712212,9.7030694503921));
#6175=CARTESIAN_POINT('Ctrl Pts',(275.363162104225,-64.6162866618425,9.52118676486205));
#6176=CARTESIAN_POINT('Ctrl Pts',(275.471598959736,-64.2742894401893,9.33841246844927));
#6177=CARTESIAN_POINT('Ctrl Pts',(275.60791256475,-63.8517290184323,8.99110570216874));
#6178=CARTESIAN_POINT('Ctrl Pts',(275.646740274811,-63.7325955747739,8.87473953566324));
#6179=CARTESIAN_POINT('Ctrl Pts',(275.736552998402,-63.4330282855984,8.52584556750971));
#6180=CARTESIAN_POINT('Ctrl Pts',(275.774112549603,-63.2757664033733,8.27415797639273));
#6181=CARTESIAN_POINT('Ctrl Pts',(275.774112549603,-63.1591916814212,8.00000000000001));
#6182=CARTESIAN_POINT('',(272.774112549603,-61.6098859849715,11.));
#6183=CARTESIAN_POINT('Origin',(272.774112549603,-72.9024714962429,-8.));
#6184=CARTESIAN_POINT('Ctrl Pts',(275.774112549603,-63.1591916814212,-8.));
#6185=CARTESIAN_POINT('Ctrl Pts',(275.774112549603,-63.2406132908482,-8.19148562656947));
#6186=CARTESIAN_POINT('Ctrl Pts',(275.755784406822,-63.3421057122052,-8.37247793079583));
#6187=CARTESIAN_POINT('Ctrl Pts',(275.69371051587,-63.5830121400734,-8.71150840532637));
#6188=CARTESIAN_POINT('Ctrl Pts',(275.649749974101,-63.7219971242057,-8.86739329984947));
#6189=CARTESIAN_POINT('Ctrl Pts',(275.516225724834,-64.1362161759594,-9.24250095181558));
#6190=CARTESIAN_POINT('Ctrl Pts',(275.416042055195,-64.4386315981782,-9.42913038234152));
#6191=CARTESIAN_POINT('Ctrl Pts',(275.27734378246,-65.0296464405197,-9.65765819178415));
#6192=CARTESIAN_POINT('Ctrl Pts',(275.223977219143,-65.3346429409632,-9.73162438986604));
#6193=CARTESIAN_POINT('Ctrl Pts',(275.200433210635,-66.0592633976464,-9.76449099748351));
#6194=CARTESIAN_POINT('Ctrl Pts',(275.245323864497,-66.3806617137529,-9.70306945039135));
#6195=CARTESIAN_POINT('Ctrl Pts',(275.363162104225,-66.9935993231291,-9.52118676486199));
#6196=CARTESIAN_POINT('Ctrl Pts',(275.471598959736,-67.3355965447824,-9.33841246844923));
#6197=CARTESIAN_POINT('Ctrl Pts',(275.60791256475,-67.7581569665394,-8.99110570216861));
#6198=CARTESIAN_POINT('Ctrl Pts',(275.646740274811,-67.8772904101977,-8.87473953566315));
#6199=CARTESIAN_POINT('Ctrl Pts',(275.736552998402,-68.1768576993732,-8.52584556750964));
#6200=CARTESIAN_POINT('Ctrl Pts',(275.774112549603,-68.3341195815983,-8.27415797639267));
#6201=CARTESIAN_POINT('Ctrl Pts',(275.774112549603,-68.4506943035503,-8.));
#6202=CARTESIAN_POINT('',(272.774112549603,-70.,-11.));
#6203=CARTESIAN_POINT('Origin',(275.774112549603,-70.,5.55111512312578E-16));
#6204=CARTESIAN_POINT('Origin',(298.174112549603,-70.,5.55111512312578E-16));
#6205=CARTESIAN_POINT('Ctrl Pts',(272.765297253003,-63.1591916814212,-8.));
#6206=CARTESIAN_POINT('Ctrl Pts',(301.174112549603,-63.1591916814212,-8.));
#6207=CARTESIAN_POINT('Ctrl Pts',(272.765297253003,-63.1842071534859,-8.05883086045517));
#6208=CARTESIAN_POINT('Ctrl Pts',(301.174112549603,-63.1842071534859,-8.05883086045517));
#6209=CARTESIAN_POINT('Ctrl Pts',(272.765297253003,-63.210896173782,-8.11612501858896));
#6210=CARTESIAN_POINT('Ctrl Pts',(301.174112549603,-63.210896173782,-8.11612501858896));
#6211=CARTESIAN_POINT('Ctrl Pts',(272.765297253003,-63.3903182724011,-8.47125198677278));
#6212=CARTESIAN_POINT('Ctrl Pts',(301.174112549603,-63.3903182724011,-8.47125198677278));
#6213=CARTESIAN_POINT('Ctrl Pts',(272.765297253003,-63.6321456203287,-8.78590916919091));
#6214=CARTESIAN_POINT('Ctrl Pts',(301.174112549603,-63.6321456203287,-8.78590916919091));
#6215=CARTESIAN_POINT('Ctrl Pts',(272.765297253003,-64.1236143908623,-9.23120857062039));
#6216=CARTESIAN_POINT('Ctrl Pts',(301.174112549603,-64.1236143908623,-9.23120857062039));
#6217=CARTESIAN_POINT('Ctrl Pts',(272.765297253003,-64.4294840791731,-9.42488028743493));
#6218=CARTESIAN_POINT('Ctrl Pts',(301.174112549603,-64.4294840791731,-9.42488028743493));
#6219=CARTESIAN_POINT('Ctrl Pts',(272.765297253003,-65.0967827412779,-9.68432032247816));
#6220=CARTESIAN_POINT('Ctrl Pts',(301.174112549603,-65.0967827412779,-9.68432032247816));
#6221=CARTESIAN_POINT('Ctrl Pts',(272.765297253003,-65.4593925085959,-9.75));
#6222=CARTESIAN_POINT('Ctrl Pts',(301.174112549603,-65.4593925085959,-9.75));
#6223=CARTESIAN_POINT('Ctrl Pts',(272.765297253003,-66.1504934763756,-9.75));
#6224=CARTESIAN_POINT('Ctrl Pts',(301.174112549603,-66.1504934763756,-9.75));
#6225=CARTESIAN_POINT('Ctrl Pts',(272.765297253003,-66.5131032436936,-9.68432032247816));
#6226=CARTESIAN_POINT('Ctrl Pts',(301.174112549603,-66.5131032436936,-9.68432032247816));
#6227=CARTESIAN_POINT('Ctrl Pts',(272.765297253003,-67.1804019057985,-9.42488028743493));
#6228=CARTESIAN_POINT('Ctrl Pts',(301.174112549603,-67.1804019057985,-9.42488028743493));
#6229=CARTESIAN_POINT('Ctrl Pts',(272.765297253003,-67.4862715941092,-9.23120857062039));
#6230=CARTESIAN_POINT('Ctrl Pts',(301.174112549603,-67.4862715941092,-9.23120857062039));
#6231=CARTESIAN_POINT('Ctrl Pts',(272.765297253003,-67.9777403646429,-8.78590916919091));
#6232=CARTESIAN_POINT('Ctrl Pts',(301.174112549603,-67.9777403646429,-8.78590916919091));
#6233=CARTESIAN_POINT('Ctrl Pts',(272.765297253003,-68.2195677125704,-8.47125198677278));
#6234=CARTESIAN_POINT('Ctrl Pts',(301.174112549603,-68.2195677125704,-8.47125198677278));
#6235=CARTESIAN_POINT('Ctrl Pts',(272.765297253003,-68.3989898111895,-8.11612501858896));
#6236=CARTESIAN_POINT('Ctrl Pts',(301.174112549603,-68.3989898111895,-8.11612501858896));
#6237=CARTESIAN_POINT('Ctrl Pts',(272.765297253003,-68.4256788314857,-8.05883086045516));
#6238=CARTESIAN_POINT('Ctrl Pts',(301.174112549603,-68.4256788314857,-8.05883086045516));
#6239=CARTESIAN_POINT('Ctrl Pts',(272.765297253003,-68.4506943035503,-8.));
#6240=CARTESIAN_POINT('Ctrl Pts',(301.174112549603,-68.4506943035503,-8.));
#6241=CARTESIAN_POINT('Ctrl Pts',(272.765297253003,-68.4506943035503,8.));
#6242=CARTESIAN_POINT('Ctrl Pts',(301.174112549603,-68.4506943035503,8.));
#6243=CARTESIAN_POINT('Ctrl Pts',(272.765297253003,-68.4256788314856,8.05883086045516));
#6244=CARTESIAN_POINT('Ctrl Pts',(301.174112549603,-68.4256788314856,8.05883086045516));
#6245=CARTESIAN_POINT('Ctrl Pts',(272.765297253003,-68.3989898111895,8.11612501858895));
#6246=CARTESIAN_POINT('Ctrl Pts',(301.174112549603,-68.3989898111895,8.11612501858895));
#6247=CARTESIAN_POINT('Ctrl Pts',(272.765297253003,-68.2195677125704,8.47125198677276));
#6248=CARTESIAN_POINT('Ctrl Pts',(301.174112549603,-68.2195677125704,8.47125198677276));
#6249=CARTESIAN_POINT('Ctrl Pts',(272.765297253003,-67.9777403646429,8.78590916919088));
#6250=CARTESIAN_POINT('Ctrl Pts',(301.174112549603,-67.9777403646429,8.78590916919088));
#6251=CARTESIAN_POINT('Ctrl Pts',(272.765297253003,-67.4862715941092,9.23120857062037));
#6252=CARTESIAN_POINT('Ctrl Pts',(301.174112549603,-67.4862715941092,9.23120857062037));
#6253=CARTESIAN_POINT('Ctrl Pts',(272.765297253003,-67.1804019057985,9.42488028743492));
#6254=CARTESIAN_POINT('Ctrl Pts',(301.174112549603,-67.1804019057985,9.42488028743492));
#6255=CARTESIAN_POINT('Ctrl Pts',(272.765297253003,-66.5131032436936,9.68432032247815));
#6256=CARTESIAN_POINT('Ctrl Pts',(301.174112549603,-66.5131032436936,9.68432032247815));
#6257=CARTESIAN_POINT('Ctrl Pts',(272.765297253003,-66.1504934763756,9.74999999999999));
#6258=CARTESIAN_POINT('Ctrl Pts',(301.174112549603,-66.1504934763756,9.74999999999999));
#6259=CARTESIAN_POINT('Ctrl Pts',(272.765297253003,-65.4593925085959,9.74999999999999));
#6260=CARTESIAN_POINT('Ctrl Pts',(301.174112549603,-65.4593925085959,9.74999999999999));
#6261=CARTESIAN_POINT('Ctrl Pts',(272.765297253003,-65.0967827412779,9.68432032247815));
#6262=CARTESIAN_POINT('Ctrl Pts',(301.174112549603,-65.0967827412779,9.68432032247815));
#6263=CARTESIAN_POINT('Ctrl Pts',(272.765297253003,-64.4294840791731,9.42488028743492));
#6264=CARTESIAN_POINT('Ctrl Pts',(301.174112549603,-64.4294840791731,9.42488028743492));
#6265=CARTESIAN_POINT('Ctrl Pts',(272.765297253003,-64.1236143908623,9.23120857062037));
#6266=CARTESIAN_POINT('Ctrl Pts',(301.174112549603,-64.1236143908623,9.23120857062037));
#6267=CARTESIAN_POINT('Ctrl Pts',(272.765297253003,-63.6321456203287,8.78590916919088));
#6268=CARTESIAN_POINT('Ctrl Pts',(301.174112549603,-63.6321456203287,8.78590916919088));
#6269=CARTESIAN_POINT('Ctrl Pts',(272.765297253003,-63.3903182724011,8.47125198677276));
#6270=CARTESIAN_POINT('Ctrl Pts',(301.174112549603,-63.3903182724011,8.47125198677276));
#6271=CARTESIAN_POINT('Ctrl Pts',(272.765297253003,-63.210896173782,8.11612501858895));
#6272=CARTESIAN_POINT('Ctrl Pts',(301.174112549603,-63.210896173782,8.11612501858895));
#6273=CARTESIAN_POINT('Ctrl Pts',(272.765297253003,-63.1842071534859,8.05883086045516));
#6274=CARTESIAN_POINT('Ctrl Pts',(301.174112549603,-63.1842071534859,8.05883086045516));
#6275=CARTESIAN_POINT('Ctrl Pts',(272.765297253003,-63.1591916814212,8.));
#6276=CARTESIAN_POINT('Ctrl Pts',(301.174112549603,-63.1591916814212,8.));
#6277=CARTESIAN_POINT('Origin',(275.774112549603,-70.,0.));
#6278=CARTESIAN_POINT('',(301.174112549603,-70.,-11.));
#6279=CARTESIAN_POINT('',(275.774112549603,-70.,-11.));
#6280=CARTESIAN_POINT('',(301.174112549603,-70.,11.));
#6281=CARTESIAN_POINT('Origin',(301.174112549603,-70.,0.));
#6282=CARTESIAN_POINT('',(275.774112549603,-70.,11.));
#6283=CARTESIAN_POINT('Origin',(275.774112549603,-61.6098859849715,11.));
#6284=CARTESIAN_POINT('',(301.174112549603,-61.6098859849715,11.));
#6285=CARTESIAN_POINT('',(301.174112549603,-61.6098859849715,11.));
#6286=CARTESIAN_POINT('',(275.774112549603,-61.6098859849715,11.));
#6287=CARTESIAN_POINT('Origin',(275.774112549603,-61.6098859849715,0.));
#6288=CARTESIAN_POINT('',(301.174112549603,-61.6098859849715,-11.));
#6289=CARTESIAN_POINT('Origin',(301.174112549603,-61.6098859849715,0.));
#6290=CARTESIAN_POINT('',(275.774112549603,-61.6098859849715,-11.));
#6291=CARTESIAN_POINT('Origin',(275.774112549603,-70.,-11.));
#6292=CARTESIAN_POINT('',(301.174112549603,-70.,-11.));
#6293=CARTESIAN_POINT('Origin',(301.174112549603,-65.8049429924858,0.));
#6294=CARTESIAN_POINT('',(301.174112549603,-68.4506943035503,-8.));
#6295=CARTESIAN_POINT('',(301.174112549603,-63.1591916814212,-8.));
#6296=CARTESIAN_POINT('Ctrl Pts',(301.174112549603,-68.4506943035503,-8.));
#6297=CARTESIAN_POINT('Ctrl Pts',(301.174112549603,-68.4256788314857,-8.05883086045516));
#6298=CARTESIAN_POINT('Ctrl Pts',(301.174112549603,-68.3989898111895,-8.11612501858896));
#6299=CARTESIAN_POINT('Ctrl Pts',(301.174112549603,-68.371026715513,-8.17147187644569));
#6300=CARTESIAN_POINT('Ctrl Pts',(301.174112549603,-68.2195677125704,-8.47125198677278));
#6301=CARTESIAN_POINT('Ctrl Pts',(301.174112549603,-67.9777403646429,-8.78590916919091));
#6302=CARTESIAN_POINT('Ctrl Pts',(301.174112549603,-67.7353371792415,-9.00554060832917));
#6303=CARTESIAN_POINT('Ctrl Pts',(301.174112549603,-67.4862715941092,-9.23120857062039));
#6304=CARTESIAN_POINT('Ctrl Pts',(301.174112549603,-67.1804019057985,-9.42488028743493));
#6305=CARTESIAN_POINT('Ctrl Pts',(301.174112549603,-66.8467525747461,-9.55460030495655));
#6306=CARTESIAN_POINT('Ctrl Pts',(301.174112549603,-66.5131032436936,-9.68432032247816));
#6307=CARTESIAN_POINT('Ctrl Pts',(301.174112549603,-66.1504934763756,-9.75));
#6308=CARTESIAN_POINT('Ctrl Pts',(301.174112549603,-65.8049429924858,-9.75));
#6309=CARTESIAN_POINT('Ctrl Pts',(301.174112549603,-65.4593925085959,-9.75));
#6310=CARTESIAN_POINT('Ctrl Pts',(301.174112549603,-65.0967827412779,-9.68432032247816));
#6311=CARTESIAN_POINT('Ctrl Pts',(301.174112549603,-64.7631334102254,-9.55460030495655));
#6312=CARTESIAN_POINT('Ctrl Pts',(301.174112549603,-64.4294840791731,-9.42488028743493));
#6313=CARTESIAN_POINT('Ctrl Pts',(301.174112549603,-64.1236143908623,-9.23120857062039));
#6314=CARTESIAN_POINT('Ctrl Pts',(301.174112549603,-63.87454880573,-9.00554060832917));
#6315=CARTESIAN_POINT('Ctrl Pts',(301.174112549603,-63.6321456203287,-8.78590916919091));
#6316=CARTESIAN_POINT('Ctrl Pts',(301.174112549603,-63.3903182724011,-8.47125198677278));
#6317=CARTESIAN_POINT('Ctrl Pts',(301.174112549603,-63.2388592694585,-8.17147187644569));
#6318=CARTESIAN_POINT('Ctrl Pts',(301.174112549603,-63.210896173782,-8.11612501858896));
#6319=CARTESIAN_POINT('Ctrl Pts',(301.174112549603,-63.1842071534859,-8.05883086045517));
#6320=CARTESIAN_POINT('Ctrl Pts',(301.174112549603,-63.1591916814212,-8.));
#6321=CARTESIAN_POINT('',(301.174112549603,-70.,-8.));
#6322=CARTESIAN_POINT('',(301.174112549603,-67.9024714962429,-8.));
#6323=CARTESIAN_POINT('',(301.174112549603,-70.,8.));
#6324=CARTESIAN_POINT('Origin',(301.174112549603,-70.,5.55111512312578E-16));
#6325=CARTESIAN_POINT('',(301.174112549603,-68.4506943035503,8.));
#6326=CARTESIAN_POINT('',(301.174112549603,-67.127818648018,8.));
#6327=CARTESIAN_POINT('',(301.174112549603,-63.1591916814212,8.));
#6328=CARTESIAN_POINT('Ctrl Pts',(301.174112549603,-63.1591916814212,8.));
#6329=CARTESIAN_POINT('Ctrl Pts',(301.174112549603,-63.1842071534859,8.05883086045516));
#6330=CARTESIAN_POINT('Ctrl Pts',(301.174112549603,-63.210896173782,8.11612501858895));
#6331=CARTESIAN_POINT('Ctrl Pts',(301.174112549603,-63.2388592694585,8.17147187644567));
#6332=CARTESIAN_POINT('Ctrl Pts',(301.174112549603,-63.3903182724011,8.47125198677276));
#6333=CARTESIAN_POINT('Ctrl Pts',(301.174112549603,-63.6321456203287,8.78590916919088));
#6334=CARTESIAN_POINT('Ctrl Pts',(301.174112549603,-63.87454880573,9.00554060832915));
#6335=CARTESIAN_POINT('Ctrl Pts',(301.174112549603,-64.1236143908623,9.23120857062037));
#6336=CARTESIAN_POINT('Ctrl Pts',(301.174112549603,-64.4294840791731,9.42488028743492));
#6337=CARTESIAN_POINT('Ctrl Pts',(301.174112549603,-64.7631334102254,9.55460030495653));
#6338=CARTESIAN_POINT('Ctrl Pts',(301.174112549603,-65.0967827412779,9.68432032247815));
#6339=CARTESIAN_POINT('Ctrl Pts',(301.174112549603,-65.4593925085959,9.74999999999999));
#6340=CARTESIAN_POINT('Ctrl Pts',(301.174112549603,-65.8049429924858,9.74999999999999));
#6341=CARTESIAN_POINT('Ctrl Pts',(301.174112549603,-66.1504934763756,9.74999999999999));
#6342=CARTESIAN_POINT('Ctrl Pts',(301.174112549603,-66.5131032436936,9.68432032247815));
#6343=CARTESIAN_POINT('Ctrl Pts',(301.174112549603,-66.8467525747461,9.55460030495653));
#6344=CARTESIAN_POINT('Ctrl Pts',(301.174112549603,-67.1804019057985,9.42488028743492));
#6345=CARTESIAN_POINT('Ctrl Pts',(301.174112549603,-67.4862715941092,9.23120857062037));
#6346=CARTESIAN_POINT('Ctrl Pts',(301.174112549603,-67.7353371792415,9.00554060832915));
#6347=CARTESIAN_POINT('Ctrl Pts',(301.174112549603,-67.9777403646429,8.78590916919088));
#6348=CARTESIAN_POINT('Ctrl Pts',(301.174112549603,-68.2195677125704,8.47125198677275));
#6349=CARTESIAN_POINT('Ctrl Pts',(301.174112549603,-68.371026715513,8.17147187644567));
#6350=CARTESIAN_POINT('Ctrl Pts',(301.174112549603,-68.3989898111895,8.11612501858895));
#6351=CARTESIAN_POINT('Ctrl Pts',(301.174112549603,-68.4256788314856,8.05883086045516));
#6352=CARTESIAN_POINT('Ctrl Pts',(301.174112549603,-68.4506943035503,8.));
#6353=CARTESIAN_POINT('',(301.174112549603,-61.6098859849715,8.));
#6354=CARTESIAN_POINT('',(301.174112549603,-63.7074144887286,8.));
#6355=CARTESIAN_POINT('',(301.174112549603,-61.6098859849715,-8.));
#6356=CARTESIAN_POINT('Origin',(301.174112549603,-61.6098859849715,-5.55111512312578E-16));
#6357=CARTESIAN_POINT('',(301.174112549603,-64.4820673369535,-8.));
#6358=CARTESIAN_POINT('Origin',(298.174112549603,-70.,-8.));
#6359=CARTESIAN_POINT('',(301.924112549603,-68.4506943035503,-8.));
#6360=CARTESIAN_POINT('',(298.174112549603,-68.4506943035503,-8.));
#6361=CARTESIAN_POINT('',(301.924112549603,-70.,-8.));
#6362=CARTESIAN_POINT('',(301.924112549603,-67.9024714962429,-8.));
#6363=CARTESIAN_POINT('',(298.174112549603,-70.,-8.));
#6364=CARTESIAN_POINT('Ctrl Pts',(298.174112549603,-68.4506943035503,-8.));
#6365=CARTESIAN_POINT('Ctrl Pts',(302.174112549603,-68.4506943035503,-8.));
#6366=CARTESIAN_POINT('Ctrl Pts',(298.174112549603,-68.4256788314857,-8.05883086045516));
#6367=CARTESIAN_POINT('Ctrl Pts',(302.174112549603,-68.4256788314857,-8.05883086045516));
#6368=CARTESIAN_POINT('Ctrl Pts',(298.174112549603,-68.3989898111895,-8.11612501858896));
#6369=CARTESIAN_POINT('Ctrl Pts',(302.174112549603,-68.3989898111895,-8.11612501858896));
#6370=CARTESIAN_POINT('Ctrl Pts',(298.174112549603,-68.2195677125704,-8.47125198677278));
#6371=CARTESIAN_POINT('Ctrl Pts',(302.174112549603,-68.2195677125704,-8.47125198677278));
#6372=CARTESIAN_POINT('Ctrl Pts',(298.174112549603,-67.9777403646429,-8.78590916919091));
#6373=CARTESIAN_POINT('Ctrl Pts',(302.174112549603,-67.9777403646429,-8.78590916919091));
#6374=CARTESIAN_POINT('Ctrl Pts',(298.174112549603,-67.4862715941092,-9.23120857062039));
#6375=CARTESIAN_POINT('Ctrl Pts',(302.174112549603,-67.4862715941092,-9.23120857062039));
#6376=CARTESIAN_POINT('Ctrl Pts',(298.174112549603,-67.1804019057985,-9.42488028743493));
#6377=CARTESIAN_POINT('Ctrl Pts',(302.174112549603,-67.1804019057985,-9.42488028743493));
#6378=CARTESIAN_POINT('Ctrl Pts',(298.174112549603,-66.5131032436936,-9.68432032247816));
#6379=CARTESIAN_POINT('Ctrl Pts',(302.174112549603,-66.5131032436936,-9.68432032247816));
#6380=CARTESIAN_POINT('Ctrl Pts',(298.174112549603,-66.1504934763756,-9.75));
#6381=CARTESIAN_POINT('Ctrl Pts',(302.174112549603,-66.1504934763756,-9.75));
#6382=CARTESIAN_POINT('Ctrl Pts',(298.174112549603,-65.4593925085959,-9.75));
#6383=CARTESIAN_POINT('Ctrl Pts',(302.174112549603,-65.4593925085959,-9.75));
#6384=CARTESIAN_POINT('Ctrl Pts',(298.174112549603,-65.0967827412779,-9.68432032247816));
#6385=CARTESIAN_POINT('Ctrl Pts',(302.174112549603,-65.0967827412779,-9.68432032247816));
#6386=CARTESIAN_POINT('Ctrl Pts',(298.174112549603,-64.4294840791731,-9.42488028743493));
#6387=CARTESIAN_POINT('Ctrl Pts',(302.174112549603,-64.4294840791731,-9.42488028743493));
#6388=CARTESIAN_POINT('Ctrl Pts',(298.174112549603,-64.1236143908623,-9.23120857062039));
#6389=CARTESIAN_POINT('Ctrl Pts',(302.174112549603,-64.1236143908623,-9.23120857062039));
#6390=CARTESIAN_POINT('Ctrl Pts',(298.174112549603,-63.6321456203287,-8.78590916919091));
#6391=CARTESIAN_POINT('Ctrl Pts',(302.174112549603,-63.6321456203287,-8.78590916919091));
#6392=CARTESIAN_POINT('Ctrl Pts',(298.174112549603,-63.3903182724011,-8.47125198677278));
#6393=CARTESIAN_POINT('Ctrl Pts',(302.174112549603,-63.3903182724011,-8.47125198677278));
#6394=CARTESIAN_POINT('Ctrl Pts',(298.174112549603,-63.210896173782,-8.11612501858896));
#6395=CARTESIAN_POINT('Ctrl Pts',(302.174112549603,-63.210896173782,-8.11612501858896));
#6396=CARTESIAN_POINT('Ctrl Pts',(298.174112549603,-63.1842071534859,-8.05883086045517));
#6397=CARTESIAN_POINT('Ctrl Pts',(302.174112549603,-63.1842071534859,-8.05883086045517));
#6398=CARTESIAN_POINT('Ctrl Pts',(298.174112549603,-63.1591916814212,-8.));
#6399=CARTESIAN_POINT('Ctrl Pts',(302.174112549603,-63.1591916814212,-8.));
#6400=CARTESIAN_POINT('',(301.924112549603,-63.1591916814212,-8.));
#6401=CARTESIAN_POINT('',(298.174112549603,-63.1591916814212,-8.));
#6402=CARTESIAN_POINT('Ctrl Pts',(301.924112549603,-68.4507124706412,-8.00000773099789));
#6403=CARTESIAN_POINT('Ctrl Pts',(301.924112549603,-68.2256250358967,-8.52894124268746));
#6404=CARTESIAN_POINT('Ctrl Pts',(301.924112549603,-67.4492800476566,-9.44670954599957));
#6405=CARTESIAN_POINT('Ctrl Pts',(301.924112549603,-65.7102853481763,-9.92777568574084));
#6406=CARTESIAN_POINT('Ctrl Pts',(301.924112549603,-64.0627994836002,-9.36018521782832));
#6407=CARTESIAN_POINT('Ctrl Pts',(301.924112549603,-63.3615735339372,-8.47384955727479));
#6408=CARTESIAN_POINT('Ctrl Pts',(301.924112549603,-63.1593159206904,-7.99994697573081));
#6409=CARTESIAN_POINT('Origin',(302.174112549603,-65.8049429924858,7.5));
#6410=CARTESIAN_POINT('',(301.924112549603,-66.5549429924858,7.5));
#6411=CARTESIAN_POINT('',(301.924112549603,-65.8049429924858,6.75));
#6412=CARTESIAN_POINT('Origin',(301.924112549603,-65.8049429924858,7.5));
#6413=CARTESIAN_POINT('',(298.174112549603,-66.5549429924858,7.5));
#6414=CARTESIAN_POINT('',(302.174112549603,-66.5549429924858,7.5));
#6415=CARTESIAN_POINT('Origin',(298.174112549603,-65.8049429924858,7.5));
#6416=CARTESIAN_POINT('Origin',(298.174112549603,-65.8049429924858,7.5));
#6417=CARTESIAN_POINT('Origin',(301.924112549603,-65.8049429924858,7.5));
#6418=CARTESIAN_POINT('Origin',(298.174112549603,-63.1591916814212,-8.));
#6419=CARTESIAN_POINT('',(301.924112549603,-61.6098859849715,-8.));
#6420=CARTESIAN_POINT('',(298.174112549603,-61.6098859849715,-8.));
#6421=CARTESIAN_POINT('',(301.924112549603,-64.4820673369535,-8.));
#6422=CARTESIAN_POINT('Origin',(298.174112549603,-65.8049429924858,0.));
#6423=CARTESIAN_POINT('',(298.174112549603,-66.5549429924858,-7.5));
#6424=CARTESIAN_POINT('Origin',(298.174112549603,-65.8049429924858,-7.5));
#6425=CARTESIAN_POINT('Origin',(298.174112549603,-65.8049429924858,-7.5));
#6426=CARTESIAN_POINT('',(298.174112549603,-59.0549429924858,-5.));
#6427=CARTESIAN_POINT('Origin',(298.174112549603,-58.3049429924858,-5.));
#6428=CARTESIAN_POINT('',(298.174112549603,-59.0549429924858,-9.18485099360517E-17));
#6429=CARTESIAN_POINT('Origin',(298.174112549603,-58.3049429924858,0.));
#6430=CARTESIAN_POINT('',(298.174112549603,-64.0549429924858,2.5));
#6431=CARTESIAN_POINT('Origin',(298.174112549603,-63.3049429924858,2.5));
#6432=CARTESIAN_POINT('',(298.174112549603,-66.5549429924858,-9.18485099360517E-17));
#6433=CARTESIAN_POINT('Origin',(298.174112549603,-65.8049429924858,0.));
#6434=CARTESIAN_POINT('',(298.174112549603,-61.5549429924858,-5.));
#6435=CARTESIAN_POINT('Origin',(298.174112549603,-60.8049429924858,-5.));
#6436=CARTESIAN_POINT('',(298.174112549603,-61.5549429924858,5.));
#6437=CARTESIAN_POINT('Origin',(298.174112549603,-60.8049429924858,5.));
#6438=CARTESIAN_POINT('',(298.174112549603,-71.5549429924858,5.));
#6439=CARTESIAN_POINT('Origin',(298.174112549603,-70.8049429924858,5.));
#6440=CARTESIAN_POINT('',(298.174112549603,-74.0549429924858,2.5));
#6441=CARTESIAN_POINT('Origin',(298.174112549603,-73.3049429924858,2.5));
#6442=CARTESIAN_POINT('',(298.174112549603,-76.5549429924858,-2.5));
#6443=CARTESIAN_POINT('Origin',(298.174112549603,-75.8049429924858,-2.5));
#6444=CARTESIAN_POINT('',(298.174112549603,-69.0549429924858,-5.));
#6445=CARTESIAN_POINT('Origin',(298.174112549603,-68.3049429924858,-5.));
#6446=CARTESIAN_POINT('',(298.174112549603,-66.5549429924858,-5.));
#6447=CARTESIAN_POINT('Origin',(298.174112549603,-65.8049429924858,-5.));
#6448=CARTESIAN_POINT('',(298.174112549603,-74.0549429924858,-2.5));
#6449=CARTESIAN_POINT('Origin',(298.174112549603,-73.3049429924858,-2.5));
#6450=CARTESIAN_POINT('',(298.174112549603,-74.0549429924858,5.));
#6451=CARTESIAN_POINT('Origin',(298.174112549603,-73.3049429924858,5.));
#6452=CARTESIAN_POINT('',(298.174112549603,-71.5549429924858,2.5));
#6453=CARTESIAN_POINT('Origin',(298.174112549603,-70.8049429924858,2.5));
#6454=CARTESIAN_POINT('',(298.174112549603,-64.0549429924858,5.));
#6455=CARTESIAN_POINT('Origin',(298.174112549603,-63.3049429924858,5.));
#6456=CARTESIAN_POINT('',(298.174112549603,-61.5549429924858,-2.5));
#6457=CARTESIAN_POINT('Origin',(298.174112549603,-60.8049429924858,-2.5));
#6458=CARTESIAN_POINT('',(298.174112549603,-66.5549429924858,-2.5));
#6459=CARTESIAN_POINT('Origin',(298.174112549603,-65.8049429924858,-2.5));
#6460=CARTESIAN_POINT('',(298.174112549603,-66.5549429924858,2.5));
#6461=CARTESIAN_POINT('Origin',(298.174112549603,-65.8049429924858,2.5));
#6462=CARTESIAN_POINT('',(298.174112549603,-71.5549429924858,-2.5));
#6463=CARTESIAN_POINT('Origin',(298.174112549603,-70.8049429924858,-2.5));
#6464=CARTESIAN_POINT('',(298.174112549603,-59.0549429924858,-2.5));
#6465=CARTESIAN_POINT('Origin',(298.174112549603,-58.3049429924858,-2.5));
#6466=CARTESIAN_POINT('',(298.174112549603,-56.5549429924858,2.5));
#6467=CARTESIAN_POINT('Origin',(298.174112549603,-55.8049429924858,2.5));
#6468=CARTESIAN_POINT('',(298.174112549603,-56.5549429924858,-2.5));
#6469=CARTESIAN_POINT('Origin',(298.174112549603,-55.8049429924858,-2.5));
#6470=CARTESIAN_POINT('',(298.174112549603,-59.0549429924858,2.5));
#6471=CARTESIAN_POINT('Origin',(298.174112549603,-58.3049429924858,2.5));
#6472=CARTESIAN_POINT('',(298.174112549603,-64.0549429924858,-9.18485099360517E-17));
#6473=CARTESIAN_POINT('Origin',(298.174112549603,-63.3049429924858,0.));
#6474=CARTESIAN_POINT('',(298.174112549603,-69.0549429924858,2.5));
#6475=CARTESIAN_POINT('Origin',(298.174112549603,-68.3049429924858,2.5));
#6476=CARTESIAN_POINT('',(298.174112549603,-64.0549429924858,-5.));
#6477=CARTESIAN_POINT('Origin',(298.174112549603,-63.3049429924858,-5.));
#6478=CARTESIAN_POINT('',(298.174112549603,-61.5549429924858,2.5));
#6479=CARTESIAN_POINT('Origin',(298.174112549603,-60.8049429924858,2.5));
#6480=CARTESIAN_POINT('',(298.174112549603,-69.0549429924858,5.));
#6481=CARTESIAN_POINT('Origin',(298.174112549603,-68.3049429924858,5.));
#6482=CARTESIAN_POINT('',(298.174112549603,-74.0549429924858,-9.18485099360517E-17));
#6483=CARTESIAN_POINT('Origin',(298.174112549603,-73.3049429924858,0.));
#6484=CARTESIAN_POINT('',(298.174112549603,-76.5549429924858,-9.18485099360517E-17));
#6485=CARTESIAN_POINT('Origin',(298.174112549603,-75.8049429924858,0.));
#6486=CARTESIAN_POINT('',(298.174112549603,-71.5549429924858,-5.));
#6487=CARTESIAN_POINT('Origin',(298.174112549603,-70.8049429924858,-5.));
#6488=CARTESIAN_POINT('',(298.174112549603,-74.0549429924858,-5.));
#6489=CARTESIAN_POINT('Origin',(298.174112549603,-73.3049429924858,-5.));
#6490=CARTESIAN_POINT('',(298.174112549603,-76.5549429924858,2.5));
#6491=CARTESIAN_POINT('Origin',(298.174112549603,-75.8049429924858,2.5));
#6492=CARTESIAN_POINT('',(298.174112549603,-71.5549429924858,-9.18485099360517E-17));
#6493=CARTESIAN_POINT('Origin',(298.174112549603,-70.8049429924858,0.));
#6494=CARTESIAN_POINT('',(298.174112549603,-66.5549429924858,5.));
#6495=CARTESIAN_POINT('Origin',(298.174112549603,-65.8049429924858,5.));
#6496=CARTESIAN_POINT('',(298.174112549603,-61.5549429924858,-9.18485099360517E-17));
#6497=CARTESIAN_POINT('Origin',(298.174112549603,-60.8049429924858,0.));
#6498=CARTESIAN_POINT('',(298.174112549603,-64.0549429924858,-2.5));
#6499=CARTESIAN_POINT('Origin',(298.174112549603,-63.3049429924858,-2.5));
#6500=CARTESIAN_POINT('',(298.174112549603,-69.0549429924858,-9.18485099360517E-17));
#6501=CARTESIAN_POINT('Origin',(298.174112549603,-68.3049429924858,0.));
#6502=CARTESIAN_POINT('',(298.174112549603,-69.0549429924858,-2.5));
#6503=CARTESIAN_POINT('Origin',(298.174112549603,-68.3049429924858,-2.5));
#6504=CARTESIAN_POINT('',(298.174112549603,-59.0549429924858,5.));
#6505=CARTESIAN_POINT('Origin',(298.174112549603,-58.3049429924858,5.));
#6506=CARTESIAN_POINT('',(298.174112549603,-56.5549429924858,-9.18485099360517E-17));
#6507=CARTESIAN_POINT('Origin',(298.174112549603,-55.8049429924858,0.));
#6508=CARTESIAN_POINT('Origin',(298.174112549603,-61.6098859849715,-5.55111512312578E-16));
#6509=CARTESIAN_POINT('',(301.924112549603,-61.6098859849715,8.));
#6510=CARTESIAN_POINT('',(298.174112549603,-61.6098859849715,8.));
#6511=CARTESIAN_POINT('Origin',(301.924112549603,-61.6098859849715,-5.55111512312578E-16));
#6512=CARTESIAN_POINT('Origin',(301.924112549603,-64.4820673369535,-7.75));
#6513=CARTESIAN_POINT('',(302.174112549603,-61.6098859849715,-7.75));
#6514=CARTESIAN_POINT('Origin',(301.924112549603,-61.6098859849715,-7.75));
#6515=CARTESIAN_POINT('',(302.174112549603,-63.3300692583322,-7.74999999999818));
#6516=CARTESIAN_POINT('',(302.174112549603,-64.4820673369535,-7.75));
#6517=CARTESIAN_POINT('Ctrl Pts',(302.174112549603,-63.3300692583322,-7.74999999999818));
#6518=CARTESIAN_POINT('Ctrl Pts',(302.174112549603,-63.3296397906029,-7.7506073590855));
#6519=CARTESIAN_POINT('Ctrl Pts',(302.174110213096,-63.3292104240805,-7.75121476156896));
#6520=CARTESIAN_POINT('Ctrl Pts',(302.174105545286,-63.3287811660686,-7.7518221957229));
#6521=CARTESIAN_POINT('Ctrl Pts',(302.173986655427,-63.3178478961957,-7.76729364028813));
#6522=CARTESIAN_POINT('Ctrl Pts',(302.172359262151,-63.306977185383,-7.78279700289813));
#6523=CARTESIAN_POINT('Ctrl Pts',(302.169278195654,-63.296290681836,-7.79813469776688));
#6524=CARTESIAN_POINT('Ctrl Pts',(302.168042508227,-63.2920047704205,-7.80428600827146));
#6525=CARTESIAN_POINT('Ctrl Pts',(302.166572474719,-63.287748571216,-7.81041042800607));
#6526=CARTESIAN_POINT('Ctrl Pts',(302.164869644515,-63.28353059487,-7.81649411075885));
#6527=CARTESIAN_POINT('Ctrl Pts',(302.160965033856,-63.2738587230875,-7.83044407034199));
#6528=CARTESIAN_POINT('Ctrl Pts',(302.155835900904,-63.2643803354404,-7.84419201276364));
#6529=CARTESIAN_POINT('Ctrl Pts',(302.14947424797,-63.2552107847124,-7.85755174726462));
#6530=CARTESIAN_POINT('Ctrl Pts',(302.146397325574,-63.2507757744593,-7.86401341166327));
#6531=CARTESIAN_POINT('Ctrl Pts',(302.143031649876,-63.2464134498808,-7.87038389108344));
#6532=CARTESIAN_POINT('Ctrl Pts',(302.139374144033,-63.2421400236709,-7.8766397723128));
#6533=CARTESIAN_POINT('Ctrl Pts',(302.132593387726,-63.2342173947083,-7.88823773221203));
#6534=CARTESIAN_POINT('Ctrl Pts',(302.124824839364,-63.226615972019,-7.89942303826416));
#6535=CARTESIAN_POINT('Ctrl Pts',(302.11604271597,-63.2194471062353,-7.91002371015296));
#6536=CARTESIAN_POINT('Ctrl Pts',(302.111276734141,-63.2155566252519,-7.91577660240116));
#6537=CARTESIAN_POINT('Ctrl Pts',(302.106211920102,-63.2117941572128,-7.9213569275262));
#6538=CARTESIAN_POINT('Ctrl Pts',(302.100842171741,-63.2081829673517,-7.92673410461094));
#6539=CARTESIAN_POINT('Ctrl Pts',(302.093750138475,-63.2034135299589,-7.9338359492775));
#6540=CARTESIAN_POINT('Ctrl Pts',(302.0861257563,-63.1989077223932,-7.94058350779925));
#6541=CARTESIAN_POINT('Ctrl Pts',(302.0779934242,-63.1946942511158,-7.94691541715237));
#6542=CARTESIAN_POINT('Ctrl Pts',(302.066978364119,-63.1889871994736,-7.95549184530244));
#6543=CARTESIAN_POINT('Ctrl Pts',(302.05511394492,-63.1838569126872,-7.96324074753688));
#6544=CARTESIAN_POINT('Ctrl Pts',(302.042494343208,-63.1793649920845,-7.97001173241515));
#6545=CARTESIAN_POINT('Ctrl Pts',(302.030282161264,-63.1750180916885,-7.97656411823233));
#6546=CARTESIAN_POINT('Ctrl Pts',(302.01736188421,-63.1712685602288,-7.98220074117952));
#6547=CARTESIAN_POINT('Ctrl Pts',(302.003831325616,-63.1682145907942,-7.98677078013667));
#6548=CARTESIAN_POINT('Ctrl Pts',(301.99005666175,-63.1651055245924,-7.99142326732326));
#6549=CARTESIAN_POINT('Ctrl Pts',(301.975853833663,-63.162762636828,-7.99489957989023));
#6550=CARTESIAN_POINT('Ctrl Pts',(301.961368544917,-63.1612582211838,-7.99711003739397));
#6551=CARTESIAN_POINT('Ctrl Pts',(301.949121310401,-63.1599862457659,-7.99897896744519));
#6552=CARTESIAN_POINT('Ctrl Pts',(301.936671691111,-63.1593141728153,-7.99994288033841));
#6553=CARTESIAN_POINT('Ctrl Pts',(301.924112549603,-63.1593141728153,-7.99994288033841));
#6554=CARTESIAN_POINT('Ctrl Pts',(301.924112549603,-68.5155189870349,-7.83333333333133));
#6555=CARTESIAN_POINT('Ctrl Pts',(301.924112549603,-68.4956455963371,-7.88954377064178));
#6556=CARTESIAN_POINT('Ctrl Pts',(301.924112549603,-68.2658826898989,-8.48134992978298));
#6557=CARTESIAN_POINT('Ctrl Pts',(301.924112549603,-67.4492821996784,-9.44670895067582));
#6558=CARTESIAN_POINT('Ctrl Pts',(301.924112549603,-65.7102853481763,-9.92777568574084));
#6559=CARTESIAN_POINT('Ctrl Pts',(301.924112549603,-64.0038089878351,-9.33986186100103));
#6560=CARTESIAN_POINT('Ctrl Pts',(301.924112549603,-63.2860041643854,-8.37536509302591));
#6561=CARTESIAN_POINT('Ctrl Pts',(301.924112549603,-63.0943669979366,-7.83333333333134));
#6562=CARTESIAN_POINT('Ctrl Pts',(301.989562396553,-68.5155189870349,-7.83333333333133));
#6563=CARTESIAN_POINT('Ctrl Pts',(301.989562396553,-68.4956455963371,-7.88954377064178));
#6564=CARTESIAN_POINT('Ctrl Pts',(301.989562396553,-68.2658826898989,-8.48134992978298));
#6565=CARTESIAN_POINT('Ctrl Pts',(301.989562396553,-67.4492821996784,-9.44670895067582));
#6566=CARTESIAN_POINT('Ctrl Pts',(301.989562396553,-65.7102853481763,-9.92777568574084));
#6567=CARTESIAN_POINT('Ctrl Pts',(301.989562396553,-64.0038089878351,-9.33986186100103));
#6568=CARTESIAN_POINT('Ctrl Pts',(301.989562396553,-63.2860041643854,-8.37536509302591));
#6569=CARTESIAN_POINT('Ctrl Pts',(301.989562396553,-63.0943669979366,-7.83333333333134));
#6570=CARTESIAN_POINT('Ctrl Pts',(302.119846870404,-68.4643568140381,-7.81524477359823));
#6571=CARTESIAN_POINT('Ctrl Pts',(302.119846870404,-68.444854019616,-7.87039258667019));
#6572=CARTESIAN_POINT('Ctrl Pts',(302.119846870404,-68.2194660715505,-8.45104333542897));
#6573=CARTESIAN_POINT('Ctrl Pts',(302.119846870404,-67.418243710144,-9.39817788343299));
#6574=CARTESIAN_POINT('Ctrl Pts',(302.119846870404,-65.712064382345,-9.87014012569866));
#6575=CARTESIAN_POINT('Ctrl Pts',(302.119846870404,-64.0378092885147,-9.29333421931707));
#6576=CARTESIAN_POINT('Ctrl Pts',(302.119846870404,-63.3335166689086,-8.34705689684974));
#6577=CARTESIAN_POINT('Ctrl Pts',(302.119846870404,-63.1455291709335,-7.81524477359823));
#6578=CARTESIAN_POINT('Ctrl Pts',(302.174112549603,-68.3415234341138,-7.77181661564806));
#6579=CARTESIAN_POINT('Ctrl Pts',(302.174112549603,-68.3229212567316,-7.82441718764716));
#6580=CARTESIAN_POINT('Ctrl Pts',(302.174112549603,-68.1079450877964,-8.37824935623443));
#6581=CARTESIAN_POINT('Ctrl Pts',(302.174112549603,-67.3437282872024,-9.28163738814495));
#6582=CARTESIAN_POINT('Ctrl Pts',(302.174112549603,-65.7163539670992,-9.73179959688858));
#6583=CARTESIAN_POINT('Ctrl Pts',(302.174112549603,-64.1194300634391,-9.1816357247436));
#6584=CARTESIAN_POINT('Ctrl Pts',(302.174112549603,-63.4476659538405,-8.27906577512103));
#6585=CARTESIAN_POINT('Ctrl Pts',(302.174112549603,-63.2683625508578,-7.77181661564806));
#6586=CARTESIAN_POINT('Ctrl Pts',(302.174112549603,-68.2798167266393,-7.74999999999818));
#6587=CARTESIAN_POINT('Ctrl Pts',(302.174112549603,-68.2616714568718,-7.80132257319467));
#6588=CARTESIAN_POINT('Ctrl Pts',(302.174112549603,-68.0518879336021,-8.34166732719317));
#6589=CARTESIAN_POINT('Ctrl Pts',(302.174112549603,-67.3062961816617,-9.22308208539963));
#6590=CARTESIAN_POINT('Ctrl Pts',(302.174112549603,-65.7185164476815,-9.66231693045901));
#6591=CARTESIAN_POINT('Ctrl Pts',(302.174112549603,-64.1604293360655,-9.12552604700091));
#6592=CARTESIAN_POINT('Ctrl Pts',(302.174112549603,-63.5050423233507,-8.24489856319757));
#6593=CARTESIAN_POINT('Ctrl Pts',(302.174112549603,-63.3300692583322,-7.74999999999818));
#6594=CARTESIAN_POINT('',(302.174112549603,-68.2798167266393,-7.75));
#6595=CARTESIAN_POINT('Ctrl Pts',(302.174112549603,-63.3300692583322,-7.74999999999818));
#6596=CARTESIAN_POINT('Ctrl Pts',(302.174112549603,-63.5050423233507,-8.24489856319757));
#6597=CARTESIAN_POINT('Ctrl Pts',(302.174112549603,-64.1604293360655,-9.12552604700091));
#6598=CARTESIAN_POINT('Ctrl Pts',(302.174112549603,-65.7185164476815,-9.66231693045901));
#6599=CARTESIAN_POINT('Ctrl Pts',(302.174112549603,-67.3062961816617,-9.22308208539963));
#6600=CARTESIAN_POINT('Ctrl Pts',(302.174112549603,-68.0518879336021,-8.34166732719317));
#6601=CARTESIAN_POINT('Ctrl Pts',(302.174112549603,-68.2616714568718,-7.80132257319467));
#6602=CARTESIAN_POINT('Ctrl Pts',(302.174112549603,-68.2798167266393,-7.74999999999818));
#6603=CARTESIAN_POINT('Ctrl Pts',(302.174112549603,-68.2798167266393,-7.74999999999818));
#6604=CARTESIAN_POINT('Ctrl Pts',(302.174112549603,-68.2802461943704,-7.75060735908805));
#6605=CARTESIAN_POINT('Ctrl Pts',(302.174110213096,-68.2806755639338,-7.75121476312273));
#6606=CARTESIAN_POINT('Ctrl Pts',(302.174105545286,-68.2811048280753,-7.75182220039992));
#6607=CARTESIAN_POINT('Ctrl Pts',(302.173988395077,-68.2918782712492,-7.76706733819617));
#6608=CARTESIAN_POINT('Ctrl Pts',(302.172406753621,-68.302590072598,-7.78234186472191));
#6609=CARTESIAN_POINT('Ctrl Pts',(302.16941380413,-68.3131275590597,-7.797459520671));
#6610=CARTESIAN_POINT('Ctrl Pts',(302.166517968716,-68.3233231292009,-7.81208664471619));
#6611=CARTESIAN_POINT('Ctrl Pts',(302.162300219557,-68.333356716814,-7.8265672758032));
#6612=CARTESIAN_POINT('Ctrl Pts',(302.156770245653,-68.3431095902423,-7.84071091950669));
#6613=CARTESIAN_POINT('Ctrl Pts',(302.154356708067,-68.3473661974165,-7.84688386286547));
#6614=CARTESIAN_POINT('Ctrl Pts',(302.151692766877,-68.351569008921,-7.85299229726908));
#6615=CARTESIAN_POINT('Ctrl Pts',(302.148777317737,-68.3557061990554,-7.8590187375977));
#6616=CARTESIAN_POINT('Ctrl Pts',(302.142870419617,-68.364088427474,-7.87122871532284));
#6617=CARTESIAN_POINT('Ctrl Pts',(302.135938473435,-68.3721936423306,-7.88309467410974));
#6618=CARTESIAN_POINT('Ctrl Pts',(302.127959665411,-68.3799158419991,-7.89444678341816));
#6619=CARTESIAN_POINT('Ctrl Pts',(302.119980857387,-68.3876380416675,-7.90579889272658));
#6620=CARTESIAN_POINT('Ctrl Pts',(302.110954862051,-68.3949783572875,-7.91663754885262));
#6621=CARTESIAN_POINT('Ctrl Pts',(302.100842171741,-68.4017874255844,-7.92676723142683));
#6622=CARTESIAN_POINT('Ctrl Pts',(302.097808864956,-68.4038298092063,-7.92980563505016));
#6623=CARTESIAN_POINT('Ctrl Pts',(302.094677669314,-68.4058240205849,-7.93278004603827));
#6624=CARTESIAN_POINT('Ctrl Pts',(302.091450379382,-68.4077678856299,-7.93568582843116));
#6625=CARTESIAN_POINT('Ctrl Pts',(302.081069222874,-68.4140206759558,-7.94503279831549));
#6626=CARTESIAN_POINT('Ctrl Pts',(302.069757882069,-68.4197172339837,-7.95361201447919));
#6627=CARTESIAN_POINT('Ctrl Pts',(302.057603268613,-68.4247991945455,-7.96126556305986));
#6628=CARTESIAN_POINT('Ctrl Pts',(302.045523377083,-68.4298499131529,-7.9688720605441));
#6629=CARTESIAN_POINT('Ctrl Pts',(302.032609485715,-68.4342942925847,-7.97556436446222));
#6630=CARTESIAN_POINT('Ctrl Pts',(302.01895993295,-68.4380289433437,-7.9811700991864));
#6631=CARTESIAN_POINT('Ctrl Pts',(302.005679047929,-68.4416627230124,-7.98662442575753));
#6632=CARTESIAN_POINT('Ctrl Pts',(301.99187984336,-68.444576585429,-7.99097515619075));
#6633=CARTESIAN_POINT('Ctrl Pts',(301.977696907176,-68.4466990983115,-7.99411651830274));
#6634=CARTESIAN_POINT('Ctrl Pts',(301.965425984625,-68.4485354734355,-7.99683439072925));
#6635=CARTESIAN_POINT('Ctrl Pts',(301.952867341924,-68.4497790998673,-7.9986468731323));
#6636=CARTESIAN_POINT('Ctrl Pts',(301.940114702683,-68.4503533339629,-7.99947939942194));
#6637=CARTESIAN_POINT('Ctrl Pts',(301.934791420299,-68.4505930341682,-7.99982691748843));
#6638=CARTESIAN_POINT('Ctrl Pts',(301.929454853379,-68.4507149775705,-8.00000183993986));
#6639=CARTESIAN_POINT('Ctrl Pts',(301.924112549603,-68.4507149775705,-8.00000183993986));
#6640=CARTESIAN_POINT('Origin',(301.924112549603,-67.127818648018,7.75));
#6641=CARTESIAN_POINT('',(301.924112549603,-68.4506943035503,8.));
#6642=CARTESIAN_POINT('',(301.924112549603,-70.,8.));
#6643=CARTESIAN_POINT('',(301.924112549603,-67.127818648018,8.));
#6644=CARTESIAN_POINT('',(302.174112549603,-70.,7.75));
#6645=CARTESIAN_POINT('Origin',(301.924112549603,-70.,7.75));
#6646=CARTESIAN_POINT('',(302.174112549603,-68.2798167266393,7.74999999999818));
#6647=CARTESIAN_POINT('',(302.174112549603,-67.127818648018,7.75));
#6648=CARTESIAN_POINT('Ctrl Pts',(302.174112549603,-68.2798167266393,7.74999999999818));
#6649=CARTESIAN_POINT('Ctrl Pts',(302.174112549603,-68.2802461943686,7.75060735908552));
#6650=CARTESIAN_POINT('Ctrl Pts',(302.174110213096,-68.2806755608911,7.75121476156896));
#6651=CARTESIAN_POINT('Ctrl Pts',(302.174105545286,-68.281104818903,7.75182219572294));
#6652=CARTESIAN_POINT('Ctrl Pts',(302.173986655429,-68.2920380887667,7.76729364027332));
#6653=CARTESIAN_POINT('Ctrl Pts',(302.172359262181,-68.3029087995923,7.78279700287634));
#6654=CARTESIAN_POINT('Ctrl Pts',(302.169278195728,-68.3135953031637,7.79813469774318));
#6655=CARTESIAN_POINT('Ctrl Pts',(302.168042508314,-68.3178812146038,7.8042860082683));
#6656=CARTESIAN_POINT('Ctrl Pts',(302.16657247482,-68.3221374138346,7.81041042802406));
#6657=CARTESIAN_POINT('Ctrl Pts',(302.16486964463,-68.3263553902079,7.81649411079829));
#6658=CARTESIAN_POINT('Ctrl Pts',(302.160965034043,-68.3360272619555,7.83044407029037));
#6659=CARTESIAN_POINT('Ctrl Pts',(302.155835901188,-68.3455056495765,7.84419201262684));
#6660=CARTESIAN_POINT('Ctrl Pts',(302.149474248367,-68.3546752002817,7.85755174704957));
#6661=CARTESIAN_POINT('Ctrl Pts',(302.146397325956,-68.3591102106268,7.86401341156043));
#6662=CARTESIAN_POINT('Ctrl Pts',(302.143031650232,-68.3634725352946,7.8703838910902));
#6663=CARTESIAN_POINT('Ctrl Pts',(302.139374144352,-68.3677459615894,7.87663977242504));
#6664=CARTESIAN_POINT('Ctrl Pts',(302.132593388147,-68.3756685905108,7.88823773222894));
#6665=CARTESIAN_POINT('Ctrl Pts',(302.1248248399,-68.3832700131593,7.89942303819159));
#6666=CARTESIAN_POINT('Ctrl Pts',(302.116042716626,-68.3904388788989,7.91002370999861));
#6667=CARTESIAN_POINT('Ctrl Pts',(302.111276734734,-68.3943293599627,7.91577660235661));
#6668=CARTESIAN_POINT('Ctrl Pts',(302.106211920619,-68.3980918280743,7.92135692758447));
#6669=CARTESIAN_POINT('Ctrl Pts',(302.100842172164,-68.4017030179977,7.9267341047629));
#6670=CARTESIAN_POINT('Ctrl Pts',(302.093750138898,-68.4064724553898,7.93383594942986));
#6671=CARTESIAN_POINT('Ctrl Pts',(302.086125756713,-68.4109782629462,7.94058350794835));
#6672=CARTESIAN_POINT('Ctrl Pts',(302.077993424596,-68.4151917342076,7.9469154172954));
#6673=CARTESIAN_POINT('Ctrl Pts',(302.066978364455,-68.4208987858468,7.95549184546498));
#6674=CARTESIAN_POINT('Ctrl Pts',(302.055113945177,-68.4260290726147,7.96324074770847));
#6675=CARTESIAN_POINT('Ctrl Pts',(302.042494343377,-68.4305209931897,7.97001173258661));
#6676=CARTESIAN_POINT('Ctrl Pts',(302.030282161427,-68.4348678935304,7.97656411836056));
#6677=CARTESIAN_POINT('Ctrl Pts',(302.017361884367,-68.4386174249338,7.98220074126794));
#6678=CARTESIAN_POINT('Ctrl Pts',(302.003831325773,-68.4416713943192,7.98677078019325));
#6679=CARTESIAN_POINT('Ctrl Pts',(301.990056661806,-68.444780460494,7.99142326738186));
#6680=CARTESIAN_POINT('Ctrl Pts',(301.975853833617,-68.4471233482283,7.99489957994247));
#6681=CARTESIAN_POINT('Ctrl Pts',(301.961368544781,-68.4486277638465,7.99711003743397));
#6682=CARTESIAN_POINT('Ctrl Pts',(301.949121310297,-68.4498997392311,7.9989789674583));
#6683=CARTESIAN_POINT('Ctrl Pts',(301.936671691051,-68.4505718121618,7.99994288033646));
#6684=CARTESIAN_POINT('Ctrl Pts',(301.924112549603,-68.4505718121618,7.99994288033646));
#6685=CARTESIAN_POINT('Origin',(301.924112549603,-70.,5.55111512312578E-16));
#6686=CARTESIAN_POINT('',(302.174112549603,-70.,-7.75));
#6687=CARTESIAN_POINT('Origin',(301.924112549603,-70.,-7.75));
#6688=CARTESIAN_POINT('Origin',(302.174112549603,-70.,5.55111512312578E-16));
#6689=CARTESIAN_POINT('Origin',(301.924112549603,-70.,5.55111512312578E-16));
#6690=CARTESIAN_POINT('Origin',(301.924112549603,-67.9024714962429,-7.75));
#6691=CARTESIAN_POINT('',(302.174112549603,-67.9024714962429,-7.75));
#6692=CARTESIAN_POINT('Ctrl Pts',(301.924112549603,-63.0943669979366,7.83333333333134));
#6693=CARTESIAN_POINT('Ctrl Pts',(301.924112549603,-63.1142403886344,7.88954377064179));
#6694=CARTESIAN_POINT('Ctrl Pts',(301.924112549603,-63.3440032950477,8.48134992979271));
#6695=CARTESIAN_POINT('Ctrl Pts',(301.924112549603,-64.1606037852176,9.44670895080151));
#6696=CARTESIAN_POINT('Ctrl Pts',(301.924112549603,-65.8996006369434,9.9277756855435));
#6697=CARTESIAN_POINT('Ctrl Pts',(301.924112549603,-67.6060769975085,9.33986186087472));
#6698=CARTESIAN_POINT('Ctrl Pts',(301.924112549603,-68.3238818205861,8.37536509302587));
#6699=CARTESIAN_POINT('Ctrl Pts',(301.924112549603,-68.5155189870349,7.83333333333134));
#6700=CARTESIAN_POINT('Ctrl Pts',(301.989562396553,-63.0943669979366,7.83333333333134));
#6701=CARTESIAN_POINT('Ctrl Pts',(301.989562396553,-63.1142403886344,7.88954377064179));
#6702=CARTESIAN_POINT('Ctrl Pts',(301.989562396553,-63.3440032950477,8.48134992979271));
#6703=CARTESIAN_POINT('Ctrl Pts',(301.989562396553,-64.1606037852176,9.44670895080151));
#6704=CARTESIAN_POINT('Ctrl Pts',(301.989562396553,-65.8996006369434,9.92777568554351));
#6705=CARTESIAN_POINT('Ctrl Pts',(301.989562396553,-67.6060769975084,9.33986186087471));
#6706=CARTESIAN_POINT('Ctrl Pts',(301.989562396553,-68.3238818205861,8.37536509302588));
#6707=CARTESIAN_POINT('Ctrl Pts',(301.989562396553,-68.5155189870349,7.83333333333134));
#6708=CARTESIAN_POINT('Ctrl Pts',(302.11984687125,-63.1455291701357,7.81524477388031));
#6709=CARTESIAN_POINT('Ctrl Pts',(302.11984687125,-63.1650319645396,7.87039258697756));
#6710=CARTESIAN_POINT('Ctrl Pts',(302.11984687125,-63.3904199128512,8.45104333584066));
#6711=CARTESIAN_POINT('Ctrl Pts',(302.11984687125,-64.191642274263,9.39817788425746));
#6712=CARTESIAN_POINT('Ctrl Pts',(302.11984687125,-65.897821602756,9.87014012648424));
#6713=CARTESIAN_POINT('Ctrl Pts',(302.11984687125,-67.5720766973638,9.29333421993918));
#6714=CARTESIAN_POINT('Ctrl Pts',(302.11984687125,-68.276369316632,8.34705689723186));
#6715=CARTESIAN_POINT('Ctrl Pts',(302.11984687125,-68.4643568148359,7.81524477388031));
#6716=CARTESIAN_POINT('Ctrl Pts',(302.174112549603,-63.2683625508578,7.77181661564806));
#6717=CARTESIAN_POINT('Ctrl Pts',(302.174112549603,-63.28696472824,7.82441718764716));
#6718=CARTESIAN_POINT('Ctrl Pts',(302.174112549603,-63.5019408971524,8.3782493562433));
#6719=CARTESIAN_POINT('Ctrl Pts',(302.174112549603,-64.2661576977002,9.28163738825975));
#6720=CARTESIAN_POINT('Ctrl Pts',(302.174112549603,-65.8935320180076,9.73179959670842));
#6721=CARTESIAN_POINT('Ctrl Pts',(302.174112549603,-67.490455921872,9.18163572462834));
#6722=CARTESIAN_POINT('Ctrl Pts',(302.174112549603,-68.162220031131,8.27906577512101));
#6723=CARTESIAN_POINT('Ctrl Pts',(302.174112549603,-68.3415234341137,7.77181661564806));
#6724=CARTESIAN_POINT('Ctrl Pts',(302.174112549603,-63.3300692583322,7.74999999999818));
#6725=CARTESIAN_POINT('Ctrl Pts',(302.174112549603,-63.3482145280998,7.80132257319467));
#6726=CARTESIAN_POINT('Ctrl Pts',(302.174112549603,-63.5579980513467,8.34166732720204));
#6727=CARTESIAN_POINT('Ctrl Pts',(302.174112549603,-64.3035898032409,9.22308208551443));
#6728=CARTESIAN_POINT('Ctrl Pts',(302.174112549603,-65.8913695374253,9.66231693027885));
#6729=CARTESIAN_POINT('Ctrl Pts',(302.174112549603,-67.4494566492456,9.12552604688567));
#6730=CARTESIAN_POINT('Ctrl Pts',(302.174112549603,-68.1048436616208,8.24489856319755));
#6731=CARTESIAN_POINT('Ctrl Pts',(302.174112549603,-68.2798167266393,7.74999999999818));
#6732=CARTESIAN_POINT('',(301.924112549603,-63.1591916814212,8.));
#6733=CARTESIAN_POINT('Ctrl Pts',(301.924112549603,-63.1591735143255,8.00000773099993));
#6734=CARTESIAN_POINT('Ctrl Pts',(301.924112549603,-63.3842609490473,8.52894124270276));
#6735=CARTESIAN_POINT('Ctrl Pts',(301.924112549603,-64.1606059372393,9.44670954612524));
#6736=CARTESIAN_POINT('Ctrl Pts',(301.924112549603,-65.8996006369434,9.9277756855435));
#6737=CARTESIAN_POINT('Ctrl Pts',(301.924112549603,-67.5470865017343,9.36018521770001));
#6738=CARTESIAN_POINT('Ctrl Pts',(301.924112549603,-68.2483124510698,8.47384955726404));
#6739=CARTESIAN_POINT('Ctrl Pts',(301.924112549603,-68.4505700642852,7.99994697573255));
#6740=CARTESIAN_POINT('',(302.174112549603,-63.3300692583322,7.75));
#6741=CARTESIAN_POINT('Ctrl Pts',(302.174112549603,-68.2798167266393,7.74999999999818));
#6742=CARTESIAN_POINT('Ctrl Pts',(302.174112549603,-68.1048436616208,8.24489856319755));
#6743=CARTESIAN_POINT('Ctrl Pts',(302.174112549603,-67.4494566492456,9.12552604688567));
#6744=CARTESIAN_POINT('Ctrl Pts',(302.174112549603,-65.8913695374253,9.66231693027885));
#6745=CARTESIAN_POINT('Ctrl Pts',(302.174112549603,-64.3035898032409,9.22308208551443));
#6746=CARTESIAN_POINT('Ctrl Pts',(302.174112549603,-63.5579980513467,8.34166732720204));
#6747=CARTESIAN_POINT('Ctrl Pts',(302.174112549603,-63.3482145280998,7.80132257319467));
#6748=CARTESIAN_POINT('Ctrl Pts',(302.174112549603,-63.3300692583322,7.74999999999818));
#6749=CARTESIAN_POINT('Ctrl Pts',(302.174112549603,-63.3300692583322,7.74999999999818));
#6750=CARTESIAN_POINT('Ctrl Pts',(302.174112549603,-63.3296397906011,7.75060735908805));
#6751=CARTESIAN_POINT('Ctrl Pts',(302.174110213096,-63.3292104210377,7.75121476312274));
#6752=CARTESIAN_POINT('Ctrl Pts',(302.174105545286,-63.3287811568961,7.75182220039996));
#6753=CARTESIAN_POINT('Ctrl Pts',(302.173988395079,-63.3180077137597,7.76706733814133));
#6754=CARTESIAN_POINT('Ctrl Pts',(302.172406753658,-63.3072959124265,7.78234186461967));
#6755=CARTESIAN_POINT('Ctrl Pts',(302.169413804225,-63.2967584259669,7.79745952052805));
#6756=CARTESIAN_POINT('Ctrl Pts',(302.166517968879,-63.2865628558682,7.81208664447577));
#6757=CARTESIAN_POINT('Ctrl Pts',(302.162300219819,-63.2765292682837,7.82656727547271));
#6758=CARTESIAN_POINT('Ctrl Pts',(302.156770246036,-63.2667763948769,7.84071091909462));
#6759=CARTESIAN_POINT('Ctrl Pts',(302.154356708421,-63.2625197875688,7.84688386262559));
#6760=CARTESIAN_POINT('Ctrl Pts',(302.15169276719,-63.2583169759326,7.85299229719867));
#6761=CARTESIAN_POINT('Ctrl Pts',(302.148777317996,-63.2541797856706,7.85901873769237));
#6762=CARTESIAN_POINT('Ctrl Pts',(302.142870419918,-63.2457975572118,7.87122871543384));
#6763=CARTESIAN_POINT('Ctrl Pts',(302.135938473777,-63.2376923423175,7.88309467423655));
#6764=CARTESIAN_POINT('Ctrl Pts',(302.127959665784,-63.2299701426213,7.89444678355703));
#6765=CARTESIAN_POINT('Ctrl Pts',(302.11998085779,-63.2222479429251,7.90579889287751));
#6766=CARTESIAN_POINT('Ctrl Pts',(302.110954862475,-63.2149076272874,7.91663754901192));
#6767=CARTESIAN_POINT('Ctrl Pts',(302.100842172164,-63.2080985589914,7.92676723158686));
#6768=CARTESIAN_POINT('Ctrl Pts',(302.097808865379,-63.2060561753698,7.92980563521041));
#6769=CARTESIAN_POINT('Ctrl Pts',(302.094677669735,-63.2040619639932,7.93278004619805));
#6770=CARTESIAN_POINT('Ctrl Pts',(302.0914503798,-63.2021180989517,7.93568582858983));
#6771=CARTESIAN_POINT('Ctrl Pts',(302.081069223248,-63.1958653086179,7.94503279849929));
#6772=CARTESIAN_POINT('Ctrl Pts',(302.069757882379,-63.190168750601,7.95361201467688));
#6773=CARTESIAN_POINT('Ctrl Pts',(302.057603268843,-63.1850867900625,7.96126556326147));
#6774=CARTESIAN_POINT('Ctrl Pts',(302.045523377307,-63.1800360715095,7.96887206070283));
#6775=CARTESIAN_POINT('Ctrl Pts',(302.03260948593,-63.1755916921368,7.97556436457942));
#6776=CARTESIAN_POINT('Ctrl Pts',(302.018959933159,-63.1718570414331,7.9811700992683));
#6777=CARTESIAN_POINT('Ctrl Pts',(302.005679048038,-63.1682232617922,7.98662442584404));
#6778=CARTESIAN_POINT('Ctrl Pts',(301.991879843364,-63.1653093994089,7.99097515627274));
#6779=CARTESIAN_POINT('Ctrl Pts',(301.977696907082,-63.1631868865584,7.99411651837333));
#6780=CARTESIAN_POINT('Ctrl Pts',(301.965425984553,-63.161350511478,7.9968343907662));
#6781=CARTESIAN_POINT('Ctrl Pts',(301.952867341885,-63.1601068850784,7.9986468731463));
#6782=CARTESIAN_POINT('Ctrl Pts',(301.940114702691,-63.1595326509968,7.99947939942727));
#6783=CARTESIAN_POINT('Ctrl Pts',(301.934791420302,-63.1592929507961,7.99982691749178));
#6784=CARTESIAN_POINT('Ctrl Pts',(301.929454853379,-63.1591710073963,8.00000183994212));
#6785=CARTESIAN_POINT('Ctrl Pts',(301.924112549603,-63.1591710073963,8.00000183994212));
#6786=CARTESIAN_POINT('Origin',(301.924112549603,-61.6098859849715,-5.55111512312578E-16));
#6787=CARTESIAN_POINT('',(302.174112549603,-61.6098859849715,7.75));
#6788=CARTESIAN_POINT('Origin',(301.924112549603,-61.6098859849715,7.75));
#6789=CARTESIAN_POINT('Origin',(302.174112549603,-61.6098859849715,-5.55111512312578E-16));
#6790=CARTESIAN_POINT('Origin',(301.924112549603,-63.7074144887286,7.75));
#6791=CARTESIAN_POINT('',(302.174112549603,-63.7074144887286,7.75));
#6792=CARTESIAN_POINT('',(301.924112549603,-63.7074144887286,8.));
#6793=CARTESIAN_POINT('Origin',(298.174112549603,-70.,5.55111512312578E-16));
#6794=CARTESIAN_POINT('',(298.174112549603,-70.,8.));
#6795=CARTESIAN_POINT('Origin',(298.174112549603,-68.4506943035503,8.));
#6796=CARTESIAN_POINT('',(298.174112549603,-68.4506943035503,8.));
#6797=CARTESIAN_POINT('Origin',(302.174112549603,-65.8049429924858,0.));
#6798=CARTESIAN_POINT('',(302.174112549603,-65.8049429924858,6.5));
#6799=CARTESIAN_POINT('Origin',(302.174112549603,-65.8049429924858,7.5));
#6800=CARTESIAN_POINT('',(302.174112549603,-58.3049429924858,-1.));
#6801=CARTESIAN_POINT('Origin',(302.174112549603,-58.3049429924858,0.));
#6802=CARTESIAN_POINT('',(302.174112549603,-65.8049429924858,-1.));
#6803=CARTESIAN_POINT('Origin',(302.174112549603,-65.8049429924858,0.));
#6804=CARTESIAN_POINT('',(302.174112549603,-60.8049429924858,4.));
#6805=CARTESIAN_POINT('Origin',(302.174112549603,-60.8049429924858,5.));
#6806=CARTESIAN_POINT('',(302.174112549603,-73.3049429924858,1.5));
#6807=CARTESIAN_POINT('Origin',(302.174112549603,-73.3049429924858,2.5));
#6808=CARTESIAN_POINT('',(302.174112549603,-68.3049429924858,-6.));
#6809=CARTESIAN_POINT('Origin',(302.174112549603,-68.3049429924858,-5.));
#6810=CARTESIAN_POINT('',(302.174112549603,-73.3049429924858,-3.5));
#6811=CARTESIAN_POINT('Origin',(302.174112549603,-73.3049429924858,-2.5));
#6812=CARTESIAN_POINT('',(302.174112549603,-70.8049429924858,1.5));
#6813=CARTESIAN_POINT('Origin',(302.174112549603,-70.8049429924858,2.5));
#6814=CARTESIAN_POINT('',(302.174112549603,-60.8049429924858,-3.5));
#6815=CARTESIAN_POINT('Origin',(302.174112549603,-60.8049429924858,-2.5));
#6816=CARTESIAN_POINT('',(302.174112549603,-65.8049429924858,1.5));
#6817=CARTESIAN_POINT('Origin',(302.174112549603,-65.8049429924858,2.5));
#6818=CARTESIAN_POINT('',(302.174112549603,-58.3049429924858,-3.5));
#6819=CARTESIAN_POINT('Origin',(302.174112549603,-58.3049429924858,-2.5));
#6820=CARTESIAN_POINT('',(302.174112549603,-55.8049429924858,-3.5));
#6821=CARTESIAN_POINT('Origin',(302.174112549603,-55.8049429924858,-2.5));
#6822=CARTESIAN_POINT('',(302.174112549603,-63.3049429924858,-1.));
#6823=CARTESIAN_POINT('Origin',(302.174112549603,-63.3049429924858,0.));
#6824=CARTESIAN_POINT('',(302.174112549603,-63.3049429924858,-6.));
#6825=CARTESIAN_POINT('Origin',(302.174112549603,-63.3049429924858,-5.));
#6826=CARTESIAN_POINT('',(302.174112549603,-68.3049429924858,4.));
#6827=CARTESIAN_POINT('Origin',(302.174112549603,-68.3049429924858,5.));
#6828=CARTESIAN_POINT('',(302.174112549603,-75.8049429924858,-1.));
#6829=CARTESIAN_POINT('Origin',(302.174112549603,-75.8049429924858,0.));
#6830=CARTESIAN_POINT('',(302.174112549603,-65.8049429924858,-8.5));
#6831=CARTESIAN_POINT('Origin',(302.174112549603,-65.8049429924858,-7.5));
#6832=CARTESIAN_POINT('',(302.174112549603,-75.8049429924858,1.5));
#6833=CARTESIAN_POINT('Origin',(302.174112549603,-75.8049429924858,2.5));
#6834=CARTESIAN_POINT('',(302.174112549603,-65.8049429924858,4.));
#6835=CARTESIAN_POINT('Origin',(302.174112549603,-65.8049429924858,5.));
#6836=CARTESIAN_POINT('',(302.174112549603,-63.3049429924858,-3.5));
#6837=CARTESIAN_POINT('Origin',(302.174112549603,-63.3049429924858,-2.5));
#6838=CARTESIAN_POINT('',(302.174112549603,-68.3049429924858,-3.5));
#6839=CARTESIAN_POINT('Origin',(302.174112549603,-68.3049429924858,-2.5));
#6840=CARTESIAN_POINT('',(302.174112549603,-55.8049429924858,-1.));
#6841=CARTESIAN_POINT('Origin',(302.174112549603,-55.8049429924858,0.));
#6842=CARTESIAN_POINT('',(302.174112549603,-58.3049429924858,4.));
#6843=CARTESIAN_POINT('Origin',(302.174112549603,-58.3049429924858,5.));
#6844=CARTESIAN_POINT('',(302.174112549603,-68.3049429924858,-1.));
#6845=CARTESIAN_POINT('Origin',(302.174112549603,-68.3049429924858,0.));
#6846=CARTESIAN_POINT('',(302.174112549603,-60.8049429924858,-1.));
#6847=CARTESIAN_POINT('Origin',(302.174112549603,-60.8049429924858,0.));
#6848=CARTESIAN_POINT('',(302.174112549603,-70.8049429924858,-1.));
#6849=CARTESIAN_POINT('Origin',(302.174112549603,-70.8049429924858,0.));
#6850=CARTESIAN_POINT('',(302.174112549603,-73.3049429924858,-6.));
#6851=CARTESIAN_POINT('Origin',(302.174112549603,-73.3049429924858,-5.));
#6852=CARTESIAN_POINT('',(302.174112549603,-70.8049429924858,-6.));
#6853=CARTESIAN_POINT('Origin',(302.174112549603,-70.8049429924858,-5.));
#6854=CARTESIAN_POINT('',(302.174112549603,-73.3049429924858,-1.));
#6855=CARTESIAN_POINT('Origin',(302.174112549603,-73.3049429924858,0.));
#6856=CARTESIAN_POINT('',(302.174112549603,-60.8049429924858,1.5));
#6857=CARTESIAN_POINT('Origin',(302.174112549603,-60.8049429924858,2.5));
#6858=CARTESIAN_POINT('',(302.174112549603,-68.3049429924858,1.5));
#6859=CARTESIAN_POINT('Origin',(302.174112549603,-68.3049429924858,2.5));
#6860=CARTESIAN_POINT('',(302.174112549603,-58.3049429924858,1.5));
#6861=CARTESIAN_POINT('Origin',(302.174112549603,-58.3049429924858,2.5));
#6862=CARTESIAN_POINT('',(302.174112549603,-55.8049429924858,1.5));
#6863=CARTESIAN_POINT('Origin',(302.174112549603,-55.8049429924858,2.5));
#6864=CARTESIAN_POINT('',(302.174112549603,-70.8049429924858,-3.5));
#6865=CARTESIAN_POINT('Origin',(302.174112549603,-70.8049429924858,-2.5));
#6866=CARTESIAN_POINT('',(302.174112549603,-65.8049429924858,-3.5));
#6867=CARTESIAN_POINT('Origin',(302.174112549603,-65.8049429924858,-2.5));
#6868=CARTESIAN_POINT('',(302.174112549603,-63.3049429924858,4.));
#6869=CARTESIAN_POINT('Origin',(302.174112549603,-63.3049429924858,5.));
#6870=CARTESIAN_POINT('',(302.174112549603,-73.3049429924858,4.));
#6871=CARTESIAN_POINT('Origin',(302.174112549603,-73.3049429924858,5.));
#6872=CARTESIAN_POINT('',(302.174112549603,-65.8049429924858,-6.));
#6873=CARTESIAN_POINT('Origin',(302.174112549603,-65.8049429924858,-5.));
#6874=CARTESIAN_POINT('',(302.174112549603,-75.8049429924858,-3.5));
#6875=CARTESIAN_POINT('Origin',(302.174112549603,-75.8049429924858,-2.5));
#6876=CARTESIAN_POINT('',(302.174112549603,-70.8049429924858,4.));
#6877=CARTESIAN_POINT('Origin',(302.174112549603,-70.8049429924858,5.));
#6878=CARTESIAN_POINT('',(302.174112549603,-60.8049429924858,-6.));
#6879=CARTESIAN_POINT('Origin',(302.174112549603,-60.8049429924858,-5.));
#6880=CARTESIAN_POINT('',(302.174112549603,-63.3049429924858,1.5));
#6881=CARTESIAN_POINT('Origin',(302.174112549603,-63.3049429924858,2.5));
#6882=CARTESIAN_POINT('',(302.174112549603,-58.3049429924858,-6.));
#6883=CARTESIAN_POINT('Origin',(302.174112549603,-58.3049429924858,-5.));
#6884=CARTESIAN_POINT('Origin',(301.924112549603,-65.8049429924858,7.5));
#6885=CARTESIAN_POINT('Origin',(301.924112549603,-65.8049429924858,6.5));
#6886=CARTESIAN_POINT('Origin',(301.924112549603,-58.3049429924858,-5.));
#6887=CARTESIAN_POINT('',(301.924112549603,-58.3049429924858,-5.75));
#6888=CARTESIAN_POINT('Origin',(301.924112549603,-58.3049429924858,-6.));
#6889=CARTESIAN_POINT('',(301.924112549603,-59.0549429924858,-5.));
#6890=CARTESIAN_POINT('Origin',(301.924112549603,-58.3049429924858,-5.));
#6891=CARTESIAN_POINT('Origin',(301.924112549603,-58.3049429924858,-5.));
#6892=CARTESIAN_POINT('Origin',(302.174112549603,-58.3049429924858,-5.));
#6893=CARTESIAN_POINT('',(302.174112549603,-59.0549429924858,-5.));
#6894=CARTESIAN_POINT('Origin',(301.924112549603,-58.3049429924858,0.));
#6895=CARTESIAN_POINT('',(301.924112549603,-58.3049429924858,-0.750000000000002));
#6896=CARTESIAN_POINT('Origin',(301.924112549603,-58.3049429924858,-1.));
#6897=CARTESIAN_POINT('',(301.924112549603,-59.0549429924858,9.18485099360517E-17));
#6898=CARTESIAN_POINT('Origin',(301.924112549603,-58.3049429924858,0.));
#6899=CARTESIAN_POINT('Origin',(301.924112549603,-58.3049429924858,0.));
#6900=CARTESIAN_POINT('Origin',(302.174112549603,-58.3049429924858,0.));
#6901=CARTESIAN_POINT('',(302.174112549603,-59.0549429924858,9.18485099360517E-17));
#6902=CARTESIAN_POINT('Origin',(301.924112549603,-63.3049429924858,2.5));
#6903=CARTESIAN_POINT('',(301.924112549603,-63.3049429924858,1.75));
#6904=CARTESIAN_POINT('Origin',(301.924112549603,-63.3049429924858,1.5));
#6905=CARTESIAN_POINT('',(301.924112549603,-64.0549429924858,2.5));
#6906=CARTESIAN_POINT('Origin',(301.924112549603,-63.3049429924858,2.5));
#6907=CARTESIAN_POINT('Origin',(301.924112549603,-63.3049429924858,2.5));
#6908=CARTESIAN_POINT('Origin',(302.174112549603,-63.3049429924858,2.5));
#6909=CARTESIAN_POINT('',(302.174112549603,-64.0549429924858,2.5));
#6910=CARTESIAN_POINT('Origin',(301.924112549603,-65.8049429924858,0.));
#6911=CARTESIAN_POINT('',(301.924112549603,-65.8049429924858,-0.750000000000002));
#6912=CARTESIAN_POINT('Origin',(301.924112549603,-65.8049429924858,-1.));
#6913=CARTESIAN_POINT('',(301.924112549603,-66.5549429924858,9.18485099360517E-17));
#6914=CARTESIAN_POINT('Origin',(301.924112549603,-65.8049429924858,0.));
#6915=CARTESIAN_POINT('Origin',(301.924112549603,-65.8049429924858,0.));
#6916=CARTESIAN_POINT('Origin',(302.174112549603,-65.8049429924858,0.));
#6917=CARTESIAN_POINT('',(302.174112549603,-66.5549429924858,9.18485099360517E-17));
#6918=CARTESIAN_POINT('Origin',(301.924112549603,-60.8049429924858,-5.));
#6919=CARTESIAN_POINT('',(301.924112549603,-60.8049429924858,-5.75));
#6920=CARTESIAN_POINT('Origin',(301.924112549603,-60.8049429924858,-6.));
#6921=CARTESIAN_POINT('',(301.924112549603,-61.5549429924858,-5.));
#6922=CARTESIAN_POINT('Origin',(301.924112549603,-60.8049429924858,-5.));
#6923=CARTESIAN_POINT('Origin',(301.924112549603,-60.8049429924858,-5.));
#6924=CARTESIAN_POINT('Origin',(302.174112549603,-60.8049429924858,-5.));
#6925=CARTESIAN_POINT('',(302.174112549603,-61.5549429924858,-5.));
#6926=CARTESIAN_POINT('Origin',(301.924112549603,-60.8049429924858,5.));
#6927=CARTESIAN_POINT('',(301.924112549603,-60.8049429924858,4.25));
#6928=CARTESIAN_POINT('Origin',(301.924112549603,-60.8049429924858,4.));
#6929=CARTESIAN_POINT('',(301.924112549603,-61.5549429924858,5.));
#6930=CARTESIAN_POINT('Origin',(301.924112549603,-60.8049429924858,5.));
#6931=CARTESIAN_POINT('Origin',(301.924112549603,-60.8049429924858,5.));
#6932=CARTESIAN_POINT('Origin',(302.174112549603,-60.8049429924858,5.));
#6933=CARTESIAN_POINT('',(302.174112549603,-61.5549429924858,5.));
#6934=CARTESIAN_POINT('Origin',(301.924112549603,-70.8049429924858,5.));
#6935=CARTESIAN_POINT('',(301.924112549603,-70.8049429924858,4.25));
#6936=CARTESIAN_POINT('Origin',(301.924112549603,-70.8049429924858,4.));
#6937=CARTESIAN_POINT('',(301.924112549603,-71.5549429924858,5.));
#6938=CARTESIAN_POINT('Origin',(301.924112549603,-70.8049429924858,5.));
#6939=CARTESIAN_POINT('Origin',(301.924112549603,-70.8049429924858,5.));
#6940=CARTESIAN_POINT('Origin',(302.174112549603,-70.8049429924858,5.));
#6941=CARTESIAN_POINT('',(302.174112549603,-71.5549429924858,5.));
#6942=CARTESIAN_POINT('Origin',(301.924112549603,-73.3049429924858,2.5));
#6943=CARTESIAN_POINT('',(301.924112549603,-73.3049429924858,1.75));
#6944=CARTESIAN_POINT('Origin',(301.924112549603,-73.3049429924858,1.5));
#6945=CARTESIAN_POINT('',(301.924112549603,-74.0549429924858,2.5));
#6946=CARTESIAN_POINT('Origin',(301.924112549603,-73.3049429924858,2.5));
#6947=CARTESIAN_POINT('Origin',(301.924112549603,-73.3049429924858,2.5));
#6948=CARTESIAN_POINT('Origin',(302.174112549603,-73.3049429924858,2.5));
#6949=CARTESIAN_POINT('',(302.174112549603,-74.0549429924858,2.5));
#6950=CARTESIAN_POINT('Origin',(301.924112549603,-75.8049429924858,-2.5));
#6951=CARTESIAN_POINT('',(301.924112549603,-75.8049429924858,-3.25));
#6952=CARTESIAN_POINT('Origin',(301.924112549603,-75.8049429924858,-3.5));
#6953=CARTESIAN_POINT('',(301.924112549603,-76.5549429924858,-2.5));
#6954=CARTESIAN_POINT('Origin',(301.924112549603,-75.8049429924858,-2.5));
#6955=CARTESIAN_POINT('Origin',(301.924112549603,-75.8049429924858,-2.5));
#6956=CARTESIAN_POINT('Origin',(302.174112549603,-75.8049429924858,-2.5));
#6957=CARTESIAN_POINT('',(302.174112549603,-76.5549429924858,-2.5));
#6958=CARTESIAN_POINT('Origin',(301.924112549603,-68.3049429924858,-5.));
#6959=CARTESIAN_POINT('',(301.924112549603,-68.3049429924858,-5.75));
#6960=CARTESIAN_POINT('Origin',(301.924112549603,-68.3049429924858,-6.));
#6961=CARTESIAN_POINT('',(301.924112549603,-69.0549429924858,-5.));
#6962=CARTESIAN_POINT('Origin',(301.924112549603,-68.3049429924858,-5.));
#6963=CARTESIAN_POINT('Origin',(301.924112549603,-68.3049429924858,-5.));
#6964=CARTESIAN_POINT('Origin',(302.174112549603,-68.3049429924858,-5.));
#6965=CARTESIAN_POINT('',(302.174112549603,-69.0549429924858,-5.));
#6966=CARTESIAN_POINT('Origin',(301.924112549603,-65.8049429924858,-5.));
#6967=CARTESIAN_POINT('',(301.924112549603,-65.8049429924858,-5.75));
#6968=CARTESIAN_POINT('Origin',(301.924112549603,-65.8049429924858,-6.));
#6969=CARTESIAN_POINT('',(301.924112549603,-66.5549429924858,-5.));
#6970=CARTESIAN_POINT('Origin',(301.924112549603,-65.8049429924858,-5.));
#6971=CARTESIAN_POINT('Origin',(301.924112549603,-65.8049429924858,-5.));
#6972=CARTESIAN_POINT('Origin',(302.174112549603,-65.8049429924858,-5.));
#6973=CARTESIAN_POINT('',(302.174112549603,-66.5549429924858,-5.));
#6974=CARTESIAN_POINT('Origin',(301.924112549603,-73.3049429924858,-2.5));
#6975=CARTESIAN_POINT('',(301.924112549603,-73.3049429924858,-3.25));
#6976=CARTESIAN_POINT('Origin',(301.924112549603,-73.3049429924858,-3.5));
#6977=CARTESIAN_POINT('',(301.924112549603,-74.0549429924858,-2.5));
#6978=CARTESIAN_POINT('Origin',(301.924112549603,-73.3049429924858,-2.5));
#6979=CARTESIAN_POINT('Origin',(301.924112549603,-73.3049429924858,-2.5));
#6980=CARTESIAN_POINT('Origin',(302.174112549603,-73.3049429924858,-2.5));
#6981=CARTESIAN_POINT('',(302.174112549603,-74.0549429924858,-2.5));
#6982=CARTESIAN_POINT('Origin',(301.924112549603,-73.3049429924858,5.));
#6983=CARTESIAN_POINT('',(301.924112549603,-73.3049429924858,4.25));
#6984=CARTESIAN_POINT('Origin',(301.924112549603,-73.3049429924858,4.));
#6985=CARTESIAN_POINT('',(301.924112549603,-74.0549429924858,5.));
#6986=CARTESIAN_POINT('Origin',(301.924112549603,-73.3049429924858,5.));
#6987=CARTESIAN_POINT('Origin',(301.924112549603,-73.3049429924858,5.));
#6988=CARTESIAN_POINT('Origin',(302.174112549603,-73.3049429924858,5.));
#6989=CARTESIAN_POINT('',(302.174112549603,-74.0549429924858,5.));
#6990=CARTESIAN_POINT('Origin',(301.924112549603,-70.8049429924858,2.5));
#6991=CARTESIAN_POINT('',(301.924112549603,-70.8049429924858,1.75));
#6992=CARTESIAN_POINT('Origin',(301.924112549603,-70.8049429924858,1.5));
#6993=CARTESIAN_POINT('',(301.924112549603,-71.5549429924858,2.5));
#6994=CARTESIAN_POINT('Origin',(301.924112549603,-70.8049429924858,2.5));
#6995=CARTESIAN_POINT('Origin',(301.924112549603,-70.8049429924858,2.5));
#6996=CARTESIAN_POINT('Origin',(302.174112549603,-70.8049429924858,2.5));
#6997=CARTESIAN_POINT('',(302.174112549603,-71.5549429924858,2.5));
#6998=CARTESIAN_POINT('Origin',(301.924112549603,-63.3049429924858,5.));
#6999=CARTESIAN_POINT('',(301.924112549603,-63.3049429924858,4.25));
#7000=CARTESIAN_POINT('Origin',(301.924112549603,-63.3049429924858,4.));
#7001=CARTESIAN_POINT('',(301.924112549603,-64.0549429924858,5.));
#7002=CARTESIAN_POINT('Origin',(301.924112549603,-63.3049429924858,5.));
#7003=CARTESIAN_POINT('Origin',(301.924112549603,-63.3049429924858,5.));
#7004=CARTESIAN_POINT('Origin',(302.174112549603,-63.3049429924858,5.));
#7005=CARTESIAN_POINT('',(302.174112549603,-64.0549429924858,5.));
#7006=CARTESIAN_POINT('Origin',(301.924112549603,-60.8049429924858,-2.5));
#7007=CARTESIAN_POINT('',(301.924112549603,-60.8049429924858,-3.25));
#7008=CARTESIAN_POINT('Origin',(301.924112549603,-60.8049429924858,-3.5));
#7009=CARTESIAN_POINT('',(301.924112549603,-61.5549429924858,-2.5));
#7010=CARTESIAN_POINT('Origin',(301.924112549603,-60.8049429924858,-2.5));
#7011=CARTESIAN_POINT('Origin',(301.924112549603,-60.8049429924858,-2.5));
#7012=CARTESIAN_POINT('Origin',(302.174112549603,-60.8049429924858,-2.5));
#7013=CARTESIAN_POINT('',(302.174112549603,-61.5549429924858,-2.5));
#7014=CARTESIAN_POINT('Origin',(301.924112549603,-65.8049429924858,-2.5));
#7015=CARTESIAN_POINT('',(301.924112549603,-65.8049429924858,-3.25));
#7016=CARTESIAN_POINT('Origin',(301.924112549603,-65.8049429924858,-3.5));
#7017=CARTESIAN_POINT('',(301.924112549603,-66.5549429924858,-2.5));
#7018=CARTESIAN_POINT('Origin',(301.924112549603,-65.8049429924858,-2.5));
#7019=CARTESIAN_POINT('Origin',(301.924112549603,-65.8049429924858,-2.5));
#7020=CARTESIAN_POINT('Origin',(302.174112549603,-65.8049429924858,-2.5));
#7021=CARTESIAN_POINT('',(302.174112549603,-66.5549429924858,-2.5));
#7022=CARTESIAN_POINT('Origin',(301.924112549603,-65.8049429924858,2.5));
#7023=CARTESIAN_POINT('',(301.924112549603,-65.8049429924858,1.75));
#7024=CARTESIAN_POINT('Origin',(301.924112549603,-65.8049429924858,1.5));
#7025=CARTESIAN_POINT('',(301.924112549603,-66.5549429924858,2.5));
#7026=CARTESIAN_POINT('Origin',(301.924112549603,-65.8049429924858,2.5));
#7027=CARTESIAN_POINT('Origin',(301.924112549603,-65.8049429924858,2.5));
#7028=CARTESIAN_POINT('Origin',(302.174112549603,-65.8049429924858,2.5));
#7029=CARTESIAN_POINT('',(302.174112549603,-66.5549429924858,2.5));
#7030=CARTESIAN_POINT('Origin',(301.924112549603,-70.8049429924858,-2.5));
#7031=CARTESIAN_POINT('',(301.924112549603,-70.8049429924858,-3.25));
#7032=CARTESIAN_POINT('Origin',(301.924112549603,-70.8049429924858,-3.5));
#7033=CARTESIAN_POINT('',(301.924112549603,-71.5549429924858,-2.5));
#7034=CARTESIAN_POINT('Origin',(301.924112549603,-70.8049429924858,-2.5));
#7035=CARTESIAN_POINT('Origin',(301.924112549603,-70.8049429924858,-2.5));
#7036=CARTESIAN_POINT('Origin',(302.174112549603,-70.8049429924858,-2.5));
#7037=CARTESIAN_POINT('',(302.174112549603,-71.5549429924858,-2.5));
#7038=CARTESIAN_POINT('Origin',(301.924112549603,-58.3049429924858,-2.5));
#7039=CARTESIAN_POINT('',(301.924112549603,-58.3049429924858,-3.25));
#7040=CARTESIAN_POINT('Origin',(301.924112549603,-58.3049429924858,-3.5));
#7041=CARTESIAN_POINT('',(301.924112549603,-59.0549429924858,-2.5));
#7042=CARTESIAN_POINT('Origin',(301.924112549603,-58.3049429924858,-2.5));
#7043=CARTESIAN_POINT('Origin',(301.924112549603,-58.3049429924858,-2.5));
#7044=CARTESIAN_POINT('Origin',(302.174112549603,-58.3049429924858,-2.5));
#7045=CARTESIAN_POINT('',(302.174112549603,-59.0549429924858,-2.5));
#7046=CARTESIAN_POINT('Origin',(301.924112549603,-55.8049429924858,2.5));
#7047=CARTESIAN_POINT('',(301.924112549603,-55.8049429924858,1.75));
#7048=CARTESIAN_POINT('Origin',(301.924112549603,-55.8049429924858,1.5));
#7049=CARTESIAN_POINT('',(301.924112549603,-56.5549429924858,2.5));
#7050=CARTESIAN_POINT('Origin',(301.924112549603,-55.8049429924858,2.5));
#7051=CARTESIAN_POINT('Origin',(301.924112549603,-55.8049429924858,2.5));
#7052=CARTESIAN_POINT('Origin',(302.174112549603,-55.8049429924858,2.5));
#7053=CARTESIAN_POINT('',(302.174112549603,-56.5549429924858,2.5));
#7054=CARTESIAN_POINT('Origin',(301.924112549603,-55.8049429924858,-2.5));
#7055=CARTESIAN_POINT('',(301.924112549603,-55.8049429924858,-3.25));
#7056=CARTESIAN_POINT('Origin',(301.924112549603,-55.8049429924858,-3.5));
#7057=CARTESIAN_POINT('',(301.924112549603,-56.5549429924858,-2.5));
#7058=CARTESIAN_POINT('Origin',(301.924112549603,-55.8049429924858,-2.5));
#7059=CARTESIAN_POINT('Origin',(301.924112549603,-55.8049429924858,-2.5));
#7060=CARTESIAN_POINT('Origin',(302.174112549603,-55.8049429924858,-2.5));
#7061=CARTESIAN_POINT('',(302.174112549603,-56.5549429924858,-2.5));
#7062=CARTESIAN_POINT('Origin',(301.924112549603,-58.3049429924858,2.5));
#7063=CARTESIAN_POINT('',(301.924112549603,-58.3049429924858,1.75));
#7064=CARTESIAN_POINT('Origin',(301.924112549603,-58.3049429924858,1.5));
#7065=CARTESIAN_POINT('',(301.924112549603,-59.0549429924858,2.5));
#7066=CARTESIAN_POINT('Origin',(301.924112549603,-58.3049429924858,2.5));
#7067=CARTESIAN_POINT('Origin',(301.924112549603,-58.3049429924858,2.5));
#7068=CARTESIAN_POINT('Origin',(302.174112549603,-58.3049429924858,2.5));
#7069=CARTESIAN_POINT('',(302.174112549603,-59.0549429924858,2.5));
#7070=CARTESIAN_POINT('Origin',(301.924112549603,-63.3049429924858,0.));
#7071=CARTESIAN_POINT('',(301.924112549603,-63.3049429924858,-0.750000000000002));
#7072=CARTESIAN_POINT('Origin',(301.924112549603,-63.3049429924858,-1.));
#7073=CARTESIAN_POINT('',(301.924112549603,-64.0549429924858,9.18485099360517E-17));
#7074=CARTESIAN_POINT('Origin',(301.924112549603,-63.3049429924858,0.));
#7075=CARTESIAN_POINT('Origin',(301.924112549603,-63.3049429924858,0.));
#7076=CARTESIAN_POINT('Origin',(302.174112549603,-63.3049429924858,0.));
#7077=CARTESIAN_POINT('',(302.174112549603,-64.0549429924858,9.18485099360517E-17));
#7078=CARTESIAN_POINT('Origin',(301.924112549603,-68.3049429924858,2.5));
#7079=CARTESIAN_POINT('',(301.924112549603,-68.3049429924858,1.75));
#7080=CARTESIAN_POINT('Origin',(301.924112549603,-68.3049429924858,1.5));
#7081=CARTESIAN_POINT('',(301.924112549603,-69.0549429924858,2.5));
#7082=CARTESIAN_POINT('Origin',(301.924112549603,-68.3049429924858,2.5));
#7083=CARTESIAN_POINT('Origin',(301.924112549603,-68.3049429924858,2.5));
#7084=CARTESIAN_POINT('Origin',(302.174112549603,-68.3049429924858,2.5));
#7085=CARTESIAN_POINT('',(302.174112549603,-69.0549429924858,2.5));
#7086=CARTESIAN_POINT('Origin',(301.924112549603,-63.3049429924858,-5.));
#7087=CARTESIAN_POINT('',(301.924112549603,-63.3049429924858,-5.75));
#7088=CARTESIAN_POINT('Origin',(301.924112549603,-63.3049429924858,-6.));
#7089=CARTESIAN_POINT('',(301.924112549603,-64.0549429924858,-5.));
#7090=CARTESIAN_POINT('Origin',(301.924112549603,-63.3049429924858,-5.));
#7091=CARTESIAN_POINT('Origin',(301.924112549603,-63.3049429924858,-5.));
#7092=CARTESIAN_POINT('Origin',(302.174112549603,-63.3049429924858,-5.));
#7093=CARTESIAN_POINT('',(302.174112549603,-64.0549429924858,-5.));
#7094=CARTESIAN_POINT('Origin',(301.924112549603,-60.8049429924858,2.5));
#7095=CARTESIAN_POINT('',(301.924112549603,-60.8049429924858,1.75));
#7096=CARTESIAN_POINT('Origin',(301.924112549603,-60.8049429924858,1.5));
#7097=CARTESIAN_POINT('',(301.924112549603,-61.5549429924858,2.5));
#7098=CARTESIAN_POINT('Origin',(301.924112549603,-60.8049429924858,2.5));
#7099=CARTESIAN_POINT('Origin',(301.924112549603,-60.8049429924858,2.5));
#7100=CARTESIAN_POINT('Origin',(302.174112549603,-60.8049429924858,2.5));
#7101=CARTESIAN_POINT('',(302.174112549603,-61.5549429924858,2.5));
#7102=CARTESIAN_POINT('Origin',(301.924112549603,-68.3049429924858,5.));
#7103=CARTESIAN_POINT('',(301.924112549603,-68.3049429924858,4.25));
#7104=CARTESIAN_POINT('Origin',(301.924112549603,-68.3049429924858,4.));
#7105=CARTESIAN_POINT('',(301.924112549603,-69.0549429924858,5.));
#7106=CARTESIAN_POINT('Origin',(301.924112549603,-68.3049429924858,5.));
#7107=CARTESIAN_POINT('Origin',(301.924112549603,-68.3049429924858,5.));
#7108=CARTESIAN_POINT('Origin',(302.174112549603,-68.3049429924858,5.));
#7109=CARTESIAN_POINT('',(302.174112549603,-69.0549429924858,5.));
#7110=CARTESIAN_POINT('Origin',(301.924112549603,-73.3049429924858,0.));
#7111=CARTESIAN_POINT('',(301.924112549603,-73.3049429924858,-0.750000000000002));
#7112=CARTESIAN_POINT('Origin',(301.924112549603,-73.3049429924858,-1.));
#7113=CARTESIAN_POINT('',(301.924112549603,-74.0549429924858,9.18485099360517E-17));
#7114=CARTESIAN_POINT('Origin',(301.924112549603,-73.3049429924858,0.));
#7115=CARTESIAN_POINT('Origin',(301.924112549603,-73.3049429924858,0.));
#7116=CARTESIAN_POINT('Origin',(302.174112549603,-73.3049429924858,0.));
#7117=CARTESIAN_POINT('',(302.174112549603,-74.0549429924858,9.18485099360517E-17));
#7118=CARTESIAN_POINT('Origin',(301.924112549603,-75.8049429924858,0.));
#7119=CARTESIAN_POINT('',(301.924112549603,-75.8049429924858,-0.750000000000002));
#7120=CARTESIAN_POINT('Origin',(301.924112549603,-75.8049429924858,-1.));
#7121=CARTESIAN_POINT('',(301.924112549603,-76.5549429924858,9.18485099360517E-17));
#7122=CARTESIAN_POINT('Origin',(301.924112549603,-75.8049429924858,0.));
#7123=CARTESIAN_POINT('Origin',(301.924112549603,-75.8049429924858,0.));
#7124=CARTESIAN_POINT('Origin',(302.174112549603,-75.8049429924858,0.));
#7125=CARTESIAN_POINT('',(302.174112549603,-76.5549429924858,9.18485099360517E-17));
#7126=CARTESIAN_POINT('Origin',(301.924112549603,-70.8049429924858,-5.));
#7127=CARTESIAN_POINT('',(301.924112549603,-70.8049429924858,-5.75));
#7128=CARTESIAN_POINT('Origin',(301.924112549603,-70.8049429924858,-6.));
#7129=CARTESIAN_POINT('',(301.924112549603,-71.5549429924858,-5.));
#7130=CARTESIAN_POINT('Origin',(301.924112549603,-70.8049429924858,-5.));
#7131=CARTESIAN_POINT('Origin',(301.924112549603,-70.8049429924858,-5.));
#7132=CARTESIAN_POINT('Origin',(302.174112549603,-70.8049429924858,-5.));
#7133=CARTESIAN_POINT('',(302.174112549603,-71.5549429924858,-5.));
#7134=CARTESIAN_POINT('Origin',(301.924112549603,-65.8049429924858,-7.5));
#7135=CARTESIAN_POINT('',(301.924112549603,-65.8049429924858,-8.25));
#7136=CARTESIAN_POINT('Origin',(301.924112549603,-65.8049429924858,-8.5));
#7137=CARTESIAN_POINT('',(301.924112549603,-66.5549429924858,-7.5));
#7138=CARTESIAN_POINT('Origin',(301.924112549603,-65.8049429924858,-7.5));
#7139=CARTESIAN_POINT('Origin',(301.924112549603,-65.8049429924858,-7.5));
#7140=CARTESIAN_POINT('Origin',(302.174112549603,-65.8049429924858,-7.5));
#7141=CARTESIAN_POINT('',(302.174112549603,-66.5549429924858,-7.5));
#7142=CARTESIAN_POINT('Origin',(301.924112549603,-73.3049429924858,-5.));
#7143=CARTESIAN_POINT('',(301.924112549603,-73.3049429924858,-5.75));
#7144=CARTESIAN_POINT('Origin',(301.924112549603,-73.3049429924858,-6.));
#7145=CARTESIAN_POINT('',(301.924112549603,-74.0549429924858,-5.));
#7146=CARTESIAN_POINT('Origin',(301.924112549603,-73.3049429924858,-5.));
#7147=CARTESIAN_POINT('Origin',(301.924112549603,-73.3049429924858,-5.));
#7148=CARTESIAN_POINT('Origin',(302.174112549603,-73.3049429924858,-5.));
#7149=CARTESIAN_POINT('',(302.174112549603,-74.0549429924858,-5.));
#7150=CARTESIAN_POINT('Origin',(301.924112549603,-75.8049429924858,2.5));
#7151=CARTESIAN_POINT('',(301.924112549603,-75.8049429924858,1.75));
#7152=CARTESIAN_POINT('Origin',(301.924112549603,-75.8049429924858,1.5));
#7153=CARTESIAN_POINT('',(301.924112549603,-76.5549429924858,2.5));
#7154=CARTESIAN_POINT('Origin',(301.924112549603,-75.8049429924858,2.5));
#7155=CARTESIAN_POINT('Origin',(301.924112549603,-75.8049429924858,2.5));
#7156=CARTESIAN_POINT('Origin',(302.174112549603,-75.8049429924858,2.5));
#7157=CARTESIAN_POINT('',(302.174112549603,-76.5549429924858,2.5));
#7158=CARTESIAN_POINT('Origin',(301.924112549603,-70.8049429924858,0.));
#7159=CARTESIAN_POINT('',(301.924112549603,-70.8049429924858,-0.750000000000002));
#7160=CARTESIAN_POINT('Origin',(301.924112549603,-70.8049429924858,-1.));
#7161=CARTESIAN_POINT('',(301.924112549603,-71.5549429924858,9.18485099360517E-17));
#7162=CARTESIAN_POINT('Origin',(301.924112549603,-70.8049429924858,0.));
#7163=CARTESIAN_POINT('Origin',(301.924112549603,-70.8049429924858,0.));
#7164=CARTESIAN_POINT('Origin',(302.174112549603,-70.8049429924858,0.));
#7165=CARTESIAN_POINT('',(302.174112549603,-71.5549429924858,9.18485099360517E-17));
#7166=CARTESIAN_POINT('Origin',(301.924112549603,-65.8049429924858,5.));
#7167=CARTESIAN_POINT('',(301.924112549603,-65.8049429924858,4.25));
#7168=CARTESIAN_POINT('Origin',(301.924112549603,-65.8049429924858,4.));
#7169=CARTESIAN_POINT('',(301.924112549603,-66.5549429924858,5.));
#7170=CARTESIAN_POINT('Origin',(301.924112549603,-65.8049429924858,5.));
#7171=CARTESIAN_POINT('Origin',(301.924112549603,-65.8049429924858,5.));
#7172=CARTESIAN_POINT('Origin',(302.174112549603,-65.8049429924858,5.));
#7173=CARTESIAN_POINT('',(302.174112549603,-66.5549429924858,5.));
#7174=CARTESIAN_POINT('Origin',(301.924112549603,-60.8049429924858,0.));
#7175=CARTESIAN_POINT('',(301.924112549603,-60.8049429924858,-0.750000000000002));
#7176=CARTESIAN_POINT('Origin',(301.924112549603,-60.8049429924858,-1.));
#7177=CARTESIAN_POINT('',(301.924112549603,-61.5549429924858,9.18485099360517E-17));
#7178=CARTESIAN_POINT('Origin',(301.924112549603,-60.8049429924858,0.));
#7179=CARTESIAN_POINT('Origin',(301.924112549603,-60.8049429924858,0.));
#7180=CARTESIAN_POINT('Origin',(302.174112549603,-60.8049429924858,0.));
#7181=CARTESIAN_POINT('',(302.174112549603,-61.5549429924858,9.18485099360517E-17));
#7182=CARTESIAN_POINT('Origin',(301.924112549603,-63.3049429924858,-2.5));
#7183=CARTESIAN_POINT('',(301.924112549603,-63.3049429924858,-3.25));
#7184=CARTESIAN_POINT('Origin',(301.924112549603,-63.3049429924858,-3.5));
#7185=CARTESIAN_POINT('',(301.924112549603,-64.0549429924858,-2.5));
#7186=CARTESIAN_POINT('Origin',(301.924112549603,-63.3049429924858,-2.5));
#7187=CARTESIAN_POINT('Origin',(301.924112549603,-63.3049429924858,-2.5));
#7188=CARTESIAN_POINT('Origin',(302.174112549603,-63.3049429924858,-2.5));
#7189=CARTESIAN_POINT('',(302.174112549603,-64.0549429924858,-2.5));
#7190=CARTESIAN_POINT('Origin',(301.924112549603,-68.3049429924858,0.));
#7191=CARTESIAN_POINT('',(301.924112549603,-68.3049429924858,-0.750000000000002));
#7192=CARTESIAN_POINT('Origin',(301.924112549603,-68.3049429924858,-1.));
#7193=CARTESIAN_POINT('',(301.924112549603,-69.0549429924858,9.18485099360517E-17));
#7194=CARTESIAN_POINT('Origin',(301.924112549603,-68.3049429924858,0.));
#7195=CARTESIAN_POINT('Origin',(301.924112549603,-68.3049429924858,0.));
#7196=CARTESIAN_POINT('Origin',(302.174112549603,-68.3049429924858,0.));
#7197=CARTESIAN_POINT('',(302.174112549603,-69.0549429924858,9.18485099360517E-17));
#7198=CARTESIAN_POINT('Origin',(301.924112549603,-68.3049429924858,-2.5));
#7199=CARTESIAN_POINT('',(301.924112549603,-68.3049429924858,-3.25));
#7200=CARTESIAN_POINT('Origin',(301.924112549603,-68.3049429924858,-3.5));
#7201=CARTESIAN_POINT('',(301.924112549603,-69.0549429924858,-2.5));
#7202=CARTESIAN_POINT('Origin',(301.924112549603,-68.3049429924858,-2.5));
#7203=CARTESIAN_POINT('Origin',(301.924112549603,-68.3049429924858,-2.5));
#7204=CARTESIAN_POINT('Origin',(302.174112549603,-68.3049429924858,-2.5));
#7205=CARTESIAN_POINT('',(302.174112549603,-69.0549429924858,-2.5));
#7206=CARTESIAN_POINT('Origin',(301.924112549603,-58.3049429924858,5.));
#7207=CARTESIAN_POINT('',(301.924112549603,-58.3049429924858,4.25));
#7208=CARTESIAN_POINT('Origin',(301.924112549603,-58.3049429924858,4.));
#7209=CARTESIAN_POINT('',(301.924112549603,-59.0549429924858,5.));
#7210=CARTESIAN_POINT('Origin',(301.924112549603,-58.3049429924858,5.));
#7211=CARTESIAN_POINT('Origin',(301.924112549603,-58.3049429924858,5.));
#7212=CARTESIAN_POINT('Origin',(302.174112549603,-58.3049429924858,5.));
#7213=CARTESIAN_POINT('',(302.174112549603,-59.0549429924858,5.));
#7214=CARTESIAN_POINT('Origin',(301.924112549603,-55.8049429924858,0.));
#7215=CARTESIAN_POINT('',(301.924112549603,-55.8049429924858,-0.750000000000002));
#7216=CARTESIAN_POINT('Origin',(301.924112549603,-55.8049429924858,-1.));
#7217=CARTESIAN_POINT('',(301.924112549603,-56.5549429924858,9.18485099360517E-17));
#7218=CARTESIAN_POINT('Origin',(301.924112549603,-55.8049429924858,0.));
#7219=CARTESIAN_POINT('Origin',(301.924112549603,-55.8049429924858,0.));
#7220=CARTESIAN_POINT('Origin',(302.174112549603,-55.8049429924858,0.));
#7221=CARTESIAN_POINT('',(302.174112549603,-56.5549429924858,9.18485099360517E-17));
#7222=CARTESIAN_POINT('Ctrl Pts',(298.174112549603,-63.1591916814212,8.));
#7223=CARTESIAN_POINT('Ctrl Pts',(302.174112549603,-63.1591916814212,8.));
#7224=CARTESIAN_POINT('Ctrl Pts',(298.174112549603,-63.1842071534859,8.05883086045516));
#7225=CARTESIAN_POINT('Ctrl Pts',(302.174112549603,-63.1842071534859,8.05883086045516));
#7226=CARTESIAN_POINT('Ctrl Pts',(298.174112549603,-63.210896173782,8.11612501858895));
#7227=CARTESIAN_POINT('Ctrl Pts',(302.174112549603,-63.210896173782,8.11612501858895));
#7228=CARTESIAN_POINT('Ctrl Pts',(298.174112549603,-63.3903182724011,8.47125198677276));
#7229=CARTESIAN_POINT('Ctrl Pts',(302.174112549603,-63.3903182724011,8.47125198677276));
#7230=CARTESIAN_POINT('Ctrl Pts',(298.174112549603,-63.6321456203287,8.78590916919088));
#7231=CARTESIAN_POINT('Ctrl Pts',(302.174112549603,-63.6321456203287,8.78590916919088));
#7232=CARTESIAN_POINT('Ctrl Pts',(298.174112549603,-64.1236143908623,9.23120857062037));
#7233=CARTESIAN_POINT('Ctrl Pts',(302.174112549603,-64.1236143908623,9.23120857062037));
#7234=CARTESIAN_POINT('Ctrl Pts',(298.174112549603,-64.4294840791731,9.42488028743492));
#7235=CARTESIAN_POINT('Ctrl Pts',(302.174112549603,-64.4294840791731,9.42488028743492));
#7236=CARTESIAN_POINT('Ctrl Pts',(298.174112549603,-65.0967827412779,9.68432032247815));
#7237=CARTESIAN_POINT('Ctrl Pts',(302.174112549603,-65.0967827412779,9.68432032247815));
#7238=CARTESIAN_POINT('Ctrl Pts',(298.174112549603,-65.4593925085959,9.74999999999999));
#7239=CARTESIAN_POINT('Ctrl Pts',(302.174112549603,-65.4593925085959,9.74999999999999));
#7240=CARTESIAN_POINT('Ctrl Pts',(298.174112549603,-66.1504934763756,9.74999999999999));
#7241=CARTESIAN_POINT('Ctrl Pts',(302.174112549603,-66.1504934763756,9.74999999999999));
#7242=CARTESIAN_POINT('Ctrl Pts',(298.174112549603,-66.5131032436936,9.68432032247815));
#7243=CARTESIAN_POINT('Ctrl Pts',(302.174112549603,-66.5131032436936,9.68432032247815));
#7244=CARTESIAN_POINT('Ctrl Pts',(298.174112549603,-67.1804019057985,9.42488028743492));
#7245=CARTESIAN_POINT('Ctrl Pts',(302.174112549603,-67.1804019057985,9.42488028743492));
#7246=CARTESIAN_POINT('Ctrl Pts',(298.174112549603,-67.4862715941092,9.23120857062037));
#7247=CARTESIAN_POINT('Ctrl Pts',(302.174112549603,-67.4862715941092,9.23120857062037));
#7248=CARTESIAN_POINT('Ctrl Pts',(298.174112549603,-67.9777403646429,8.78590916919088));
#7249=CARTESIAN_POINT('Ctrl Pts',(302.174112549603,-67.9777403646429,8.78590916919088));
#7250=CARTESIAN_POINT('Ctrl Pts',(298.174112549603,-68.2195677125704,8.47125198677276));
#7251=CARTESIAN_POINT('Ctrl Pts',(302.174112549603,-68.2195677125704,8.47125198677276));
#7252=CARTESIAN_POINT('Ctrl Pts',(298.174112549603,-68.3989898111895,8.11612501858895));
#7253=CARTESIAN_POINT('Ctrl Pts',(302.174112549603,-68.3989898111895,8.11612501858895));
#7254=CARTESIAN_POINT('Ctrl Pts',(298.174112549603,-68.4256788314856,8.05883086045516));
#7255=CARTESIAN_POINT('Ctrl Pts',(302.174112549603,-68.4256788314856,8.05883086045516));
#7256=CARTESIAN_POINT('Ctrl Pts',(298.174112549603,-68.4506943035503,8.));
#7257=CARTESIAN_POINT('Ctrl Pts',(302.174112549603,-68.4506943035503,8.));
#7258=CARTESIAN_POINT('',(298.174112549603,-63.1591916814212,8.));
#7259=CARTESIAN_POINT('Origin',(298.174112549603,-61.6098859849715,8.));
#7260=CARTESIAN_POINT('',(0.,0.,0.));
#7261=CARTESIAN_POINT('Origin',(281.124112549603,-70.,2.));
#7262=CARTESIAN_POINT('',(281.124112549603,-70.,2.));
#7263=CARTESIAN_POINT('',(281.124112549603,-62.38,2.));
#7264=CARTESIAN_POINT('',(281.124112549603,-70.,2.));
#7265=CARTESIAN_POINT('',(281.124112549603,-62.38,5.55111512312578E-16));
#7266=CARTESIAN_POINT('',(281.124112549603,-62.38,2.));
#7267=CARTESIAN_POINT('',(281.124112549603,-70.,5.55111512312578E-16));
#7268=CARTESIAN_POINT('',(281.124112549603,-70.,5.55111512312578E-16));
#7269=CARTESIAN_POINT('',(281.124112549603,-70.,2.));
#7270=CARTESIAN_POINT('Origin',(300.174112549603,-70.,2.));
#7271=CARTESIAN_POINT('',(300.174112549603,-70.,2.));
#7272=CARTESIAN_POINT('',(300.174112549603,-70.,2.));
#7273=CARTESIAN_POINT('',(300.174112549603,-70.,5.55111512312578E-16));
#7274=CARTESIAN_POINT('',(300.174112549603,-70.,5.55111512312578E-16));
#7275=CARTESIAN_POINT('',(300.174112549603,-70.,2.));
#7276=CARTESIAN_POINT('Origin',(300.174112549603,-62.38,2.));
#7277=CARTESIAN_POINT('',(300.174112549603,-62.38,2.));
#7278=CARTESIAN_POINT('',(300.174112549603,-62.38,2.));
#7279=CARTESIAN_POINT('',(300.174112549603,-62.38,5.55111512312578E-16));
#7280=CARTESIAN_POINT('',(300.174112549603,-62.38,5.55111512312578E-16));
#7281=CARTESIAN_POINT('',(300.174112549603,-62.38,2.));
#7282=CARTESIAN_POINT('Origin',(281.124112549603,-62.38,2.));
#7283=CARTESIAN_POINT('',(281.124112549603,-62.38,2.));
#7284=CARTESIAN_POINT('',(281.124112549603,-62.38,5.55111512312578E-16));
#7285=CARTESIAN_POINT('Origin',(290.649112549603,-66.19,2.));
#7286=CARTESIAN_POINT('Origin',(290.649112549603,-66.19,5.55111512312578E-16));
#7287=CARTESIAN_POINT('',(0.,0.,0.));
#7288=CARTESIAN_POINT('Ctrl Pts',(276.774112549603,-63.1591916814212,8.));
#7289=CARTESIAN_POINT('Ctrl Pts',(278.774112549603,-63.1591916814212,8.));
#7290=CARTESIAN_POINT('Ctrl Pts',(276.774112549603,-63.3079537980875,8.34985561351704));
#7291=CARTESIAN_POINT('Ctrl Pts',(278.774112549603,-63.3079537980875,8.34985561351704));
#7292=CARTESIAN_POINT('Ctrl Pts',(276.774112549603,-63.5246428121514,8.66675478378916));
#7293=CARTESIAN_POINT('Ctrl Pts',(278.774112549603,-63.5246428121514,8.66675478378916));
#7294=CARTESIAN_POINT('Ctrl Pts',(276.774112549603,-64.0648777382999,9.19410775139013));
#7295=CARTESIAN_POINT('Ctrl Pts',(278.774112549603,-64.0648777382999,9.19410775139013));
#7296=CARTESIAN_POINT('Ctrl Pts',(276.774112549603,-64.3816896067354,9.40095282048834));
#7297=CARTESIAN_POINT('Ctrl Pts',(278.774112549603,-64.3816896067354,9.40095282048834));
#7298=CARTESIAN_POINT('Ctrl Pts',(276.774112549603,-65.0740579013317,9.68029433681007));
#7299=CARTESIAN_POINT('Ctrl Pts',(278.774112549603,-65.0740579013317,9.68029433681007));
#7300=CARTESIAN_POINT('Ctrl Pts',(276.774112549603,-65.4425993783944,9.75120869165247));
#7301=CARTESIAN_POINT('Ctrl Pts',(278.774112549603,-65.4425993783944,9.75120869165247));
#7302=CARTESIAN_POINT('Ctrl Pts',(276.774112549603,-66.1951210584943,9.74873082772555));
#7303=CARTESIAN_POINT('Ctrl Pts',(278.774112549603,-66.1951210584943,9.74873082772555));
#7304=CARTESIAN_POINT('Ctrl Pts',(276.774112549603,-66.5718189616495,9.67186771967025));
#7305=CARTESIAN_POINT('Ctrl Pts',(278.774112549603,-66.5718189616495,9.67186771967025));
#7306=CARTESIAN_POINT('Ctrl Pts',(276.774112549603,-67.259075642806,9.38189141373287));
#7307=CARTESIAN_POINT('Ctrl Pts',(278.774112549603,-67.259075642806,9.38189141373287));
#7308=CARTESIAN_POINT('Ctrl Pts',(276.774112549603,-67.5654496228469,9.17709094725416));
#7309=CARTESIAN_POINT('Ctrl Pts',(278.774112549603,-67.5654496228469,9.17709094725416));
#7310=CARTESIAN_POINT('Ctrl Pts',(276.774112549603,-68.0917043982951,8.6572948217369));
#7311=CARTESIAN_POINT('Ctrl Pts',(278.774112549603,-68.0917043982951,8.6572948217369));
#7312=CARTESIAN_POINT('Ctrl Pts',(276.774112549603,-68.30416268052,8.34460998555096));
#7313=CARTESIAN_POINT('Ctrl Pts',(278.774112549603,-68.30416268052,8.34460998555096));
#7314=CARTESIAN_POINT('Ctrl Pts',(276.774112549603,-68.4506943035503,7.99999999999999));
#7315=CARTESIAN_POINT('Ctrl Pts',(278.774112549603,-68.4506943035503,7.99999999999999));
#7316=CARTESIAN_POINT('',(276.774112549603,-68.4506943035503,8.));
#7317=CARTESIAN_POINT('',(276.774112549603,-63.1591916814212,8.));
#7318=CARTESIAN_POINT('Ctrl Pts',(276.774112549603,-68.4506943035503,7.99999999999999));
#7319=CARTESIAN_POINT('Ctrl Pts',(276.774112549603,-68.30416268052,8.34460998555096));
#7320=CARTESIAN_POINT('Ctrl Pts',(276.774112549603,-68.0917043982951,8.6572948217369));
#7321=CARTESIAN_POINT('Ctrl Pts',(276.774112549603,-67.8252845121224,8.92044497457944));
#7322=CARTESIAN_POINT('Ctrl Pts',(276.774112549603,-67.5654496228469,9.17709094725416));
#7323=CARTESIAN_POINT('Ctrl Pts',(276.774112549603,-67.259075642806,9.38189141373287));
#7324=CARTESIAN_POINT('Ctrl Pts',(276.774112549603,-66.9225874730868,9.52386689265089));
#7325=CARTESIAN_POINT('Ctrl Pts',(276.774112549603,-66.5718189616495,9.67186771967025));
#7326=CARTESIAN_POINT('Ctrl Pts',(276.774112549603,-66.1951210584943,9.74873082772555));
#7327=CARTESIAN_POINT('Ctrl Pts',(276.774112549603,-65.8144095904051,9.74998441448363));
#7328=CARTESIAN_POINT('Ctrl Pts',(276.774112549603,-65.4425993783944,9.75120869165247));
#7329=CARTESIAN_POINT('Ctrl Pts',(276.774112549603,-65.0740579013317,9.68029433681007));
#7330=CARTESIAN_POINT('Ctrl Pts',(276.774112549603,-64.7292515947207,9.54117947947511));
#7331=CARTESIAN_POINT('Ctrl Pts',(276.774112549603,-64.3816896067354,9.40095282048834));
#7332=CARTESIAN_POINT('Ctrl Pts',(276.774112549603,-64.0648777382999,9.19410775139013));
#7333=CARTESIAN_POINT('Ctrl Pts',(276.774112549603,-63.7966873917018,8.93231243177105));
#7334=CARTESIAN_POINT('Ctrl Pts',(276.774112549603,-63.5246428121514,8.66675478378916));
#7335=CARTESIAN_POINT('Ctrl Pts',(276.774112549603,-63.3079537980875,8.34985561351704));
#7336=CARTESIAN_POINT('Ctrl Pts',(276.774112549603,-63.1591916814212,8.));
#7337=CARTESIAN_POINT('',(278.774112549603,-68.4506943035503,8.));
#7338=CARTESIAN_POINT('',(276.774112549603,-68.4506943035503,8.));
#7339=CARTESIAN_POINT('',(278.774112549603,-63.1591916814212,8.));
#7340=CARTESIAN_POINT('Ctrl Pts',(278.774112549603,-63.1591916814212,8.));
#7341=CARTESIAN_POINT('Ctrl Pts',(278.774112549603,-63.3079537980875,8.34985561351704));
#7342=CARTESIAN_POINT('Ctrl Pts',(278.774112549603,-63.5246428121514,8.66675478378916));
#7343=CARTESIAN_POINT('Ctrl Pts',(278.774112549603,-63.7966873917018,8.93231243177105));
#7344=CARTESIAN_POINT('Ctrl Pts',(278.774112549603,-64.0648777382999,9.19410775139013));
#7345=CARTESIAN_POINT('Ctrl Pts',(278.774112549603,-64.3816896067354,9.40095282048834));
#7346=CARTESIAN_POINT('Ctrl Pts',(278.774112549603,-64.7292515947207,9.54117947947511));
#7347=CARTESIAN_POINT('Ctrl Pts',(278.774112549603,-65.0740579013317,9.68029433681007));
#7348=CARTESIAN_POINT('Ctrl Pts',(278.774112549603,-65.4425993783944,9.75120869165247));
#7349=CARTESIAN_POINT('Ctrl Pts',(278.774112549603,-65.8144095904051,9.74998441448363));
#7350=CARTESIAN_POINT('Ctrl Pts',(278.774112549603,-66.1951210584943,9.74873082772555));
#7351=CARTESIAN_POINT('Ctrl Pts',(278.774112549603,-66.5718189616495,9.67186771967025));
#7352=CARTESIAN_POINT('Ctrl Pts',(278.774112549603,-66.9225874730868,9.52386689265089));
#7353=CARTESIAN_POINT('Ctrl Pts',(278.774112549603,-67.259075642806,9.38189141373287));
#7354=CARTESIAN_POINT('Ctrl Pts',(278.774112549603,-67.5654496228469,9.17709094725416));
#7355=CARTESIAN_POINT('Ctrl Pts',(278.774112549603,-67.8252845121224,8.92044497457944));
#7356=CARTESIAN_POINT('Ctrl Pts',(278.774112549603,-68.0917043982951,8.6572948217369));
#7357=CARTESIAN_POINT('Ctrl Pts',(278.774112549603,-68.30416268052,8.34460998555096));
#7358=CARTESIAN_POINT('Ctrl Pts',(278.774112549603,-68.4506943035503,7.99999999999999));
#7359=CARTESIAN_POINT('',(276.774112549603,-63.1591916814212,8.));
#7360=CARTESIAN_POINT('Origin',(276.774112549603,-65.8049429924858,6.875));
#7361=CARTESIAN_POINT('Origin',(276.774112549603,-65.8049429924858,6.875));
#7362=CARTESIAN_POINT('Origin',(278.774112549603,-65.8049429924858,6.875));
#7363=CARTESIAN_POINT('Origin',(278.774112549603,-65.8049429924858,6.87720382415011));
#7364=CARTESIAN_POINT('Origin',(276.774112549603,-65.8049429924858,6.87720382415011));
#7365=CARTESIAN_POINT('',(0.,0.,0.));
#7366=CARTESIAN_POINT('Ctrl Pts',(276.774112549603,-68.4506943035503,-8.));
#7367=CARTESIAN_POINT('Ctrl Pts',(278.774112549603,-68.4506943035503,-8.));
#7368=CARTESIAN_POINT('Ctrl Pts',(276.774112549603,-68.301932186884,-8.34985561351705));
#7369=CARTESIAN_POINT('Ctrl Pts',(278.774112549603,-68.301932186884,-8.34985561351705));
#7370=CARTESIAN_POINT('Ctrl Pts',(276.774112549603,-68.0852431728201,-8.66675478378918));
#7371=CARTESIAN_POINT('Ctrl Pts',(278.774112549603,-68.0852431728201,-8.66675478378918));
#7372=CARTESIAN_POINT('Ctrl Pts',(276.774112549603,-67.5450082466716,-9.19410775139017));
#7373=CARTESIAN_POINT('Ctrl Pts',(278.774112549603,-67.5450082466716,-9.19410775139017));
#7374=CARTESIAN_POINT('Ctrl Pts',(276.774112549603,-67.228196378236,-9.40095282048839));
#7375=CARTESIAN_POINT('Ctrl Pts',(278.774112549603,-67.228196378236,-9.40095282048839));
#7376=CARTESIAN_POINT('Ctrl Pts',(276.774112549603,-66.5358280836398,-9.68029433681007));
#7377=CARTESIAN_POINT('Ctrl Pts',(278.774112549603,-66.5358280836398,-9.68029433681007));
#7378=CARTESIAN_POINT('Ctrl Pts',(276.774112549603,-66.1672866065771,-9.75120869165246));
#7379=CARTESIAN_POINT('Ctrl Pts',(278.774112549603,-66.1672866065771,-9.75120869165246));
#7380=CARTESIAN_POINT('Ctrl Pts',(276.774112549603,-65.4147649264773,-9.74873082772557));
#7381=CARTESIAN_POINT('Ctrl Pts',(278.774112549603,-65.4147649264773,-9.74873082772557));
#7382=CARTESIAN_POINT('Ctrl Pts',(276.774112549603,-65.0380670233221,-9.67186771967028));
#7383=CARTESIAN_POINT('Ctrl Pts',(278.774112549603,-65.0380670233221,-9.67186771967028));
#7384=CARTESIAN_POINT('Ctrl Pts',(276.774112549603,-64.3508103421656,-9.38189141373292));
#7385=CARTESIAN_POINT('Ctrl Pts',(278.774112549603,-64.3508103421656,-9.38189141373292));
#7386=CARTESIAN_POINT('Ctrl Pts',(276.774112549603,-64.0444363621247,-9.1770909472542));
#7387=CARTESIAN_POINT('Ctrl Pts',(278.774112549603,-64.0444363621247,-9.1770909472542));
#7388=CARTESIAN_POINT('Ctrl Pts',(276.774112549603,-63.5181815866764,-8.65729482173694));
#7389=CARTESIAN_POINT('Ctrl Pts',(278.774112549603,-63.5181815866764,-8.65729482173694));
#7390=CARTESIAN_POINT('Ctrl Pts',(276.774112549603,-63.3057233044515,-8.34460998555098));
#7391=CARTESIAN_POINT('Ctrl Pts',(278.774112549603,-63.3057233044515,-8.34460998555098));
#7392=CARTESIAN_POINT('Ctrl Pts',(276.774112549603,-63.1591916814212,-8.00000000000001));
#7393=CARTESIAN_POINT('Ctrl Pts',(278.774112549603,-63.1591916814212,-8.00000000000001));
#7394=CARTESIAN_POINT('',(276.774112549603,-63.1591916814212,-8.));
#7395=CARTESIAN_POINT('',(276.774112549603,-68.4506943035503,-8.));
#7396=CARTESIAN_POINT('Ctrl Pts',(276.774112549603,-63.1591916814212,-8.00000000000001));
#7397=CARTESIAN_POINT('Ctrl Pts',(276.774112549603,-63.3057233044515,-8.34460998555098));
#7398=CARTESIAN_POINT('Ctrl Pts',(276.774112549603,-63.5181815866764,-8.65729482173694));
#7399=CARTESIAN_POINT('Ctrl Pts',(276.774112549603,-63.7846014728492,-8.92044497457949));
#7400=CARTESIAN_POINT('Ctrl Pts',(276.774112549603,-64.0444363621247,-9.1770909472542));
#7401=CARTESIAN_POINT('Ctrl Pts',(276.774112549603,-64.3508103421656,-9.38189141373292));
#7402=CARTESIAN_POINT('Ctrl Pts',(276.774112549603,-64.6872985118848,-9.52386689265093));
#7403=CARTESIAN_POINT('Ctrl Pts',(276.774112549603,-65.0380670233221,-9.67186771967028));
#7404=CARTESIAN_POINT('Ctrl Pts',(276.774112549603,-65.4147649264773,-9.74873082772557));
#7405=CARTESIAN_POINT('Ctrl Pts',(276.774112549603,-65.7954763945665,-9.74998441448364));
#7406=CARTESIAN_POINT('Ctrl Pts',(276.774112549603,-66.1672866065771,-9.75120869165246));
#7407=CARTESIAN_POINT('Ctrl Pts',(276.774112549603,-66.5358280836398,-9.68029433681007));
#7408=CARTESIAN_POINT('Ctrl Pts',(276.774112549603,-66.8806343902507,-9.54117947947515));
#7409=CARTESIAN_POINT('Ctrl Pts',(276.774112549603,-67.228196378236,-9.40095282048839));
#7410=CARTESIAN_POINT('Ctrl Pts',(276.774112549603,-67.5450082466716,-9.19410775139017));
#7411=CARTESIAN_POINT('Ctrl Pts',(276.774112549603,-67.8131985932697,-8.93231243177108));
#7412=CARTESIAN_POINT('Ctrl Pts',(276.774112549603,-68.0852431728201,-8.66675478378918));
#7413=CARTESIAN_POINT('Ctrl Pts',(276.774112549603,-68.301932186884,-8.34985561351705));
#7414=CARTESIAN_POINT('Ctrl Pts',(276.774112549603,-68.4506943035503,-8.));
#7415=CARTESIAN_POINT('',(278.774112549603,-63.1591916814212,-8.));
#7416=CARTESIAN_POINT('',(276.774112549603,-63.1591916814212,-8.));
#7417=CARTESIAN_POINT('',(278.774112549603,-68.4506943035503,-8.));
#7418=CARTESIAN_POINT('Ctrl Pts',(278.774112549603,-68.4506943035503,-8.));
#7419=CARTESIAN_POINT('Ctrl Pts',(278.774112549603,-68.301932186884,-8.34985561351705));
#7420=CARTESIAN_POINT('Ctrl Pts',(278.774112549603,-68.0852431728201,-8.66675478378918));
#7421=CARTESIAN_POINT('Ctrl Pts',(278.774112549603,-67.8131985932697,-8.93231243177108));
#7422=CARTESIAN_POINT('Ctrl Pts',(278.774112549603,-67.5450082466716,-9.19410775139017));
#7423=CARTESIAN_POINT('Ctrl Pts',(278.774112549603,-67.228196378236,-9.40095282048839));
#7424=CARTESIAN_POINT('Ctrl Pts',(278.774112549603,-66.8806343902507,-9.54117947947515));
#7425=CARTESIAN_POINT('Ctrl Pts',(278.774112549603,-66.5358280836398,-9.68029433681007));
#7426=CARTESIAN_POINT('Ctrl Pts',(278.774112549603,-66.1672866065771,-9.75120869165246));
#7427=CARTESIAN_POINT('Ctrl Pts',(278.774112549603,-65.7954763945665,-9.74998441448364));
#7428=CARTESIAN_POINT('Ctrl Pts',(278.774112549603,-65.4147649264773,-9.74873082772557));
#7429=CARTESIAN_POINT('Ctrl Pts',(278.774112549603,-65.0380670233221,-9.67186771967028));
#7430=CARTESIAN_POINT('Ctrl Pts',(278.774112549603,-64.6872985118848,-9.52386689265093));
#7431=CARTESIAN_POINT('Ctrl Pts',(278.774112549603,-64.3508103421656,-9.38189141373292));
#7432=CARTESIAN_POINT('Ctrl Pts',(278.774112549603,-64.0444363621247,-9.1770909472542));
#7433=CARTESIAN_POINT('Ctrl Pts',(278.774112549603,-63.7846014728492,-8.92044497457949));
#7434=CARTESIAN_POINT('Ctrl Pts',(278.774112549603,-63.5181815866764,-8.65729482173694));
#7435=CARTESIAN_POINT('Ctrl Pts',(278.774112549603,-63.3057233044515,-8.34460998555098));
#7436=CARTESIAN_POINT('Ctrl Pts',(278.774112549603,-63.1591916814212,-8.00000000000001));
#7437=CARTESIAN_POINT('',(276.774112549603,-68.4506943035503,-8.));
#7438=CARTESIAN_POINT('Origin',(276.774112549603,-65.8049429924858,-6.875));
#7439=CARTESIAN_POINT('Origin',(276.774112549603,-65.8049429924858,-6.875));
#7440=CARTESIAN_POINT('Origin',(278.774112549603,-65.8049429924858,-6.875));
#7441=CARTESIAN_POINT('Origin',(278.774112549603,-65.8049429924858,-6.8772038241501));
#7442=CARTESIAN_POINT('Origin',(276.774112549603,-65.8049429924858,-6.8772038241501));
#7443=CARTESIAN_POINT('',(0.,0.,0.));
#7444=CARTESIAN_POINT('',(0.,0.,0.));
#7445=CARTESIAN_POINT('',(0.,0.,0.));
#7446=CARTESIAN_POINT('',(0.,0.,0.));
#7447=CARTESIAN_POINT('',(0.,0.,0.));
#7448=CARTESIAN_POINT('',(0.,0.,0.));
#7449=UNCERTAINTY_MEASURE_WITH_UNIT(LENGTH_MEASURE(0.01),#7465,
'DISTANCE_ACCURACY_VALUE',
'Maximum model space distance between geometric entities at asserted c
onnectivities');
#7450=UNCERTAINTY_MEASURE_WITH_UNIT(LENGTH_MEASURE(0.01),#7465,
'DISTANCE_ACCURACY_VALUE',
'Maximum model space distance between geometric entities at asserted c
onnectivities');
#7451=UNCERTAINTY_MEASURE_WITH_UNIT(LENGTH_MEASURE(0.01),#7465,
'DISTANCE_ACCURACY_VALUE',
'Maximum model space distance between geometric entities at asserted c
onnectivities');
#7452=UNCERTAINTY_MEASURE_WITH_UNIT(LENGTH_MEASURE(0.01),#7465,
'DISTANCE_ACCURACY_VALUE',
'Maximum model space distance between geometric entities at asserted c
onnectivities');
#7453=UNCERTAINTY_MEASURE_WITH_UNIT(LENGTH_MEASURE(0.01),#7465,
'DISTANCE_ACCURACY_VALUE',
'Maximum model space distance between geometric entities at asserted c
onnectivities');
#7454=UNCERTAINTY_MEASURE_WITH_UNIT(LENGTH_MEASURE(0.01),#7465,
'DISTANCE_ACCURACY_VALUE',
'Maximum model space distance between geometric entities at asserted c
onnectivities');
#7455=UNCERTAINTY_MEASURE_WITH_UNIT(LENGTH_MEASURE(0.01),#7465,
'DISTANCE_ACCURACY_VALUE',
'Maximum model space distance between geometric entities at asserted c
onnectivities');
#7456=UNCERTAINTY_MEASURE_WITH_UNIT(LENGTH_MEASURE(0.01),#7465,
'DISTANCE_ACCURACY_VALUE',
'Maximum model space distance between geometric entities at asserted c
onnectivities');
#7457=(
GEOMETRIC_REPRESENTATION_CONTEXT(3)
GLOBAL_UNCERTAINTY_ASSIGNED_CONTEXT((#7449))
GLOBAL_UNIT_ASSIGNED_CONTEXT((#7465,#7467,#7468))
REPRESENTATION_CONTEXT('','3D')
);
#7458=(
GEOMETRIC_REPRESENTATION_CONTEXT(3)
GLOBAL_UNCERTAINTY_ASSIGNED_CONTEXT((#7450))
GLOBAL_UNIT_ASSIGNED_CONTEXT((#7465,#7467,#7468))
REPRESENTATION_CONTEXT('','3D')
);
#7459=(
GEOMETRIC_REPRESENTATION_CONTEXT(3)
GLOBAL_UNCERTAINTY_ASSIGNED_CONTEXT((#7451))
GLOBAL_UNIT_ASSIGNED_CONTEXT((#7465,#7467,#7468))
REPRESENTATION_CONTEXT('','3D')
);
#7460=(
GEOMETRIC_REPRESENTATION_CONTEXT(3)
GLOBAL_UNCERTAINTY_ASSIGNED_CONTEXT((#7452))
GLOBAL_UNIT_ASSIGNED_CONTEXT((#7465,#7467,#7468))
REPRESENTATION_CONTEXT('','3D')
);
#7461=(
GEOMETRIC_REPRESENTATION_CONTEXT(3)
GLOBAL_UNCERTAINTY_ASSIGNED_CONTEXT((#7453))
GLOBAL_UNIT_ASSIGNED_CONTEXT((#7465,#7467,#7468))
REPRESENTATION_CONTEXT('','3D')
);
#7462=(
GEOMETRIC_REPRESENTATION_CONTEXT(3)
GLOBAL_UNCERTAINTY_ASSIGNED_CONTEXT((#7454))
GLOBAL_UNIT_ASSIGNED_CONTEXT((#7465,#7467,#7468))
REPRESENTATION_CONTEXT('','3D')
);
#7463=(
GEOMETRIC_REPRESENTATION_CONTEXT(3)
GLOBAL_UNCERTAINTY_ASSIGNED_CONTEXT((#7455))
GLOBAL_UNIT_ASSIGNED_CONTEXT((#7465,#7467,#7468))
REPRESENTATION_CONTEXT('','3D')
);
#7464=(
GEOMETRIC_REPRESENTATION_CONTEXT(3)
GLOBAL_UNCERTAINTY_ASSIGNED_CONTEXT((#7456))
GLOBAL_UNIT_ASSIGNED_CONTEXT((#7465,#7467,#7468))
REPRESENTATION_CONTEXT('','3D')
);
#7465=(
LENGTH_UNIT()
NAMED_UNIT(*)
SI_UNIT(.MILLI.,.METRE.)
);
#7466=(
LENGTH_UNIT()
NAMED_UNIT(*)
SI_UNIT($,.METRE.)
);
#7467=(
NAMED_UNIT(*)
PLANE_ANGLE_UNIT()
SI_UNIT($,.RADIAN.)
);
#7468=(
NAMED_UNIT(*)
SI_UNIT($,.STERADIAN.)
SOLID_ANGLE_UNIT()
);
#7469=SHAPE_DEFINITION_REPRESENTATION(#7476,#7489);
#7470=SHAPE_DEFINITION_REPRESENTATION(#7477,#7490);
#7471=SHAPE_DEFINITION_REPRESENTATION(#7478,#7491);
#7472=SHAPE_DEFINITION_REPRESENTATION(#7479,#7492);
#7473=SHAPE_DEFINITION_REPRESENTATION(#7480,#7493);
#7474=SHAPE_DEFINITION_REPRESENTATION(#7481,#7494);
#7475=SHAPE_DEFINITION_REPRESENTATION(#7482,#7495);
#7476=PRODUCT_DEFINITION_SHAPE('',$,#7497);
#7477=PRODUCT_DEFINITION_SHAPE('',$,#7498);
#7478=PRODUCT_DEFINITION_SHAPE('',$,#7499);
#7479=PRODUCT_DEFINITION_SHAPE('',$,#7500);
#7480=PRODUCT_DEFINITION_SHAPE('',$,#7501);
#7481=PRODUCT_DEFINITION_SHAPE('',$,#7502);
#7482=PRODUCT_DEFINITION_SHAPE('',$,#7503);
#7483=PRODUCT_DEFINITION_SHAPE($,$,#29);
#7484=PRODUCT_DEFINITION_SHAPE($,$,#30);
#7485=PRODUCT_DEFINITION_SHAPE($,$,#31);
#7486=PRODUCT_DEFINITION_SHAPE($,$,#32);
#7487=PRODUCT_DEFINITION_SHAPE($,$,#33);
#7488=PRODUCT_DEFINITION_SHAPE($,$,#34);
#7489=SHAPE_REPRESENTATION('',(#3725,#4213,#4214,#4215,#4216,#4217,#4218),
#7457);
#7490=SHAPE_REPRESENTATION('',(#3726),#7458);
#7491=SHAPE_REPRESENTATION('',(#3786),#7459);
#7492=SHAPE_REPRESENTATION('',(#3835),#7460);
#7493=SHAPE_REPRESENTATION('',(#4194),#7461);
#7494=SHAPE_REPRESENTATION('',(#4201),#7462);
#7495=SHAPE_REPRESENTATION('',(#4207),#7463);
#7496=PRODUCT_DEFINITION_CONTEXT('part definition',#7519,'design');
#7497=PRODUCT_DEFINITION('Case','Case v42',#7504,#7496);
#7498=PRODUCT_DEFINITION('Component28','Component28',#7505,#7496);
#7499=PRODUCT_DEFINITION('Weathercase','Weathercase',#7506,#7496);
#7500=PRODUCT_DEFINITION('Component30','Component30',#7507,#7496);
#7501=PRODUCT_DEFINITION('WeatherSensor','WeatherSensor',#7508,#7496);
#7502=PRODUCT_DEFINITION('WeatherMag','WeatherMag',#7509,#7496);
#7503=PRODUCT_DEFINITION('WeatherMag (1)','WeatherMag (1)',#7510,#7496);
#7504=PRODUCT_DEFINITION_FORMATION('',$,#7521);
#7505=PRODUCT_DEFINITION_FORMATION('',$,#7522);
#7506=PRODUCT_DEFINITION_FORMATION('',$,#7523);
#7507=PRODUCT_DEFINITION_FORMATION('',$,#7524);
#7508=PRODUCT_DEFINITION_FORMATION('',$,#7525);
#7509=PRODUCT_DEFINITION_FORMATION('',$,#7526);
#7510=PRODUCT_DEFINITION_FORMATION('',$,#7527);
#7511=PRODUCT_RELATED_PRODUCT_CATEGORY('Case v42','Case v42',(#7521));
#7512=PRODUCT_RELATED_PRODUCT_CATEGORY('Component28','Component28',(#7522));
#7513=PRODUCT_RELATED_PRODUCT_CATEGORY('Weathercase','Weathercase',(#7523));
#7514=PRODUCT_RELATED_PRODUCT_CATEGORY('Component30','Component30',(#7524));
#7515=PRODUCT_RELATED_PRODUCT_CATEGORY('WeatherSensor','WeatherSensor',
(#7525));
#7516=PRODUCT_RELATED_PRODUCT_CATEGORY('WeatherMag','WeatherMag',(#7526));
#7517=PRODUCT_RELATED_PRODUCT_CATEGORY('WeatherMag (1)',
'WeatherMag (1)',(#7527));
#7518=APPLICATION_PROTOCOL_DEFINITION('international standard',
'automotive_design',2009,#7519);
#7519=APPLICATION_CONTEXT(
'Core Data for Automotive Mechanical Design Process');
#7520=PRODUCT_CONTEXT('part definition',#7519,'mechanical');
#7521=PRODUCT('Case','Case v42',$,(#7520));
#7522=PRODUCT('Component28','Component28',$,(#7520));
#7523=PRODUCT('Weathercase','Weathercase',$,(#7520));
#7524=PRODUCT('Component30','Component30',$,(#7520));
#7525=PRODUCT('WeatherSensor','WeatherSensor',$,(#7520));
#7526=PRODUCT('WeatherMag','WeatherMag',$,(#7520));
#7527=PRODUCT('WeatherMag (1)','WeatherMag (1)',$,(#7520));
#7528=PRESENTATION_STYLE_ASSIGNMENT((#7530));
#7529=PRESENTATION_STYLE_ASSIGNMENT((#7531));
#7530=SURFACE_STYLE_USAGE(.BOTH.,#7532);
#7531=SURFACE_STYLE_USAGE(.BOTH.,#7533);
#7532=SURFACE_SIDE_STYLE('',(#7534));
#7533=SURFACE_SIDE_STYLE('',(#7535));
#7534=SURFACE_STYLE_FILL_AREA(#7536);
#7535=SURFACE_STYLE_FILL_AREA(#7537);
#7536=FILL_AREA_STYLE('Steel - Satin',(#7538));
#7537=FILL_AREA_STYLE('Aluminum - Anodized Rough (Red)',(#7539));
#7538=FILL_AREA_STYLE_COLOUR('Steel - Satin',#7540);
#7539=FILL_AREA_STYLE_COLOUR('Aluminum - Anodized Rough (Red)',#7541);
#7540=COLOUR_RGB('Steel - Satin',0.627450980392157,0.627450980392157,0.627450980392157);
#7541=COLOUR_RGB('Aluminum - Anodized Rough (Red)',0.854901960784314,0.349019607843137,
0.349019607843137);
ENDSEC;
END-ISO-10303-21;
